#ifndef GIF_FRAMES_H
#define GIF_FRAMES_H

#include <Arduino.h>
#include <pgmspace.h>

const int gif_frame_count = 48;

const unsigned char gif_frame_0[] PROGMEM = {
  0x00, 0x00, 0x00, 0x00, 0x00, 0x00, 0x00, 0x00, 0x00, 0x00, 0x00, 0x00, 0x00, 0x00, 0x00, 0x00,
  0x00, 0x00, 0x00, 0x00, 0x00, 0x00, 0x00, 0x00, 0x00, 0x00, 0x00, 0x00, 0x00, 0x00, 0x00, 0x00,
  0x00, 0x00, 0x00, 0x00, 0x00, 0x00, 0x00, 0x00, 0x00, 0x00, 0x00, 0x00, 0x00, 0x00, 0x00, 0x00,
  0x00, 0x00, 0x00, 0x00, 0x00, 0x00, 0x00, 0x00, 0x00, 0x00, 0x00, 0x00, 0x00, 0x00, 0x00, 0x00,
  0x00, 0x00, 0x00, 0x00, 0x00, 0x00, 0x00, 0x00, 0x00, 0x00, 0x00, 0x00, 0x00, 0x00, 0x00, 0x00,
  0x00, 0x00, 0x00, 0x00, 0x00, 0x00, 0x00, 0x00, 0x00, 0x00, 0x00, 0x00, 0x00, 0x00, 0x00, 0x00,
  0x00, 0x00, 0x00, 0x00, 0x00, 0x00, 0x00, 0x00, 0x00, 0x00, 0x00, 0x00, 0x00, 0x00, 0x00, 0x00,
  0x00, 0x00, 0x00, 0x00, 0x00, 0x00, 0x00, 0x00, 0x00, 0x00, 0x00, 0x00, 0x00, 0x00, 0x00, 0x00,
  0x00, 0x00, 0x00, 0x00, 0x00, 0x00, 0x00, 0x00, 0x00, 0x00, 0x00, 0x00, 0x00, 0x00, 0x00, 0x00,
  0x00, 0x00, 0x00, 0x00, 0x00, 0x00, 0x00, 0x00, 0x00, 0x00, 0x00, 0x00, 0x00, 0x00, 0x00, 0x00,
  0x00, 0x00, 0x00, 0x00, 0x00, 0x00, 0x00, 0x00, 0x00, 0x00, 0x00, 0x00, 0x00, 0x00, 0x00, 0x00,
  0x00, 0x00, 0x00, 0x00, 0x00, 0x00, 0x00, 0x05, 0x20, 0x00, 0x00, 0x00, 0x00, 0x00, 0x00, 0x00,
  0x00, 0x00, 0x00, 0x00, 0x00, 0x00, 0x00, 0x35, 0x54, 0x00, 0x00, 0x00, 0x00, 0x00, 0x00, 0x00,
  0x00, 0x00, 0x54, 0x00, 0x00, 0x00, 0x00, 0xAA, 0xAA, 0x00, 0x00, 0x00, 0x00, 0x15, 0x00, 0x00,
  0x00, 0x00, 0x40, 0x00, 0x00, 0x00, 0x00, 0xD5, 0x55, 0x00, 0x00, 0x00, 0x00, 0x22, 0x00, 0x00,
  0x00, 0x00, 0x18, 0x00, 0x00, 0x00, 0x01, 0x2A, 0xA2, 0x80, 0x00, 0x00, 0x00, 0x08, 0x00, 0x00,
  0x00, 0x00, 0x08, 0x00, 0x00, 0x00, 0x00, 0x00, 0x08, 0x00, 0x00, 0x00, 0x00, 0x10, 0x00, 0x00,
  0x00, 0x00, 0x08, 0x01, 0x55, 0x55, 0x5B, 0x6D, 0x55, 0x75, 0x55, 0x55, 0x00, 0x30, 0x00, 0x00,
  0x00, 0x00, 0x0C, 0x0E, 0xAA, 0xAA, 0xAA, 0xAA, 0xAA, 0x95, 0x55, 0x55, 0x70, 0x10, 0x00, 0x00,
  0x00, 0x00, 0x04, 0x3E, 0xDD, 0xDD, 0xDD, 0xDD, 0xF7, 0xFF, 0xBB, 0xBA, 0xF4, 0x20, 0x00, 0x00,
  0x00, 0x00, 0x04, 0x45, 0xF7, 0xF7, 0xF7, 0xF7, 0xBE, 0xD6, 0xFF, 0xEF, 0x94, 0x20, 0x00, 0x00,
  0x00, 0x00, 0x04, 0x37, 0x7E, 0xDE, 0xDF, 0x7F, 0xF7, 0xFF, 0xDA, 0xFF, 0xEA, 0x60, 0x00, 0x00,
  0x00, 0x00, 0x06, 0x57, 0xDB, 0xFF, 0xFD, 0xDA, 0xDE, 0xB6, 0xFF, 0xB6, 0xD4, 0x40, 0x00, 0x00,
  0x00, 0x00, 0x02, 0x2A, 0xFF, 0x6D, 0xB7, 0xFF, 0xFB, 0xFF, 0xDB, 0xFF, 0xD4, 0x40, 0x00, 0x00,
  0x00, 0x00, 0x02, 0x57, 0xB7, 0xF5, 0x5E, 0xAD, 0xBF, 0x6A, 0x6E, 0xDA, 0xEA, 0x40, 0x00, 0x00,
  0x00, 0x00, 0x03, 0x2B, 0xFD, 0x02, 0x43, 0xFF, 0xEB, 0x91, 0x01, 0xF7, 0xAA, 0xC0, 0x00, 0x00,
  0x00, 0x00, 0x01, 0x2E, 0xAC, 0x7F, 0xF8, 0x6A, 0xBE, 0x2F, 0xFC, 0x3E, 0xE8, 0x80, 0x00, 0x00,
  0x00, 0x00, 0x01, 0x53, 0xF1, 0xFF, 0xFF, 0x1F, 0xE8, 0xFF, 0xFF, 0x8B, 0xD5, 0x00, 0x00, 0x00,
  0x00, 0x00, 0x02, 0xAE, 0xD3, 0xFD, 0x7F, 0x9B, 0x73, 0xFE, 0xBF, 0xCF, 0x6A, 0xA0, 0x00, 0x00,
  0x00, 0x00, 0x14, 0x53, 0xC7, 0xE0, 0x1F, 0xC7, 0xD3, 0xF8, 0x0F, 0xE3, 0xD4, 0x94, 0x00, 0x00,
  0x00, 0x00, 0x22, 0xAE, 0xCF, 0xE1, 0x0F, 0xED, 0x67, 0xE0, 0x87, 0xF2, 0xD2, 0x40, 0x00, 0x00,
  0x00, 0x00, 0x48, 0x47, 0x4F, 0xC8, 0x47, 0xE7, 0xE7, 0xF2, 0x13, 0xF3, 0xD5, 0x2A, 0x00, 0x00,
  0x00, 0x00, 0x12, 0xB5, 0xCF, 0xE2, 0x0F, 0xC5, 0x57, 0xF0, 0x47, 0xE6, 0xD4, 0x84, 0x00, 0x00,
  0x00, 0x00, 0x44, 0x4B, 0x67, 0xF0, 0x3F, 0xCF, 0xE3, 0xF8, 0x0F, 0xE7, 0x6A, 0x29, 0x00, 0x00,
  0x00, 0x00, 0x21, 0x2B, 0xE3, 0xFF, 0xFF, 0x9A, 0xB9, 0xFF, 0xFF, 0xCB, 0xD4, 0x80, 0x00, 0x00,
  0x00, 0x00, 0x8A, 0x56, 0xB8, 0xFF, 0xFE, 0x3F, 0xE8, 0x7F, 0xFF, 0x1D, 0x52, 0x2A, 0x00, 0x00,
  0x00, 0x00, 0x20, 0x4B, 0xEE, 0x2F, 0xE8, 0xEA, 0xBF, 0x17, 0xF8, 0x77, 0xEA, 0x81, 0x00, 0x00,
  0x00, 0x00, 0x0A, 0x56, 0xBB, 0x90, 0x07, 0xBF, 0xED, 0xC0, 0x03, 0xDD, 0x48, 0x28, 0x00, 0x00,
  0x00, 0x00, 0x40, 0x55, 0xEE, 0xFF, 0x7A, 0xD7, 0xDB, 0x7F, 0xFE, 0xEF, 0xEA, 0x82, 0x00, 0x00,
  0x00, 0x00, 0x12, 0x4B, 0x5B, 0xAA, 0xEF, 0x7A, 0xF7, 0xDD, 0x57, 0x75, 0x54, 0x10, 0x00, 0x00,
  0x00, 0x00, 0x00, 0x57, 0xF6, 0xF7, 0xBB, 0xDF, 0x5D, 0x77, 0xFA, 0xDE, 0xCA, 0x44, 0x00, 0x00,
  0x00, 0x00, 0x0A, 0x55, 0x5D, 0xAD, 0x55, 0x52, 0xD5, 0xAA, 0x57, 0xB5, 0xE9, 0x00, 0x00, 0x00,
  0x00, 0x00, 0x00, 0x26, 0xEB, 0x7A, 0x52, 0x45, 0x24, 0x89, 0x3D, 0x6F, 0x54, 0x00, 0x00, 0x00,
  0x00, 0x00, 0x00, 0x55, 0xBE, 0xDD, 0xF7, 0xF7, 0xEF, 0xEF, 0xAB, 0xDA, 0xCA, 0x00, 0x00, 0x00,
  0x00, 0x00, 0x00, 0x16, 0xD5, 0xE8, 0xF3, 0xE7, 0xE7, 0xCF, 0x3D, 0x77, 0x64, 0x00, 0x00, 0x00,
  0x00, 0x00, 0x00, 0x4B, 0x7B, 0x5D, 0xF7, 0xF7, 0xEF, 0xEF, 0xAB, 0xAD, 0xD2, 0x00, 0x00, 0x00,
  0x00, 0x00, 0x00, 0x25, 0xAE, 0xE9, 0xF3, 0xE7, 0xE7, 0xCF, 0x36, 0xF6, 0xA8, 0x00, 0x00, 0x00,
  0x00, 0x00, 0x00, 0x2B, 0x75, 0xB4, 0x0A, 0x28, 0x28, 0x52, 0x5B, 0x5B, 0xD4, 0x00, 0x00, 0x00,
  0x00, 0x00, 0x00, 0x56, 0xDB, 0x5F, 0xF5, 0xD7, 0xD7, 0xBB, 0xED, 0xAD, 0x4A, 0x00, 0x00, 0x00,
  0x00, 0x00, 0x00, 0x09, 0xAD, 0xEA, 0xBE, 0xFD, 0x7A, 0xD6, 0xB6, 0xF7, 0x50, 0x00, 0x00, 0x00,
  0x00, 0x00, 0x00, 0x2E, 0xDA, 0xB6, 0xCB, 0x26, 0xAD, 0xBA, 0xDB, 0x5A, 0xF4, 0x00, 0x00, 0x00,
  0x00, 0x00, 0x00, 0x15, 0x25, 0x09, 0x24, 0x91, 0x42, 0x45, 0x04, 0x84, 0x50, 0x00, 0x00, 0x00,
  0x00, 0x00, 0x00, 0x02, 0x52, 0xAA, 0x92, 0x55, 0x2A, 0xA8, 0xB2, 0x52, 0x80, 0x00, 0x00, 0x00,
  0x00, 0x00, 0x00, 0x00, 0x00, 0x00, 0x00, 0x00, 0x00, 0x00, 0x00, 0x00, 0x00, 0x00, 0x00, 0x00,
  0x00, 0x00, 0x00, 0x00, 0x00, 0x00, 0x00, 0x00, 0x00, 0x00, 0x00, 0x00, 0x00, 0x00, 0x00, 0x00,
  0x00, 0x00, 0x00, 0x00, 0x00, 0x00, 0x00, 0x00, 0x00, 0x00, 0x00, 0x00, 0x00, 0x00, 0x00, 0x00,
  0x00, 0x00, 0x00, 0x00, 0x00, 0x00, 0x00, 0x00, 0x00, 0x00, 0x00, 0x00, 0x00, 0x00, 0x00, 0x00,
  0x00, 0x00, 0x00, 0x00, 0x00, 0x00, 0x00, 0x00, 0x00, 0x00, 0x00, 0x00, 0x00, 0x00, 0x00, 0x00,
  0x00, 0x00, 0x00, 0x00, 0x00, 0x00, 0x00, 0x00, 0x00, 0x00, 0x00, 0x00, 0x00, 0x00, 0x00, 0x00,
  0x00, 0x00, 0x00, 0x00, 0x00, 0x00, 0x00, 0x00, 0x00, 0x00, 0x00, 0x00, 0x00, 0x00, 0x00, 0x00,
  0x00, 0x00, 0x00, 0x00, 0x00, 0x00, 0x00, 0x00, 0x00, 0x00, 0x00, 0x00, 0x00, 0x00, 0x00, 0x00,
  0x00, 0x00, 0x00, 0x00, 0x00, 0x00, 0x00, 0x00, 0x00, 0x00, 0x00, 0x00, 0x00, 0x00, 0x00, 0x00,
  0x00, 0x00, 0x00, 0x00, 0x00, 0x00, 0x00, 0x00, 0x00, 0x00, 0x00, 0x00, 0x00, 0x00, 0x00, 0x00,
  0x00, 0x00, 0x00, 0x00, 0x00, 0x00, 0x00, 0x00, 0x00, 0x00, 0x00, 0x00, 0x00, 0x00, 0x00, 0x00
};

const unsigned char gif_frame_1[] PROGMEM = {
  0x00, 0x00, 0x00, 0x00, 0x00, 0x00, 0x00, 0x00, 0x00, 0x00, 0x00, 0x00, 0x00, 0x00, 0x00, 0x00,
  0x00, 0x00, 0x00, 0x00, 0x00, 0x00, 0x00, 0x00, 0x00, 0x00, 0x00, 0x00, 0x00, 0x00, 0x00, 0x00,
  0x00, 0x00, 0x00, 0x00, 0x00, 0x00, 0x00, 0x00, 0x00, 0x00, 0x00, 0x00, 0x00, 0x00, 0x00, 0x00,
  0x00, 0x00, 0x00, 0x00, 0x00, 0x00, 0x00, 0x00, 0x00, 0x00, 0x00, 0x00, 0x00, 0x00, 0x00, 0x00,
  0x00, 0x00, 0x00, 0x00, 0x00, 0x00, 0x00, 0x00, 0x00, 0x00, 0x00, 0x00, 0x00, 0x00, 0x00, 0x00,
  0x00, 0x00, 0x00, 0x00, 0x00, 0x00, 0x00, 0x00, 0x00, 0x00, 0x00, 0x00, 0x00, 0x00, 0x00, 0x00,
  0x00, 0x00, 0x00, 0x00, 0x00, 0x00, 0x00, 0x00, 0x00, 0x00, 0x00, 0x00, 0x00, 0x00, 0x00, 0x00,
  0x00, 0x00, 0x00, 0x00, 0x00, 0x00, 0x00, 0x00, 0x00, 0x00, 0x00, 0x00, 0x00, 0x00, 0x00, 0x00,
  0x00, 0x00, 0x00, 0x00, 0x00, 0x00, 0x00, 0x00, 0x00, 0x00, 0x00, 0x00, 0x00, 0x00, 0x00, 0x00,
  0x00, 0x00, 0x00, 0x00, 0x00, 0x00, 0x00, 0x00, 0x00, 0x00, 0x00, 0x00, 0x00, 0x00, 0x00, 0x00,
  0x00, 0x00, 0x00, 0x00, 0x00, 0x00, 0x00, 0x00, 0x00, 0x00, 0x00, 0x00, 0x00, 0x00, 0x00, 0x00,
  0x00, 0x00, 0x00, 0x00, 0x00, 0x00, 0x00, 0x05, 0x20, 0x00, 0x00, 0x00, 0x00, 0x00, 0x00, 0x00,
  0x00, 0x00, 0x00, 0x00, 0x00, 0x00, 0x00, 0x35, 0x54, 0x00, 0x00, 0x00, 0x00, 0x00, 0x00, 0x00,
  0x00, 0x00, 0x54, 0x00, 0x00, 0x00, 0x00, 0xAA, 0xAA, 0x00, 0x00, 0x00, 0x00, 0x15, 0x00, 0x00,
  0x00, 0x00, 0x40, 0x00, 0x00, 0x00, 0x00, 0xD5, 0x55, 0x00, 0x00, 0x00, 0x00, 0x22, 0x00, 0x00,
  0x00, 0x00, 0x18, 0x00, 0x00, 0x00, 0x01, 0x2A, 0xA2, 0x80, 0x00, 0x00, 0x00, 0x08, 0x00, 0x00,
  0x00, 0x00, 0x08, 0x00, 0x00, 0x00, 0x00, 0x00, 0x08, 0x00, 0x00, 0x00, 0x00, 0x10, 0x00, 0x00,
  0x00, 0x00, 0x08, 0x01, 0x55, 0x55, 0x5B, 0x6D, 0x55, 0x75, 0x55, 0x55, 0x00, 0x30, 0x00, 0x00,
  0x00, 0x00, 0x0C, 0x0E, 0xAA, 0xAA, 0xAA, 0xAA, 0xAA, 0x95, 0x55, 0x55, 0x70, 0x10, 0x00, 0x00,
  0x00, 0x00, 0x04, 0x3E, 0xDD, 0xDD, 0xDD, 0xDD, 0xF7, 0xFF, 0xBB, 0xBA, 0xF4, 0x20, 0x00, 0x00,
  0x00, 0x00, 0x04, 0x45, 0xF7, 0xF7, 0xF7, 0xF7, 0xBE, 0xD6, 0xFF, 0xEF, 0x94, 0x20, 0x00, 0x00,
  0x00, 0x00, 0x04, 0x37, 0x7E, 0xDE, 0xDF, 0x7F, 0xF7, 0xFF, 0xDA, 0xFF, 0xEA, 0x60, 0x00, 0x00,
  0x00, 0x00, 0x06, 0x57, 0xDB, 0xFF, 0xFD, 0xDA, 0xDE, 0xB6, 0xFF, 0xB6, 0xD4, 0x40, 0x00, 0x00,
  0x00, 0x00, 0x02, 0x2A, 0xFF, 0x6D, 0xB7, 0xFF, 0xFB, 0xFF, 0xDB, 0xFF, 0xD4, 0x40, 0x00, 0x00,
  0x00, 0x00, 0x02, 0x57, 0xB7, 0xF5, 0x5E, 0xAD, 0xBF, 0x6A, 0x6E, 0xDA, 0xEA, 0x40, 0x00, 0x00,
  0x00, 0x00, 0x03, 0x2B, 0xFD, 0x02, 0x43, 0xFF, 0xEB, 0x91, 0x01, 0xF7, 0xAA, 0xC0, 0x00, 0x00,
  0x00, 0x00, 0x01, 0x2E, 0xAC, 0x7F, 0xF8, 0x6A, 0xBE, 0x2F, 0xFC, 0x3E, 0xE8, 0x80, 0x00, 0x00,
  0x00, 0x00, 0x01, 0x53, 0xF1, 0xFF, 0xFF, 0x1F, 0xE8, 0xFF, 0xFF, 0x8B, 0xD5, 0x00, 0x00, 0x00,
  0x00, 0x00, 0x02, 0xAE, 0xD3, 0xFF, 0x5F, 0x9B, 0x73, 0xFF, 0xD7, 0xCF, 0x6A, 0xA0, 0x00, 0x00,
  0x00, 0x00, 0x14, 0x53, 0xC7, 0xFC, 0x03, 0xC7, 0xD3, 0xFE, 0x01, 0xE3, 0xD4, 0x94, 0x00, 0x00,
  0x00, 0x00, 0x22, 0xAE, 0xCF, 0xF8, 0x81, 0xED, 0x67, 0xFC, 0x10, 0xF2, 0xD2, 0x40, 0x00, 0x00,
  0x00, 0x00, 0x48, 0x47, 0x4F, 0xF8, 0x29, 0xE7, 0xE7, 0xFC, 0x84, 0xF3, 0xD5, 0x2A, 0x00, 0x00,
  0x00, 0x00, 0x12, 0xB5, 0xCF, 0xF9, 0x03, 0xC5, 0x57, 0xFC, 0x21, 0xF3, 0x6A, 0x04, 0x00, 0x00,
  0x00, 0x00, 0x44, 0x4B, 0x67, 0xFE, 0x0B, 0xCF, 0xE3, 0xFF, 0x05, 0xE7, 0xD4, 0xA9, 0x00, 0x00,
  0x00, 0x00, 0x21, 0x2B, 0xE3, 0xFF, 0xFF, 0x9A, 0xB9, 0xFF, 0xFF, 0xCA, 0xCA, 0x00, 0x00, 0x00,
  0x00, 0x00, 0x8A, 0x56, 0xB8, 0xFF, 0xFE, 0x3F, 0xE8, 0x7F, 0xFF, 0x1F, 0x69, 0x55, 0x00, 0x00,
  0x00, 0x00, 0x20, 0x4B, 0xEE, 0x2F, 0xE8, 0xEA, 0xBF, 0x17, 0xF4, 0x6B, 0xD4, 0x00, 0x00, 0x00,
  0x00, 0x00, 0x0A, 0x56, 0xBB, 0x90, 0x07, 0xBF, 0xED, 0xC8, 0x03, 0xDD, 0x52, 0xAA, 0x00, 0x00,
  0x00, 0x00, 0x40, 0x55, 0xEE, 0xFF, 0xFA, 0xD7, 0xDB, 0x7B, 0xFD, 0x77, 0xD4, 0x00, 0x00, 0x00,
  0x00, 0x00, 0x12, 0x4B, 0x5B, 0xAA, 0xAF, 0x7A, 0xF7, 0xDE, 0xAF, 0xBA, 0xD5, 0x24, 0x00, 0x00,
  0x00, 0x00, 0x00, 0x57, 0xF6, 0xF7, 0xFB, 0xDF, 0x5D, 0x6B, 0xF5, 0x6F, 0x64, 0x00, 0x00, 0x00,
  0x00, 0x00, 0x0A, 0x55, 0x5D, 0xAD, 0x2A, 0x52, 0xD5, 0xB5, 0x5F, 0xDA, 0xD5, 0x20, 0x00, 0x00,
  0x00, 0x00, 0x00, 0x26, 0xEB, 0x7A, 0x92, 0xA5, 0x24, 0x8A, 0x35, 0x77, 0xA8, 0x00, 0x00, 0x00,
  0x00, 0x00, 0x00, 0x55, 0xBE, 0xD4, 0xF7, 0xF7, 0xEF, 0xEF, 0xAD, 0xAD, 0x64, 0x00, 0x00, 0x00,
  0x00, 0x00, 0x00, 0x16, 0xD5, 0xFD, 0xF3, 0xE7, 0xE7, 0xCF, 0x36, 0xF7, 0xD4, 0x00, 0x00, 0x00,
  0x00, 0x00, 0x00, 0x4B, 0x7B, 0x54, 0xF7, 0xF7, 0xEF, 0xEF, 0xBB, 0xAD, 0x4A, 0x00, 0x00, 0x00,
  0x00, 0x00, 0x00, 0x25, 0xAE, 0xDA, 0x41, 0x04, 0x22, 0x08, 0x2D, 0x76, 0xE4, 0x00, 0x00, 0x00,
  0x00, 0x00, 0x00, 0x2B, 0x75, 0xB7, 0xBE, 0xFB, 0xDD, 0xF7, 0xEF, 0xAD, 0xA8, 0x00, 0x00, 0x00,
  0x00, 0x00, 0x00, 0x56, 0xDB, 0x6D, 0x6B, 0x56, 0xB6, 0xBA, 0xB5, 0x76, 0xD4, 0x00, 0x00, 0x00,
  0x00, 0x00, 0x00, 0x09, 0xAD, 0xB6, 0xDD, 0xED, 0xDB, 0xD7, 0xDB, 0xAF, 0x44, 0x00, 0x00, 0x00,
  0x00, 0x00, 0x00, 0x2E, 0xDB, 0x5B, 0x6A, 0xB6, 0xAD, 0x5A, 0x6D, 0x74, 0xB4, 0x00, 0x00, 0x00,
  0x00, 0x00, 0x00, 0x15, 0x24, 0xA4, 0x95, 0x09, 0x52, 0x45, 0x12, 0x0A, 0x70, 0x00, 0x00, 0x00,
  0x00, 0x00, 0x00, 0x02, 0x52, 0x52, 0x44, 0xAA, 0x25, 0x29, 0x49, 0x62, 0x80, 0x00, 0x00, 0x00,
  0x00, 0x00, 0x00, 0x00, 0x00, 0x00, 0x00, 0x00, 0x00, 0x00, 0x00, 0x00, 0x00, 0x00, 0x00, 0x00,
  0x00, 0x00, 0x00, 0x00, 0x00, 0x00, 0x00, 0x00, 0x00, 0x00, 0x00, 0x00, 0x00, 0x00, 0x00, 0x00,
  0x00, 0x00, 0x00, 0x00, 0x00, 0x00, 0x00, 0x00, 0x00, 0x00, 0x00, 0x00, 0x00, 0x00, 0x00, 0x00,
  0x00, 0x00, 0x00, 0x00, 0x00, 0x00, 0x00, 0x00, 0x00, 0x00, 0x00, 0x00, 0x00, 0x00, 0x00, 0x00,
  0x00, 0x00, 0x00, 0x00, 0x00, 0x00, 0x00, 0x00, 0x00, 0x00, 0x00, 0x00, 0x00, 0x00, 0x00, 0x00,
  0x00, 0x00, 0x00, 0x00, 0x00, 0x00, 0x00, 0x00, 0x00, 0x00, 0x00, 0x00, 0x00, 0x00, 0x00, 0x00,
  0x00, 0x00, 0x00, 0x00, 0x00, 0x00, 0x00, 0x00, 0x00, 0x00, 0x00, 0x00, 0x00, 0x00, 0x00, 0x00,
  0x00, 0x00, 0x00, 0x00, 0x00, 0x00, 0x00, 0x00, 0x00, 0x00, 0x00, 0x00, 0x00, 0x00, 0x00, 0x00,
  0x00, 0x00, 0x00, 0x00, 0x00, 0x00, 0x00, 0x00, 0x00, 0x00, 0x00, 0x00, 0x00, 0x00, 0x00, 0x00,
  0x00, 0x00, 0x00, 0x00, 0x00, 0x00, 0x00, 0x00, 0x00, 0x00, 0x00, 0x00, 0x00, 0x00, 0x00, 0x00,
  0x00, 0x00, 0x00, 0x00, 0x00, 0x00, 0x00, 0x00, 0x00, 0x00, 0x00, 0x00, 0x00, 0x00, 0x00, 0x00
};

const unsigned char gif_frame_2[] PROGMEM = {
  0x00, 0x00, 0x00, 0x00, 0x00, 0x00, 0x00, 0x00, 0x00, 0x00, 0x00, 0x00, 0x00, 0x00, 0x00, 0x00,
  0x00, 0x00, 0x00, 0x00, 0x00, 0x00, 0x00, 0x00, 0x00, 0x00, 0x00, 0x00, 0x00, 0x00, 0x00, 0x00,
  0x00, 0x00, 0x00, 0x00, 0x00, 0x00, 0x00, 0x00, 0x00, 0x00, 0x00, 0x00, 0x00, 0x00, 0x00, 0x00,
  0x00, 0x00, 0x00, 0x00, 0x00, 0x00, 0x00, 0x00, 0x00, 0x00, 0x00, 0x00, 0x00, 0x00, 0x00, 0x00,
  0x00, 0x00, 0x00, 0x00, 0x00, 0x00, 0x00, 0x00, 0x00, 0x00, 0x00, 0x00, 0x00, 0x00, 0x00, 0x00,
  0x00, 0x00, 0x00, 0x00, 0x00, 0x00, 0x00, 0x00, 0x00, 0x00, 0x00, 0x00, 0x00, 0x00, 0x00, 0x00,
  0x00, 0x00, 0x00, 0x00, 0x00, 0x00, 0x00, 0x00, 0x00, 0x00, 0x00, 0x00, 0x00, 0x00, 0x00, 0x00,
  0x00, 0x00, 0x00, 0x00, 0x00, 0x00, 0x00, 0x00, 0x00, 0x00, 0x00, 0x00, 0x00, 0x00, 0x00, 0x00,
  0x00, 0x00, 0x00, 0x00, 0x00, 0x00, 0x00, 0x00, 0x00, 0x00, 0x00, 0x00, 0x00, 0x00, 0x00, 0x00,
  0x00, 0x00, 0x00, 0x00, 0x00, 0x00, 0x00, 0x00, 0x00, 0x00, 0x00, 0x00, 0x00, 0x00, 0x00, 0x00,
  0x00, 0x00, 0x00, 0x00, 0x00, 0x00, 0x00, 0x00, 0x00, 0x00, 0x00, 0x00, 0x00, 0x00, 0x00, 0x00,
  0x00, 0x00, 0x00, 0x00, 0x00, 0x00, 0x00, 0x05, 0x20, 0x00, 0x00, 0x00, 0x00, 0x00, 0x00, 0x00,
  0x00, 0x00, 0x00, 0x00, 0x00, 0x00, 0x00, 0x35, 0x54, 0x00, 0x00, 0x00, 0x00, 0x00, 0x00, 0x00,
  0x00, 0x00, 0x54, 0x00, 0x00, 0x00, 0x00, 0xAA, 0xAA, 0x00, 0x00, 0x00, 0x00, 0x15, 0x00, 0x00,
  0x00, 0x00, 0x40, 0x00, 0x00, 0x00, 0x00, 0xD5, 0x55, 0x00, 0x00, 0x00, 0x00, 0x22, 0x00, 0x00,
  0x00, 0x00, 0x18, 0x00, 0x00, 0x00, 0x01, 0x2A, 0xA2, 0x80, 0x00, 0x00, 0x00, 0x08, 0x00, 0x00,
  0x00, 0x00, 0x08, 0x00, 0x00, 0x00, 0x00, 0x00, 0x08, 0x00, 0x00, 0x00, 0x00, 0x10, 0x00, 0x00,
  0x00, 0x00, 0x08, 0x01, 0x55, 0x55, 0x5B, 0x6D, 0x55, 0x75, 0x55, 0x55, 0x00, 0x30, 0x00, 0x00,
  0x00, 0x00, 0x0C, 0x0E, 0xAA, 0xAA, 0xAA, 0xAA, 0xAA, 0x95, 0x55, 0x55, 0x70, 0x10, 0x00, 0x00,
  0x00, 0x00, 0x04, 0x3E, 0xDD, 0xDD, 0xDD, 0xDD, 0xF7, 0xFF, 0xBB, 0xBA, 0xF4, 0x20, 0x00, 0x00,
  0x00, 0x00, 0x04, 0x45, 0xF7, 0xF7, 0xF7, 0xF7, 0xBE, 0xD6, 0xFF, 0xEF, 0x94, 0x20, 0x00, 0x00,
  0x00, 0x00, 0x04, 0x37, 0x7E, 0xDE, 0xDF, 0x7F, 0xF7, 0xFF, 0xDA, 0xFF, 0xEA, 0x60, 0x00, 0x00,
  0x00, 0x00, 0x06, 0x57, 0xDB, 0xFF, 0xFD, 0xDA, 0xDE, 0xB6, 0xFF, 0xB6, 0xD4, 0x40, 0x00, 0x00,
  0x00, 0x00, 0x02, 0x2A, 0xFF, 0x6D, 0xB7, 0xFF, 0xFB, 0xFF, 0xDB, 0xFF, 0xD4, 0x40, 0x00, 0x00,
  0x00, 0x00, 0x02, 0x57, 0xB7, 0xF5, 0x5E, 0xAD, 0xBF, 0x6A, 0x6E, 0xDA, 0xEA, 0x40, 0x00, 0x00,
  0x00, 0x00, 0x03, 0x2B, 0xFD, 0x02, 0x43, 0xFF, 0xEB, 0x91, 0x01, 0xF7, 0xAA, 0xC0, 0x00, 0x00,
  0x00, 0x00, 0x01, 0x2E, 0xAC, 0x7F, 0xF8, 0x6A, 0xBE, 0x2F, 0xFC, 0x3E, 0xE8, 0x80, 0x00, 0x00,
  0x00, 0x00, 0x01, 0x53, 0xF1, 0xFF, 0xFF, 0x1F, 0xE8, 0xFF, 0xFF, 0x8B, 0xD5, 0x00, 0x00, 0x00,
  0x00, 0x00, 0x02, 0xAE, 0xD3, 0xFF, 0xEB, 0x9B, 0x73, 0xFF, 0xF5, 0xCF, 0x6A, 0xA0, 0x00, 0x00,
  0x00, 0x00, 0x14, 0x53, 0xC7, 0xFF, 0x80, 0xC7, 0xD3, 0xFF, 0xC0, 0x63, 0xD4, 0x94, 0x00, 0x00,
  0x00, 0x00, 0x22, 0xAE, 0xCF, 0xFE, 0x04, 0x66, 0xE7, 0xFF, 0x84, 0x32, 0xD2, 0x40, 0x00, 0x00,
  0x00, 0x00, 0x48, 0x47, 0x4F, 0xFF, 0x20, 0x27, 0x67, 0xFF, 0x10, 0x93, 0xD5, 0x2A, 0x00, 0x00,
  0x00, 0x00, 0x12, 0xB5, 0xCF, 0xFF, 0x09, 0x6B, 0xA7, 0xFF, 0x82, 0x33, 0x6A, 0x04, 0x00, 0x00,
  0x00, 0x00, 0x44, 0x4B, 0x67, 0xFF, 0x80, 0xCE, 0xF3, 0xFF, 0xC8, 0x67, 0xD4, 0xA9, 0x00, 0x00,
  0x00, 0x00, 0x21, 0x2B, 0xE3, 0xFF, 0xFF, 0x97, 0xB1, 0xFF, 0xFB, 0xCA, 0xCA, 0x00, 0x00, 0x00,
  0x00, 0x00, 0x8A, 0x56, 0xB8, 0xFF, 0xFE, 0x3A, 0xDC, 0x7F, 0xFF, 0x1F, 0x69, 0x55, 0x00, 0x00,
  0x00, 0x00, 0x20, 0x4B, 0xEE, 0x2F, 0xE8, 0xEF, 0x76, 0x97, 0xF4, 0x75, 0xD4, 0x00, 0x00, 0x00,
  0x00, 0x00, 0x0A, 0x56, 0xBB, 0x90, 0x07, 0xB5, 0xDF, 0x48, 0x03, 0xDF, 0x65, 0x54, 0x00, 0x00,
  0x00, 0x00, 0x40, 0x55, 0xEE, 0xFF, 0xFA, 0xDF, 0xF5, 0xFB, 0xFE, 0xEA, 0xD4, 0x02, 0x00, 0x00,
  0x00, 0x00, 0x12, 0x4B, 0x5B, 0xAA, 0xAF, 0x77, 0xBB, 0x5E, 0xAB, 0x7F, 0xAA, 0x48, 0x00, 0x00,
  0x00, 0x00, 0x00, 0x57, 0xF6, 0xFD, 0xFB, 0xDD, 0x6F, 0xEB, 0xFD, 0xAA, 0xD2, 0x00, 0x00, 0x00,
  0x00, 0x00, 0x0A, 0x55, 0x5D, 0xAB, 0x2A, 0x6A, 0xB4, 0xB5, 0x57, 0xF7, 0x68, 0x90, 0x00, 0x00,
  0x00, 0x00, 0x00, 0x26, 0xEB, 0x74, 0xA2, 0x85, 0x45, 0x4A, 0x3A, 0xAD, 0xCA, 0x00, 0x00, 0x00,
  0x00, 0x00, 0x00, 0x55, 0xBE, 0xDD, 0xF7, 0xF7, 0xEF, 0xCF, 0xAF, 0x7B, 0x68, 0x00, 0x00, 0x00,
  0x00, 0x00, 0x00, 0x16, 0xD5, 0xE8, 0xF7, 0xE7, 0xE7, 0xEF, 0x35, 0xAD, 0xA4, 0x00, 0x00, 0x00,
  0x00, 0x00, 0x00, 0x4B, 0x7B, 0x5D, 0x10, 0x52, 0x28, 0x09, 0x5E, 0xF6, 0xD4, 0x00, 0x00, 0x00,
  0x00, 0x00, 0x00, 0x25, 0xAE, 0xEE, 0xEF, 0xAD, 0xD7, 0xF6, 0xEB, 0x5B, 0x64, 0x00, 0x00, 0x00,
  0x00, 0x00, 0x00, 0x2B, 0x75, 0xB5, 0xB5, 0x7B, 0x7A, 0xBB, 0x5D, 0xAD, 0xAA, 0x00, 0x00, 0x00,
  0x00, 0x00, 0x00, 0x56, 0xDB, 0x5B, 0x6E, 0xD6, 0xD7, 0xD6, 0xEA, 0xF6, 0xD0, 0x00, 0x00, 0x00,
  0x00, 0x00, 0x00, 0x09, 0xAD, 0xED, 0xB5, 0xBB, 0x6D, 0x6D, 0xB7, 0x5B, 0xAA, 0x00, 0x00, 0x00,
  0x00, 0x00, 0x00, 0x2E, 0xDA, 0xB6, 0xDB, 0x55, 0xB6, 0xB6, 0xAD, 0xAC, 0xB4, 0x00, 0x00, 0x00,
  0x00, 0x00, 0x00, 0x15, 0x25, 0x09, 0x24, 0xAA, 0x49, 0x49, 0x52, 0x52, 0x60, 0x00, 0x00, 0x00,
  0x00, 0x00, 0x00, 0x02, 0x52, 0xA4, 0x92, 0x45, 0x24, 0x92, 0x29, 0x29, 0x00, 0x00, 0x00, 0x00,
  0x00, 0x00, 0x00, 0x00, 0x00, 0x00, 0x00, 0x00, 0x00, 0x00, 0x00, 0x00, 0x00, 0x00, 0x00, 0x00,
  0x00, 0x00, 0x00, 0x00, 0x00, 0x00, 0x00, 0x00, 0x00, 0x00, 0x00, 0x00, 0x00, 0x00, 0x00, 0x00,
  0x00, 0x00, 0x00, 0x00, 0x00, 0x00, 0x00, 0x00, 0x00, 0x00, 0x00, 0x00, 0x00, 0x00, 0x00, 0x00,
  0x00, 0x00, 0x00, 0x00, 0x00, 0x00, 0x00, 0x00, 0x00, 0x00, 0x00, 0x00, 0x00, 0x00, 0x00, 0x00,
  0x00, 0x00, 0x00, 0x00, 0x00, 0x00, 0x00, 0x00, 0x00, 0x00, 0x00, 0x00, 0x00, 0x00, 0x00, 0x00,
  0x00, 0x00, 0x00, 0x00, 0x00, 0x00, 0x00, 0x00, 0x00, 0x00, 0x00, 0x00, 0x00, 0x00, 0x00, 0x00,
  0x00, 0x00, 0x00, 0x00, 0x00, 0x00, 0x00, 0x00, 0x00, 0x00, 0x00, 0x00, 0x00, 0x00, 0x00, 0x00,
  0x00, 0x00, 0x00, 0x00, 0x00, 0x00, 0x00, 0x00, 0x00, 0x00, 0x00, 0x00, 0x00, 0x00, 0x00, 0x00,
  0x00, 0x00, 0x00, 0x00, 0x00, 0x00, 0x00, 0x00, 0x00, 0x00, 0x00, 0x00, 0x00, 0x00, 0x00, 0x00,
  0x00, 0x00, 0x00, 0x00, 0x00, 0x00, 0x00, 0x00, 0x00, 0x00, 0x00, 0x00, 0x00, 0x00, 0x00, 0x00,
  0x00, 0x00, 0x00, 0x00, 0x00, 0x00, 0x00, 0x00, 0x00, 0x00, 0x00, 0x00, 0x00, 0x00, 0x00, 0x00
};

const unsigned char gif_frame_3[] PROGMEM = {
  0x00, 0x00, 0x00, 0x00, 0x00, 0x00, 0x00, 0x00, 0x00, 0x00, 0x00, 0x00, 0x00, 0x00, 0x00, 0x00,
  0x00, 0x00, 0x00, 0x00, 0x00, 0x00, 0x00, 0x00, 0x00, 0x00, 0x00, 0x00, 0x00, 0x00, 0x00, 0x00,
  0x00, 0x00, 0x00, 0x00, 0x00, 0x00, 0x00, 0x00, 0x00, 0x00, 0x00, 0x00, 0x00, 0x00, 0x00, 0x00,
  0x00, 0x00, 0x00, 0x00, 0x00, 0x00, 0x00, 0x00, 0x00, 0x00, 0x00, 0x00, 0x00, 0x00, 0x00, 0x00,
  0x00, 0x00, 0x00, 0x00, 0x00, 0x00, 0x00, 0x00, 0x00, 0x00, 0x00, 0x00, 0x00, 0x00, 0x00, 0x00,
  0x00, 0x00, 0x00, 0x00, 0x00, 0x00, 0x00, 0x00, 0x00, 0x00, 0x00, 0x00, 0x00, 0x00, 0x00, 0x00,
  0x00, 0x00, 0x00, 0x00, 0x00, 0x00, 0x00, 0x00, 0x00, 0x00, 0x00, 0x00, 0x00, 0x00, 0x00, 0x00,
  0x00, 0x00, 0x00, 0x00, 0x00, 0x00, 0x00, 0x00, 0x00, 0x00, 0x00, 0x00, 0x00, 0x00, 0x00, 0x00,
  0x00, 0x00, 0x00, 0x00, 0x00, 0x00, 0x00, 0x00, 0x00, 0x00, 0x00, 0x00, 0x00, 0x00, 0x00, 0x00,
  0x00, 0x00, 0x00, 0x00, 0x00, 0x00, 0x00, 0x00, 0x00, 0x00, 0x00, 0x00, 0x00, 0x00, 0x00, 0x00,
  0x00, 0x00, 0x00, 0x00, 0x00, 0x00, 0x00, 0x00, 0x00, 0x00, 0x00, 0x00, 0x00, 0x00, 0x00, 0x00,
  0x00, 0x00, 0x00, 0x00, 0x00, 0x00, 0x00, 0x05, 0x20, 0x00, 0x00, 0x00, 0x00, 0x00, 0x00, 0x00,
  0x00, 0x00, 0x00, 0x00, 0x00, 0x00, 0x00, 0x35, 0x54, 0x00, 0x00, 0x00, 0x00, 0x00, 0x00, 0x00,
  0x00, 0x00, 0x54, 0x00, 0x00, 0x00, 0x00, 0xAA, 0xAA, 0x00, 0x00, 0x00, 0x00, 0x15, 0x00, 0x00,
  0x00, 0x00, 0x40, 0x00, 0x00, 0x00, 0x00, 0xD5, 0x55, 0x00, 0x00, 0x00, 0x00, 0x22, 0x00, 0x00,
  0x00, 0x00, 0x18, 0x00, 0x00, 0x00, 0x01, 0x2A, 0xA2, 0x80, 0x00, 0x00, 0x00, 0x08, 0x00, 0x00,
  0x00, 0x00, 0x08, 0x00, 0x00, 0x00, 0x00, 0x00, 0x08, 0x00, 0x00, 0x00, 0x00, 0x10, 0x00, 0x00,
  0x00, 0x00, 0x08, 0x01, 0x55, 0x55, 0x5B, 0x6D, 0x55, 0x75, 0x55, 0x55, 0x00, 0x30, 0x00, 0x00,
  0x00, 0x00, 0x0C, 0x0E, 0xAA, 0xAA, 0xAA, 0xAA, 0xAA, 0x95, 0x55, 0x55, 0x70, 0x10, 0x00, 0x00,
  0x00, 0x00, 0x04, 0x3E, 0xDD, 0xDD, 0xDD, 0xDD, 0xF7, 0xFF, 0xBB, 0xBA, 0xF4, 0x20, 0x00, 0x00,
  0x00, 0x00, 0x04, 0x45, 0xF7, 0xF7, 0xF7, 0xF7, 0xBE, 0xD6, 0xFF, 0xEF, 0x94, 0x20, 0x00, 0x00,
  0x00, 0x00, 0x04, 0x37, 0x7E, 0xDE, 0xDF, 0x7F, 0xF7, 0xFF, 0xDA, 0xFF, 0xEA, 0x60, 0x00, 0x00,
  0x00, 0x00, 0x06, 0x57, 0xDB, 0xFF, 0xFD, 0xDA, 0xDE, 0xB6, 0xFF, 0xB6, 0xD4, 0x40, 0x00, 0x00,
  0x00, 0x00, 0x02, 0x2A, 0xFF, 0x6D, 0xB7, 0xFF, 0xFB, 0xFF, 0xDB, 0xFF, 0xD4, 0x40, 0x00, 0x00,
  0x00, 0x00, 0x02, 0x57, 0xB7, 0xF5, 0x5E, 0xAD, 0xBF, 0x6A, 0x6E, 0xDA, 0xEA, 0x40, 0x00, 0x00,
  0x00, 0x00, 0x03, 0x2B, 0xFD, 0x02, 0x43, 0xFF, 0xEB, 0x91, 0x01, 0xF7, 0xAA, 0xC0, 0x00, 0x00,
  0x00, 0x00, 0x01, 0x2E, 0xAC, 0x7F, 0xF8, 0x6A, 0xBE, 0x2F, 0xFC, 0x3E, 0xE8, 0x80, 0x00, 0x00,
  0x00, 0x00, 0x01, 0x53, 0xF1, 0xFF, 0xFF, 0x1F, 0xE8, 0xFF, 0xFF, 0x8B, 0xD5, 0x00, 0x00, 0x00,
  0x00, 0x00, 0x02, 0xAE, 0xD3, 0xFF, 0xEB, 0x9B, 0x73, 0xFF, 0xF5, 0xCF, 0x6A, 0xA0, 0x00, 0x00,
  0x00, 0x00, 0x14, 0x53, 0xC7, 0xFF, 0x80, 0xC7, 0xD3, 0xFF, 0xC0, 0x63, 0xD4, 0x94, 0x00, 0x00,
  0x00, 0x00, 0x22, 0xAE, 0xCF, 0xFE, 0x04, 0x66, 0xE7, 0xFF, 0x84, 0x32, 0xD2, 0x40, 0x00, 0x00,
  0x00, 0x00, 0x48, 0x47, 0x4F, 0xFF, 0x20, 0x27, 0x67, 0xFF, 0x10, 0x93, 0xD5, 0x2A, 0x00, 0x00,
  0x00, 0x00, 0x12, 0xB5, 0xCF, 0xFF, 0x09, 0x6B, 0xA7, 0xFF, 0x82, 0x33, 0x6A, 0x04, 0x00, 0x00,
  0x00, 0x00, 0x44, 0x4B, 0x67, 0xFF, 0x80, 0xCE, 0xF3, 0xFF, 0xC8, 0x67, 0xD4, 0xA9, 0x00, 0x00,
  0x00, 0x00, 0x21, 0x2B, 0xE3, 0xFF, 0xFF, 0x97, 0xB1, 0xFF, 0xFB, 0xCA, 0xCA, 0x00, 0x00, 0x00,
  0x00, 0x00, 0x8A, 0x56, 0xB8, 0xFF, 0xFE, 0x3A, 0xDC, 0x7F, 0xFF, 0x1F, 0x69, 0x55, 0x00, 0x00,
  0x00, 0x00, 0x20, 0x4B, 0xEE, 0x2F, 0xE8, 0xEF, 0x76, 0x97, 0xF4, 0x75, 0xD4, 0x00, 0x00, 0x00,
  0x00, 0x00, 0x0A, 0x56, 0xBB, 0x90, 0x07, 0xB5, 0xDF, 0x48, 0x03, 0xDF, 0x65, 0x54, 0x00, 0x00,
  0x00, 0x00, 0x40, 0x55, 0xEE, 0xFF, 0xFA, 0xDF, 0xF5, 0xFB, 0xFE, 0xEA, 0xD4, 0x02, 0x00, 0x00,
  0x00, 0x00, 0x12, 0x4B, 0x5B, 0xAA, 0xAF, 0x77, 0xBB, 0x5E, 0xAB, 0x7F, 0xAA, 0x48, 0x00, 0x00,
  0x00, 0x00, 0x00, 0x57, 0xF6, 0xFD, 0xFB, 0xDD, 0x6F, 0xEB, 0xFD, 0xAA, 0xD2, 0x00, 0x00, 0x00,
  0x00, 0x00, 0x0A, 0x55, 0x5D, 0xAB, 0x2A, 0x6A, 0xB4, 0xB5, 0x57, 0xF7, 0x68, 0x90, 0x00, 0x00,
  0x00, 0x00, 0x00, 0x26, 0xEB, 0x74, 0xA2, 0x85, 0x45, 0x4A, 0x3A, 0xAD, 0xCA, 0x00, 0x00, 0x00,
  0x00, 0x00, 0x00, 0x55, 0xBE, 0xDD, 0xF7, 0xF7, 0xEF, 0xCF, 0xAF, 0x7B, 0x68, 0x00, 0x00, 0x00,
  0x00, 0x00, 0x00, 0x16, 0xD5, 0xE8, 0xF7, 0xE7, 0xE7, 0xEF, 0x35, 0xAD, 0xA4, 0x00, 0x00, 0x00,
  0x00, 0x00, 0x00, 0x4B, 0x7B, 0x5D, 0x10, 0x52, 0x28, 0x09, 0x5E, 0xF6, 0xD4, 0x00, 0x00, 0x00,
  0x00, 0x00, 0x00, 0x25, 0xAE, 0xEE, 0xEF, 0xAD, 0xD7, 0xF6, 0xEB, 0x5B, 0x64, 0x00, 0x00, 0x00,
  0x00, 0x00, 0x00, 0x2B, 0x75, 0xB5, 0xB5, 0x7B, 0x7A, 0xBB, 0x5D, 0xAD, 0xAA, 0x00, 0x00, 0x00,
  0x00, 0x00, 0x00, 0x56, 0xDB, 0x5B, 0x6E, 0xD6, 0xD7, 0xD6, 0xEA, 0xF6, 0xD0, 0x00, 0x00, 0x00,
  0x00, 0x00, 0x00, 0x09, 0xAD, 0xED, 0xB5, 0xBB, 0x6D, 0x6D, 0xB7, 0x5B, 0xAA, 0x00, 0x00, 0x00,
  0x00, 0x00, 0x00, 0x2E, 0xDA, 0xB6, 0xDB, 0x55, 0xB6, 0xB6, 0xAD, 0xAC, 0xB4, 0x00, 0x00, 0x00,
  0x00, 0x00, 0x00, 0x15, 0x25, 0x09, 0x24, 0xAA, 0x49, 0x49, 0x52, 0x52, 0x60, 0x00, 0x00, 0x00,
  0x00, 0x00, 0x00, 0x02, 0x52, 0xA4, 0x92, 0x45, 0x24, 0x92, 0x29, 0x29, 0x00, 0x00, 0x00, 0x00,
  0x00, 0x00, 0x00, 0x00, 0x00, 0x00, 0x00, 0x00, 0x00, 0x00, 0x00, 0x00, 0x00, 0x00, 0x00, 0x00,
  0x00, 0x00, 0x00, 0x00, 0x00, 0x00, 0x00, 0x00, 0x00, 0x00, 0x00, 0x00, 0x00, 0x00, 0x00, 0x00,
  0x00, 0x00, 0x00, 0x00, 0x00, 0x00, 0x00, 0x00, 0x00, 0x00, 0x00, 0x00, 0x00, 0x00, 0x00, 0x00,
  0x00, 0x00, 0x00, 0x00, 0x00, 0x00, 0x00, 0x00, 0x00, 0x00, 0x00, 0x00, 0x00, 0x00, 0x00, 0x00,
  0x00, 0x00, 0x00, 0x00, 0x00, 0x00, 0x00, 0x00, 0x00, 0x00, 0x00, 0x00, 0x00, 0x00, 0x00, 0x00,
  0x00, 0x00, 0x00, 0x00, 0x00, 0x00, 0x00, 0x00, 0x00, 0x00, 0x00, 0x00, 0x00, 0x00, 0x00, 0x00,
  0x00, 0x00, 0x00, 0x00, 0x00, 0x00, 0x00, 0x00, 0x00, 0x00, 0x00, 0x00, 0x00, 0x00, 0x00, 0x00,
  0x00, 0x00, 0x00, 0x00, 0x00, 0x00, 0x00, 0x00, 0x00, 0x00, 0x00, 0x00, 0x00, 0x00, 0x00, 0x00,
  0x00, 0x00, 0x00, 0x00, 0x00, 0x00, 0x00, 0x00, 0x00, 0x00, 0x00, 0x00, 0x00, 0x00, 0x00, 0x00,
  0x00, 0x00, 0x00, 0x00, 0x00, 0x00, 0x00, 0x00, 0x00, 0x00, 0x00, 0x00, 0x00, 0x00, 0x00, 0x00,
  0x00, 0x00, 0x00, 0x00, 0x00, 0x00, 0x00, 0x00, 0x00, 0x00, 0x00, 0x00, 0x00, 0x00, 0x00, 0x00
};

const unsigned char gif_frame_4[] PROGMEM = {
  0x00, 0x00, 0x00, 0x00, 0x00, 0x00, 0x00, 0x00, 0x00, 0x00, 0x00, 0x00, 0x00, 0x00, 0x00, 0x00,
  0x00, 0x00, 0x00, 0x00, 0x00, 0x00, 0x00, 0x00, 0x00, 0x00, 0x00, 0x00, 0x00, 0x00, 0x00, 0x00,
  0x00, 0x00, 0x00, 0x00, 0x00, 0x00, 0x00, 0x00, 0x00, 0x00, 0x00, 0x00, 0x00, 0x00, 0x00, 0x00,
  0x00, 0x00, 0x00, 0x00, 0x00, 0x00, 0x00, 0x00, 0x00, 0x00, 0x00, 0x00, 0x00, 0x00, 0x00, 0x00,
  0x00, 0x00, 0x00, 0x00, 0x00, 0x00, 0x00, 0x00, 0x00, 0x00, 0x00, 0x00, 0x00, 0x00, 0x00, 0x00,
  0x00, 0x00, 0x00, 0x00, 0x00, 0x00, 0x00, 0x00, 0x00, 0x00, 0x00, 0x00, 0x00, 0x00, 0x00, 0x00,
  0x00, 0x00, 0x00, 0x00, 0x00, 0x00, 0x00, 0x00, 0x00, 0x00, 0x00, 0x00, 0x00, 0x00, 0x00, 0x00,
  0x00, 0x00, 0x00, 0x00, 0x00, 0x00, 0x00, 0x00, 0x00, 0x00, 0x00, 0x00, 0x00, 0x00, 0x00, 0x00,
  0x00, 0x00, 0x00, 0x00, 0x00, 0x00, 0x00, 0x00, 0x00, 0x00, 0x00, 0x00, 0x00, 0x00, 0x00, 0x00,
  0x00, 0x00, 0x00, 0x00, 0x00, 0x00, 0x00, 0x00, 0x00, 0x00, 0x00, 0x00, 0x00, 0x00, 0x00, 0x00,
  0x00, 0x00, 0x00, 0x00, 0x00, 0x00, 0x00, 0x00, 0x00, 0x00, 0x00, 0x00, 0x00, 0x00, 0x00, 0x00,
  0x00, 0x00, 0x00, 0x00, 0x00, 0x00, 0x00, 0x05, 0x20, 0x00, 0x00, 0x00, 0x00, 0x00, 0x00, 0x00,
  0x00, 0x00, 0x00, 0x00, 0x00, 0x00, 0x00, 0x35, 0x54, 0x00, 0x00, 0x00, 0x00, 0x00, 0x00, 0x00,
  0x00, 0x00, 0x54, 0x00, 0x00, 0x00, 0x00, 0xAA, 0xAA, 0x00, 0x00, 0x00, 0x00, 0x15, 0x00, 0x00,
  0x00, 0x00, 0x40, 0x00, 0x00, 0x00, 0x00, 0xD5, 0x55, 0x00, 0x00, 0x00, 0x00, 0x22, 0x00, 0x00,
  0x00, 0x00, 0x18, 0x00, 0x00, 0x00, 0x01, 0x2A, 0xA2, 0x80, 0x00, 0x00, 0x00, 0x08, 0x00, 0x00,
  0x00, 0x00, 0x08, 0x00, 0x00, 0x00, 0x00, 0x00, 0x08, 0x00, 0x00, 0x00, 0x00, 0x10, 0x00, 0x00,
  0x00, 0x00, 0x08, 0x01, 0x55, 0x55, 0x5B, 0x6D, 0x55, 0x75, 0x55, 0x55, 0x00, 0x30, 0x00, 0x00,
  0x00, 0x00, 0x0C, 0x0E, 0xAA, 0xAA, 0xAA, 0xAA, 0xAA, 0x95, 0x55, 0x55, 0x70, 0x10, 0x00, 0x00,
  0x00, 0x00, 0x04, 0x3E, 0xDD, 0xDD, 0xDD, 0xDD, 0xF7, 0xFF, 0xBB, 0xBA, 0xF4, 0x20, 0x00, 0x00,
  0x00, 0x00, 0x04, 0x45, 0xF7, 0xF7, 0xF7, 0xF7, 0xBE, 0xD6, 0xFF, 0xEF, 0x94, 0x20, 0x00, 0x00,
  0x00, 0x00, 0x04, 0x37, 0x7E, 0xDE, 0xDF, 0x7F, 0xF7, 0xFF, 0xDA, 0xFF, 0xEA, 0x60, 0x00, 0x00,
  0x00, 0x00, 0x06, 0x57, 0xDB, 0xFF, 0xFD, 0xDA, 0xDE, 0xB6, 0xFF, 0xB6, 0xD4, 0x40, 0x00, 0x00,
  0x00, 0x00, 0x02, 0x2A, 0xFF, 0x6D, 0xB7, 0xFF, 0xFB, 0xFF, 0xDB, 0xFF, 0xD4, 0x40, 0x00, 0x00,
  0x00, 0x00, 0x02, 0x57, 0xB7, 0xF5, 0x5E, 0xAD, 0xBF, 0x6A, 0x6E, 0xDA, 0xEA, 0x40, 0x00, 0x00,
  0x00, 0x00, 0x03, 0x2B, 0xFD, 0x02, 0x43, 0xFF, 0xEB, 0x91, 0x01, 0xF7, 0xAA, 0xC0, 0x00, 0x00,
  0x00, 0x00, 0x01, 0x2E, 0xAC, 0x7F, 0xF8, 0x6A, 0xBE, 0x2F, 0xFC, 0x3E, 0xE8, 0x80, 0x00, 0x00,
  0x00, 0x00, 0x01, 0x53, 0xF1, 0xFF, 0xFF, 0x1F, 0xE8, 0xFF, 0xFF, 0x8B, 0xD5, 0x00, 0x00, 0x00,
  0x00, 0x00, 0x02, 0xAE, 0xD3, 0xFF, 0xEB, 0x9B, 0x73, 0xFF, 0xF5, 0xCF, 0x6A, 0xA0, 0x00, 0x00,
  0x00, 0x00, 0x14, 0x53, 0xC7, 0xFF, 0x80, 0xC7, 0xD3, 0xFF, 0xC0, 0x63, 0xD4, 0x94, 0x00, 0x00,
  0x00, 0x00, 0x22, 0xAE, 0xCF, 0xFE, 0x04, 0x66, 0xE7, 0xFF, 0x84, 0x32, 0xD2, 0x40, 0x00, 0x00,
  0x00, 0x00, 0x48, 0x47, 0x4F, 0xFF, 0x20, 0x27, 0x67, 0xFF, 0x10, 0x93, 0xD5, 0x2A, 0x00, 0x00,
  0x00, 0x00, 0x12, 0xB5, 0xCF, 0xFF, 0x09, 0x6B, 0xA7, 0xFF, 0x82, 0x33, 0x6A, 0x04, 0x00, 0x00,
  0x00, 0x00, 0x44, 0x4B, 0x67, 0xFF, 0x80, 0xCE, 0xF3, 0xFF, 0xC8, 0x67, 0xD4, 0xA9, 0x00, 0x00,
  0x00, 0x00, 0x21, 0x2B, 0xE3, 0xFF, 0xFF, 0x97, 0xB1, 0xFF, 0xFB, 0xCA, 0xCA, 0x00, 0x00, 0x00,
  0x00, 0x00, 0x8A, 0x56, 0xB8, 0xFF, 0xFE, 0x3A, 0xDC, 0x7F, 0xFF, 0x1F, 0x69, 0x55, 0x00, 0x00,
  0x00, 0x00, 0x20, 0x4B, 0xEE, 0x2F, 0xE8, 0xEF, 0x76, 0x97, 0xF4, 0x75, 0xD4, 0x00, 0x00, 0x00,
  0x00, 0x00, 0x0A, 0x56, 0xBB, 0x90, 0x07, 0xB5, 0xDF, 0x48, 0x03, 0xDF, 0x65, 0x54, 0x00, 0x00,
  0x00, 0x00, 0x40, 0x55, 0xEE, 0xFF, 0xFA, 0xDF, 0xF5, 0xFB, 0xFE, 0xEA, 0xD4, 0x02, 0x00, 0x00,
  0x00, 0x00, 0x12, 0x4B, 0x5B, 0xAA, 0xAF, 0x77, 0xBB, 0x5E, 0xAB, 0x7F, 0xAA, 0x48, 0x00, 0x00,
  0x00, 0x00, 0x00, 0x57, 0xF6, 0xFD, 0xFB, 0xDD, 0x6F, 0xEB, 0xFD, 0xAA, 0xD2, 0x00, 0x00, 0x00,
  0x00, 0x00, 0x0A, 0x55, 0x5D, 0xAB, 0x2A, 0x6A, 0xB4, 0xB5, 0x57, 0xF7, 0x68, 0x90, 0x00, 0x00,
  0x00, 0x00, 0x00, 0x26, 0xEB, 0x74, 0xA2, 0x85, 0x45, 0x4A, 0x3A, 0xAD, 0xCA, 0x00, 0x00, 0x00,
  0x00, 0x00, 0x00, 0x55, 0xBE, 0xDD, 0xF7, 0xF7, 0xEF, 0xCF, 0xAF, 0x7B, 0x68, 0x00, 0x00, 0x00,
  0x00, 0x00, 0x00, 0x16, 0xD5, 0xE8, 0xF7, 0xE7, 0xE7, 0xEF, 0x35, 0xAD, 0xA4, 0x00, 0x00, 0x00,
  0x00, 0x00, 0x00, 0x4B, 0x7B, 0x5D, 0x10, 0x52, 0x28, 0x09, 0x5E, 0xF6, 0xD4, 0x00, 0x00, 0x00,
  0x00, 0x00, 0x00, 0x25, 0xAE, 0xEE, 0xEF, 0xAD, 0xD7, 0xF6, 0xEB, 0x5B, 0x64, 0x00, 0x00, 0x00,
  0x00, 0x00, 0x00, 0x2B, 0x75, 0xB5, 0xB5, 0x7B, 0x7A, 0xBB, 0x5D, 0xAD, 0xAA, 0x00, 0x00, 0x00,
  0x00, 0x00, 0x00, 0x56, 0xDB, 0x5B, 0x6E, 0xD6, 0xD7, 0xD6, 0xEA, 0xF6, 0xD0, 0x00, 0x00, 0x00,
  0x00, 0x00, 0x00, 0x09, 0xAD, 0xED, 0xB5, 0xBB, 0x6D, 0x6D, 0xB7, 0x5B, 0xAA, 0x00, 0x00, 0x00,
  0x00, 0x00, 0x00, 0x2E, 0xDA, 0xB6, 0xDB, 0x55, 0xB6, 0xB6, 0xAD, 0xAC, 0xB4, 0x00, 0x00, 0x00,
  0x00, 0x00, 0x00, 0x15, 0x25, 0x09, 0x24, 0xAA, 0x49, 0x49, 0x52, 0x52, 0x60, 0x00, 0x00, 0x00,
  0x00, 0x00, 0x00, 0x02, 0x52, 0xA4, 0x92, 0x45, 0x24, 0x92, 0x29, 0x29, 0x00, 0x00, 0x00, 0x00,
  0x00, 0x00, 0x00, 0x00, 0x00, 0x00, 0x00, 0x00, 0x00, 0x00, 0x00, 0x00, 0x00, 0x00, 0x00, 0x00,
  0x00, 0x00, 0x00, 0x00, 0x00, 0x00, 0x00, 0x00, 0x00, 0x00, 0x00, 0x00, 0x00, 0x00, 0x00, 0x00,
  0x00, 0x00, 0x00, 0x00, 0x00, 0x00, 0x00, 0x00, 0x00, 0x00, 0x00, 0x00, 0x00, 0x00, 0x00, 0x00,
  0x00, 0x00, 0x00, 0x00, 0x00, 0x00, 0x00, 0x00, 0x00, 0x00, 0x00, 0x00, 0x00, 0x00, 0x00, 0x00,
  0x00, 0x00, 0x00, 0x00, 0x00, 0x00, 0x00, 0x00, 0x00, 0x00, 0x00, 0x00, 0x00, 0x00, 0x00, 0x00,
  0x00, 0x00, 0x00, 0x00, 0x00, 0x00, 0x00, 0x00, 0x00, 0x00, 0x00, 0x00, 0x00, 0x00, 0x00, 0x00,
  0x00, 0x00, 0x00, 0x00, 0x00, 0x00, 0x00, 0x00, 0x00, 0x00, 0x00, 0x00, 0x00, 0x00, 0x00, 0x00,
  0x00, 0x00, 0x00, 0x00, 0x00, 0x00, 0x00, 0x00, 0x00, 0x00, 0x00, 0x00, 0x00, 0x00, 0x00, 0x00,
  0x00, 0x00, 0x00, 0x00, 0x00, 0x00, 0x00, 0x00, 0x00, 0x00, 0x00, 0x00, 0x00, 0x00, 0x00, 0x00,
  0x00, 0x00, 0x00, 0x00, 0x00, 0x00, 0x00, 0x00, 0x00, 0x00, 0x00, 0x00, 0x00, 0x00, 0x00, 0x00,
  0x00, 0x00, 0x00, 0x00, 0x00, 0x00, 0x00, 0x00, 0x00, 0x00, 0x00, 0x00, 0x00, 0x00, 0x00, 0x00
};

const unsigned char gif_frame_5[] PROGMEM = {
  0x00, 0x00, 0x00, 0x00, 0x00, 0x00, 0x00, 0x00, 0x00, 0x00, 0x00, 0x00, 0x00, 0x00, 0x00, 0x00,
  0x00, 0x00, 0x00, 0x00, 0x00, 0x00, 0x00, 0x00, 0x00, 0x00, 0x00, 0x00, 0x00, 0x00, 0x00, 0x00,
  0x00, 0x00, 0x00, 0x00, 0x00, 0x00, 0x00, 0x00, 0x00, 0x00, 0x00, 0x00, 0x00, 0x00, 0x00, 0x00,
  0x00, 0x00, 0x00, 0x00, 0x00, 0x00, 0x00, 0x00, 0x00, 0x00, 0x00, 0x00, 0x00, 0x00, 0x00, 0x00,
  0x00, 0x00, 0x00, 0x00, 0x00, 0x00, 0x00, 0x00, 0x00, 0x00, 0x00, 0x00, 0x00, 0x00, 0x00, 0x00,
  0x00, 0x00, 0x00, 0x00, 0x00, 0x00, 0x00, 0x00, 0x00, 0x00, 0x00, 0x00, 0x00, 0x00, 0x00, 0x00,
  0x00, 0x00, 0x00, 0x00, 0x00, 0x00, 0x00, 0x00, 0x00, 0x00, 0x00, 0x00, 0x00, 0x00, 0x00, 0x00,
  0x00, 0x00, 0x00, 0x00, 0x00, 0x00, 0x00, 0x00, 0x00, 0x00, 0x00, 0x00, 0x00, 0x00, 0x00, 0x00,
  0x00, 0x00, 0x00, 0x00, 0x00, 0x00, 0x00, 0x00, 0x00, 0x00, 0x00, 0x00, 0x00, 0x00, 0x00, 0x00,
  0x00, 0x00, 0x00, 0x00, 0x00, 0x00, 0x00, 0x00, 0x00, 0x00, 0x00, 0x00, 0x00, 0x00, 0x00, 0x00,
  0x00, 0x00, 0x00, 0x00, 0x00, 0x00, 0x00, 0x00, 0x00, 0x00, 0x00, 0x00, 0x00, 0x00, 0x00, 0x00,
  0x00, 0x00, 0x00, 0x00, 0x00, 0x00, 0x00, 0x05, 0x20, 0x00, 0x00, 0x00, 0x00, 0x00, 0x00, 0x00,
  0x00, 0x00, 0x00, 0x00, 0x00, 0x00, 0x00, 0x35, 0x54, 0x00, 0x00, 0x00, 0x00, 0x00, 0x00, 0x00,
  0x00, 0x00, 0x54, 0x00, 0x00, 0x00, 0x00, 0xAA, 0xAA, 0x00, 0x00, 0x00, 0x00, 0x15, 0x00, 0x00,
  0x00, 0x00, 0x40, 0x00, 0x00, 0x00, 0x00, 0xD5, 0x55, 0x00, 0x00, 0x00, 0x00, 0x22, 0x00, 0x00,
  0x00, 0x00, 0x18, 0x00, 0x00, 0x00, 0x01, 0x2A, 0xA2, 0x80, 0x00, 0x00, 0x00, 0x08, 0x00, 0x00,
  0x00, 0x00, 0x08, 0x00, 0x00, 0x00, 0x00, 0x00, 0x08, 0x00, 0x00, 0x00, 0x00, 0x10, 0x00, 0x00,
  0x00, 0x00, 0x08, 0x01, 0x55, 0x55, 0x5B, 0x6D, 0x55, 0x75, 0x55, 0x55, 0x00, 0x30, 0x00, 0x00,
  0x00, 0x00, 0x0C, 0x0E, 0xAA, 0xAA, 0xAA, 0xAA, 0xAA, 0x95, 0x55, 0x55, 0x70, 0x10, 0x00, 0x00,
  0x00, 0x00, 0x04, 0x3E, 0xDD, 0xDD, 0xDD, 0xDD, 0xF7, 0xFF, 0xBB, 0xBA, 0xF4, 0x20, 0x00, 0x00,
  0x00, 0x00, 0x04, 0x45, 0xF7, 0xF7, 0xF7, 0xF7, 0xBE, 0xD6, 0xFF, 0xEF, 0x94, 0x20, 0x00, 0x00,
  0x00, 0x00, 0x04, 0x37, 0x7E, 0xDE, 0xDF, 0x7F, 0xF7, 0xFF, 0xDA, 0xFF, 0xEA, 0x60, 0x00, 0x00,
  0x00, 0x00, 0x06, 0x57, 0xDB, 0xFF, 0xFD, 0xDA, 0xDE, 0xB6, 0xFF, 0xB6, 0xD4, 0x40, 0x00, 0x00,
  0x00, 0x00, 0x02, 0x2A, 0xFF, 0x6D, 0xB7, 0xFF, 0xFB, 0xFF, 0xDB, 0xFF, 0xD4, 0x40, 0x00, 0x00,
  0x00, 0x00, 0x02, 0x57, 0xB7, 0xF5, 0x5E, 0xAD, 0xBF, 0x6A, 0x6E, 0xDA, 0xEA, 0x40, 0x00, 0x00,
  0x00, 0x00, 0x03, 0x2B, 0xFD, 0x02, 0x43, 0xFF, 0xEB, 0x91, 0x01, 0xF7, 0xAA, 0xC0, 0x00, 0x00,
  0x00, 0x00, 0x01, 0x2E, 0xAC, 0x7F, 0xF8, 0x6A, 0xBE, 0x2F, 0xFC, 0x3E, 0xE8, 0x80, 0x00, 0x00,
  0x00, 0x00, 0x01, 0x53, 0xF1, 0xFF, 0xFF, 0x1F, 0xE8, 0xFF, 0xFF, 0x8B, 0xD5, 0x00, 0x00, 0x00,
  0x00, 0x00, 0x02, 0xAE, 0xD3, 0xFF, 0xEB, 0x9B, 0x73, 0xFF, 0xF5, 0xCF, 0x6A, 0xA0, 0x00, 0x00,
  0x00, 0x00, 0x14, 0x53, 0xC7, 0xFF, 0x80, 0xC7, 0xD3, 0xFF, 0xC0, 0x63, 0xD4, 0x94, 0x00, 0x00,
  0x00, 0x00, 0x22, 0xAE, 0xCF, 0xFE, 0x04, 0x66, 0xE7, 0xFF, 0x84, 0x32, 0xD2, 0x40, 0x00, 0x00,
  0x00, 0x00, 0x48, 0x47, 0x4F, 0xFF, 0x20, 0x27, 0x67, 0xFF, 0x10, 0x93, 0xD5, 0x2A, 0x00, 0x00,
  0x00, 0x00, 0x12, 0xB5, 0xCF, 0xFF, 0x09, 0x6B, 0xA7, 0xFF, 0x82, 0x33, 0x6A, 0x04, 0x00, 0x00,
  0x00, 0x00, 0x44, 0x4B, 0x67, 0xFF, 0x80, 0xCE, 0xF3, 0xFF, 0xC8, 0x67, 0xD4, 0xA9, 0x00, 0x00,
  0x00, 0x00, 0x21, 0x2B, 0xE3, 0xFF, 0xFF, 0x97, 0xB1, 0xFF, 0xFB, 0xCA, 0xCA, 0x00, 0x00, 0x00,
  0x00, 0x00, 0x8A, 0x56, 0xB8, 0xFF, 0xFE, 0x3A, 0xDC, 0x7F, 0xFF, 0x1F, 0x69, 0x55, 0x00, 0x00,
  0x00, 0x00, 0x20, 0x4B, 0xEE, 0x2F, 0xE8, 0xEF, 0x76, 0x97, 0xF4, 0x75, 0xD4, 0x00, 0x00, 0x00,
  0x00, 0x00, 0x0A, 0x56, 0xBB, 0x90, 0x07, 0xB5, 0xDF, 0x48, 0x03, 0xDF, 0x65, 0x54, 0x00, 0x00,
  0x00, 0x00, 0x40, 0x55, 0xEE, 0xFF, 0xFA, 0xDF, 0xF5, 0xFB, 0xFE, 0xEA, 0xD4, 0x02, 0x00, 0x00,
  0x00, 0x00, 0x12, 0x4B, 0x5B, 0xAA, 0xAF, 0x77, 0xBB, 0x5E, 0xAB, 0x7F, 0xAA, 0x48, 0x00, 0x00,
  0x00, 0x00, 0x00, 0x57, 0xF6, 0xFD, 0xFB, 0xDD, 0x6F, 0xEB, 0xFD, 0xAA, 0xD2, 0x00, 0x00, 0x00,
  0x00, 0x00, 0x0A, 0x55, 0x5D, 0xAB, 0x2A, 0x6A, 0xB4, 0xB5, 0x57, 0xF7, 0x68, 0x90, 0x00, 0x00,
  0x00, 0x00, 0x00, 0x26, 0xEB, 0x74, 0xA2, 0x85, 0x45, 0x4A, 0x3A, 0xAD, 0xCA, 0x00, 0x00, 0x00,
  0x00, 0x00, 0x00, 0x55, 0xBE, 0xDD, 0xF7, 0xF7, 0xEF, 0xCF, 0xAF, 0x7B, 0x68, 0x00, 0x00, 0x00,
  0x00, 0x00, 0x00, 0x16, 0xD5, 0xE8, 0xF7, 0xE7, 0xE7, 0xEF, 0x35, 0xAD, 0xA4, 0x00, 0x00, 0x00,
  0x00, 0x00, 0x00, 0x4B, 0x7B, 0x5D, 0x10, 0x52, 0x28, 0x09, 0x5E, 0xF6, 0xD4, 0x00, 0x00, 0x00,
  0x00, 0x00, 0x00, 0x25, 0xAE, 0xEE, 0xEF, 0xAD, 0xD7, 0xF6, 0xEB, 0x5B, 0x64, 0x00, 0x00, 0x00,
  0x00, 0x00, 0x00, 0x2B, 0x75, 0xB5, 0xB5, 0x7B, 0x7A, 0xBB, 0x5D, 0xAD, 0xAA, 0x00, 0x00, 0x00,
  0x00, 0x00, 0x00, 0x56, 0xDB, 0x5B, 0x6E, 0xD6, 0xD7, 0xD6, 0xEA, 0xF6, 0xD0, 0x00, 0x00, 0x00,
  0x00, 0x00, 0x00, 0x09, 0xAD, 0xED, 0xB5, 0xBB, 0x6D, 0x6D, 0xB7, 0x5B, 0xAA, 0x00, 0x00, 0x00,
  0x00, 0x00, 0x00, 0x2E, 0xDA, 0xB6, 0xDB, 0x55, 0xB6, 0xB6, 0xAD, 0xAC, 0xB4, 0x00, 0x00, 0x00,
  0x00, 0x00, 0x00, 0x15, 0x25, 0x09, 0x24, 0xAA, 0x49, 0x49, 0x52, 0x52, 0x60, 0x00, 0x00, 0x00,
  0x00, 0x00, 0x00, 0x02, 0x52, 0xA4, 0x92, 0x45, 0x24, 0x92, 0x29, 0x29, 0x00, 0x00, 0x00, 0x00,
  0x00, 0x00, 0x00, 0x00, 0x00, 0x00, 0x00, 0x00, 0x00, 0x00, 0x00, 0x00, 0x00, 0x00, 0x00, 0x00,
  0x00, 0x00, 0x00, 0x00, 0x00, 0x00, 0x00, 0x00, 0x00, 0x00, 0x00, 0x00, 0x00, 0x00, 0x00, 0x00,
  0x00, 0x00, 0x00, 0x00, 0x00, 0x00, 0x00, 0x00, 0x00, 0x00, 0x00, 0x00, 0x00, 0x00, 0x00, 0x00,
  0x00, 0x00, 0x00, 0x00, 0x00, 0x00, 0x00, 0x00, 0x00, 0x00, 0x00, 0x00, 0x00, 0x00, 0x00, 0x00,
  0x00, 0x00, 0x00, 0x00, 0x00, 0x00, 0x00, 0x00, 0x00, 0x00, 0x00, 0x00, 0x00, 0x00, 0x00, 0x00,
  0x00, 0x00, 0x00, 0x00, 0x00, 0x00, 0x00, 0x00, 0x00, 0x00, 0x00, 0x00, 0x00, 0x00, 0x00, 0x00,
  0x00, 0x00, 0x00, 0x00, 0x00, 0x00, 0x00, 0x00, 0x00, 0x00, 0x00, 0x00, 0x00, 0x00, 0x00, 0x00,
  0x00, 0x00, 0x00, 0x00, 0x00, 0x00, 0x00, 0x00, 0x00, 0x00, 0x00, 0x00, 0x00, 0x00, 0x00, 0x00,
  0x00, 0x00, 0x00, 0x00, 0x00, 0x00, 0x00, 0x00, 0x00, 0x00, 0x00, 0x00, 0x00, 0x00, 0x00, 0x00,
  0x00, 0x00, 0x00, 0x00, 0x00, 0x00, 0x00, 0x00, 0x00, 0x00, 0x00, 0x00, 0x00, 0x00, 0x00, 0x00,
  0x00, 0x00, 0x00, 0x00, 0x00, 0x00, 0x00, 0x00, 0x00, 0x00, 0x00, 0x00, 0x00, 0x00, 0x00, 0x00
};

const unsigned char gif_frame_6[] PROGMEM = {
  0x00, 0x00, 0x00, 0x00, 0x00, 0x00, 0x00, 0x00, 0x00, 0x00, 0x00, 0x00, 0x00, 0x00, 0x00, 0x00,
  0x00, 0x00, 0x00, 0x00, 0x00, 0x00, 0x00, 0x00, 0x00, 0x00, 0x00, 0x00, 0x00, 0x00, 0x00, 0x00,
  0x00, 0x00, 0x00, 0x00, 0x00, 0x00, 0x00, 0x00, 0x00, 0x00, 0x00, 0x00, 0x00, 0x00, 0x00, 0x00,
  0x00, 0x00, 0x00, 0x00, 0x00, 0x00, 0x00, 0x00, 0x00, 0x00, 0x00, 0x00, 0x00, 0x00, 0x00, 0x00,
  0x00, 0x00, 0x00, 0x00, 0x00, 0x00, 0x00, 0x00, 0x00, 0x00, 0x00, 0x00, 0x00, 0x00, 0x00, 0x00,
  0x00, 0x00, 0x00, 0x00, 0x00, 0x00, 0x00, 0x00, 0x00, 0x00, 0x00, 0x00, 0x00, 0x00, 0x00, 0x00,
  0x00, 0x00, 0x00, 0x00, 0x00, 0x00, 0x00, 0x00, 0x00, 0x00, 0x00, 0x00, 0x00, 0x00, 0x00, 0x00,
  0x00, 0x00, 0x00, 0x00, 0x00, 0x00, 0x00, 0x00, 0x00, 0x00, 0x00, 0x00, 0x00, 0x00, 0x00, 0x00,
  0x00, 0x00, 0x00, 0x00, 0x00, 0x00, 0x00, 0x00, 0x00, 0x00, 0x00, 0x00, 0x00, 0x00, 0x00, 0x00,
  0x00, 0x00, 0x00, 0x00, 0x00, 0x00, 0x00, 0x00, 0x00, 0x00, 0x00, 0x00, 0x00, 0x00, 0x00, 0x00,
  0x00, 0x00, 0x00, 0x00, 0x00, 0x00, 0x00, 0x00, 0x00, 0x00, 0x00, 0x00, 0x00, 0x00, 0x00, 0x00,
  0x00, 0x00, 0x00, 0x00, 0x00, 0x00, 0x00, 0x05, 0x20, 0x00, 0x00, 0x00, 0x00, 0x00, 0x00, 0x00,
  0x00, 0x00, 0x00, 0x00, 0x00, 0x00, 0x00, 0x35, 0x54, 0x00, 0x00, 0x00, 0x00, 0x00, 0x00, 0x00,
  0x00, 0x00, 0x54, 0x00, 0x00, 0x00, 0x00, 0xAA, 0xAA, 0x00, 0x00, 0x00, 0x00, 0x02, 0x80, 0x00,
  0x00, 0x00, 0x40, 0x00, 0x00, 0x00, 0x00, 0xD5, 0x55, 0x00, 0x00, 0x00, 0x00, 0x04, 0x40, 0x00,
  0x00, 0x00, 0x18, 0x00, 0x00, 0x00, 0x01, 0x2A, 0xA2, 0x80, 0x00, 0x00, 0x00, 0x01, 0x00, 0x00,
  0x00, 0x00, 0x08, 0x00, 0x00, 0x00, 0x00, 0x00, 0x08, 0x00, 0x00, 0x00, 0x00, 0x06, 0x00, 0x00,
  0x00, 0x00, 0x08, 0x01, 0x55, 0x55, 0x5B, 0x6D, 0x55, 0x75, 0x55, 0x55, 0x00, 0x04, 0x00, 0x00,
  0x00, 0x00, 0x0C, 0x0E, 0xAA, 0xAA, 0xAA, 0xAA, 0xAA, 0x95, 0x55, 0x55, 0x70, 0x08, 0x00, 0x00,
  0x00, 0x00, 0x04, 0x3E, 0xDD, 0xDD, 0xDD, 0xDD, 0xF7, 0xFF, 0xBB, 0xBA, 0xF4, 0x08, 0x00, 0x00,
  0x00, 0x00, 0x04, 0x45, 0xF7, 0xF7, 0xF7, 0xF7, 0xBE, 0xD6, 0xFF, 0xEF, 0x94, 0x18, 0x00, 0x00,
  0x00, 0x00, 0x04, 0x37, 0x7E, 0xDE, 0xDF, 0x7F, 0xF7, 0xFF, 0xDA, 0xFF, 0xEA, 0x10, 0x00, 0x00,
  0x00, 0x00, 0x06, 0x57, 0xDB, 0xFF, 0xFD, 0xDA, 0xDE, 0xB6, 0xFF, 0xB6, 0xD4, 0x20, 0x00, 0x00,
  0x00, 0x00, 0x02, 0x2A, 0xFF, 0x6D, 0xB7, 0xFF, 0xFB, 0xFF, 0xDB, 0xFF, 0xD4, 0x20, 0x00, 0x00,
  0x00, 0x00, 0x02, 0x57, 0xB7, 0xF5, 0x5E, 0xAD, 0xBF, 0x6A, 0x6E, 0xDA, 0xEA, 0x20, 0x00, 0x00,
  0x00, 0x00, 0x03, 0x2B, 0xFD, 0x02, 0x43, 0xFF, 0xEB, 0x91, 0x01, 0xF7, 0xAA, 0x60, 0x00, 0x00,
  0x00, 0x00, 0x01, 0x2E, 0xAC, 0x7F, 0xF8, 0x6A, 0xBE, 0x2F, 0xFC, 0x3E, 0xE8, 0x80, 0x00, 0x00,
  0x00, 0x00, 0x01, 0x53, 0xF1, 0xFF, 0xFF, 0x1F, 0xE8, 0xFF, 0xFF, 0x8B, 0xD6, 0x80, 0x00, 0x00,
  0x00, 0x00, 0x02, 0xAE, 0xD3, 0xFF, 0xEB, 0x9B, 0x73, 0xFF, 0xF5, 0xCF, 0x68, 0xA0, 0x00, 0x00,
  0x00, 0x00, 0x14, 0x53, 0xC7, 0xFF, 0x80, 0xC7, 0xD3, 0xFF, 0xC0, 0x63, 0xD5, 0x14, 0x00, 0x00,
  0x00, 0x00, 0x22, 0xAE, 0xCF, 0xFE, 0x04, 0x66, 0xE7, 0xFF, 0x84, 0x32, 0xD4, 0xA0, 0x00, 0x00,
  0x00, 0x00, 0x48, 0x47, 0x4F, 0xFF, 0x20, 0x27, 0x67, 0xFF, 0x10, 0x93, 0xD2, 0x14, 0x00, 0x00,
  0x00, 0x00, 0x12, 0xB5, 0xCF, 0xFF, 0x09, 0x6B, 0xA7, 0xFF, 0x82, 0x33, 0x6A, 0xA2, 0x00, 0x00,
  0x00, 0x00, 0x44, 0x4B, 0x67, 0xFF, 0x80, 0xCE, 0xF3, 0xFF, 0xC8, 0x67, 0xD4, 0x09, 0x00, 0x00,
  0x00, 0x00, 0x21, 0x2B, 0xE3, 0xFF, 0xFF, 0x97, 0xB1, 0xFF, 0xFB, 0xCA, 0xCA, 0xA4, 0x00, 0x00,
  0x00, 0x00, 0x8A, 0x56, 0xB8, 0xFF, 0xFE, 0x3A, 0xDC, 0x7F, 0xFF, 0x1F, 0x6A, 0x11, 0x00, 0x00,
  0x00, 0x00, 0x20, 0x4B, 0xEE, 0x2F, 0xE8, 0xEF, 0x76, 0x97, 0xF4, 0x75, 0xD4, 0x84, 0x00, 0x00,
  0x00, 0x00, 0x0A, 0x56, 0xBB, 0x90, 0x07, 0xB5, 0xDF, 0x48, 0x03, 0xDF, 0x64, 0x20, 0x00, 0x00,
  0x00, 0x00, 0x40, 0x55, 0xEE, 0xFF, 0xFA, 0xDF, 0xF5, 0xFB, 0xFE, 0xEA, 0xD5, 0x12, 0x00, 0x00,
  0x00, 0x00, 0x12, 0x4B, 0x5B, 0xAA, 0xAF, 0x77, 0xBB, 0x5E, 0xAB, 0x7F, 0xA8, 0x40, 0x00, 0x00,
  0x00, 0x00, 0x00, 0x57, 0xF6, 0xFD, 0xFB, 0xDD, 0x6F, 0xEB, 0xFD, 0xAA, 0xD5, 0x08, 0x00, 0x00,
  0x00, 0x00, 0x0A, 0x55, 0x5D, 0xAB, 0x2A, 0x6A, 0xB4, 0xB5, 0x57, 0xF7, 0x64, 0x20, 0x00, 0x00,
  0x00, 0x00, 0x00, 0x26, 0xEB, 0x74, 0xA2, 0x85, 0x45, 0x4A, 0x3A, 0xAD, 0xD4, 0x00, 0x00, 0x00,
  0x00, 0x00, 0x00, 0x55, 0xBE, 0xDD, 0xF7, 0xF7, 0xEF, 0xCF, 0xAF, 0x7B, 0x52, 0x00, 0x00, 0x00,
  0x00, 0x00, 0x00, 0x16, 0xD5, 0xE8, 0xF7, 0xE7, 0xE7, 0xEF, 0x35, 0xAD, 0xCA, 0x00, 0x00, 0x00,
  0x00, 0x00, 0x00, 0x4B, 0x7B, 0x5D, 0x10, 0x52, 0x28, 0x09, 0x5E, 0xF6, 0xE8, 0x00, 0x00, 0x00,
  0x00, 0x00, 0x00, 0x25, 0xAE, 0xEE, 0xEF, 0xAD, 0xD7, 0xF6, 0xEB, 0x5B, 0x4A, 0x00, 0x00, 0x00,
  0x00, 0x00, 0x00, 0x2B, 0x75, 0xB5, 0xB5, 0x7B, 0x7A, 0xBB, 0x5D, 0xAD, 0xA8, 0x00, 0x00, 0x00,
  0x00, 0x00, 0x00, 0x56, 0xDB, 0x5B, 0x6E, 0xD6, 0xD7, 0xD6, 0xEA, 0xF6, 0xD4, 0x00, 0x00, 0x00,
  0x00, 0x00, 0x00, 0x09, 0xAD, 0xED, 0xB5, 0xBB, 0x6D, 0x6D, 0xB7, 0x5B, 0x4A, 0x00, 0x00, 0x00,
  0x00, 0x00, 0x00, 0x2E, 0xDA, 0xB6, 0xDB, 0x55, 0xB6, 0xB6, 0xAD, 0xAD, 0x70, 0x00, 0x00, 0x00,
  0x00, 0x00, 0x00, 0x15, 0x25, 0x09, 0x24, 0xAA, 0x49, 0x49, 0x52, 0x52, 0xA8, 0x00, 0x00, 0x00,
  0x00, 0x00, 0x00, 0x02, 0x52, 0xA4, 0x92, 0x45, 0x24, 0x92, 0x29, 0x28, 0x40, 0x00, 0x00, 0x00,
  0x00, 0x00, 0x00, 0x00, 0x00, 0x00, 0x00, 0x00, 0x00, 0x00, 0x00, 0x01, 0x00, 0x00, 0x00, 0x00,
  0x00, 0x00, 0x00, 0x00, 0x00, 0x00, 0x00, 0x00, 0x00, 0x00, 0x00, 0x00, 0x00, 0x00, 0x00, 0x00,
  0x00, 0x00, 0x00, 0x00, 0x00, 0x00, 0x00, 0x00, 0x00, 0x00, 0x00, 0x00, 0x00, 0x00, 0x00, 0x00,
  0x00, 0x00, 0x00, 0x00, 0x00, 0x00, 0x00, 0x00, 0x00, 0x00, 0x00, 0x00, 0x00, 0x00, 0x00, 0x00,
  0x00, 0x00, 0x00, 0x00, 0x00, 0x00, 0x00, 0x00, 0x00, 0x00, 0x00, 0x00, 0x00, 0x00, 0x00, 0x00,
  0x00, 0x00, 0x00, 0x00, 0x00, 0x00, 0x00, 0x00, 0x00, 0x00, 0x00, 0x00, 0x00, 0x00, 0x00, 0x00,
  0x00, 0x00, 0x00, 0x00, 0x00, 0x00, 0x00, 0x00, 0x00, 0x00, 0x00, 0x00, 0x00, 0x00, 0x00, 0x00,
  0x00, 0x00, 0x00, 0x00, 0x00, 0x00, 0x00, 0x00, 0x00, 0x00, 0x00, 0x00, 0x00, 0x00, 0x00, 0x00,
  0x00, 0x00, 0x00, 0x00, 0x00, 0x00, 0x00, 0x00, 0x00, 0x00, 0x00, 0x00, 0x00, 0x00, 0x00, 0x00,
  0x00, 0x00, 0x00, 0x00, 0x00, 0x00, 0x00, 0x00, 0x00, 0x00, 0x00, 0x00, 0x00, 0x00, 0x00, 0x00,
  0x00, 0x00, 0x00, 0x00, 0x00, 0x00, 0x00, 0x00, 0x00, 0x00, 0x00, 0x00, 0x00, 0x00, 0x00, 0x00
};

const unsigned char gif_frame_7[] PROGMEM = {
  0x00, 0x00, 0x00, 0x00, 0x00, 0x00, 0x00, 0x00, 0x00, 0x00, 0x00, 0x00, 0x00, 0x00, 0x00, 0x00,
  0x00, 0x00, 0x00, 0x00, 0x00, 0x00, 0x00, 0x00, 0x00, 0x00, 0x00, 0x00, 0x00, 0x00, 0x00, 0x00,
  0x00, 0x00, 0x00, 0x00, 0x00, 0x00, 0x00, 0x00, 0x00, 0x00, 0x00, 0x00, 0x00, 0x00, 0x00, 0x00,
  0x00, 0x00, 0x00, 0x00, 0x00, 0x00, 0x00, 0x00, 0x00, 0x00, 0x00, 0x00, 0x00, 0x00, 0x00, 0x00,
  0x00, 0x00, 0x00, 0x00, 0x00, 0x00, 0x00, 0x00, 0x00, 0x00, 0x00, 0x00, 0x00, 0x00, 0x00, 0x00,
  0x00, 0x00, 0x00, 0x00, 0x00, 0x00, 0x00, 0x00, 0x00, 0x00, 0x00, 0x00, 0x00, 0x00, 0x00, 0x00,
  0x00, 0x00, 0x00, 0x00, 0x00, 0x00, 0x00, 0x00, 0x00, 0x00, 0x00, 0x00, 0x00, 0x00, 0x00, 0x00,
  0x00, 0x00, 0x00, 0x00, 0x00, 0x00, 0x00, 0x00, 0x00, 0x00, 0x00, 0x00, 0x00, 0x00, 0x00, 0x00,
  0x00, 0x00, 0x00, 0x00, 0x00, 0x00, 0x00, 0x00, 0x00, 0x00, 0x00, 0x00, 0x00, 0x00, 0x00, 0x00,
  0x00, 0x00, 0x00, 0x00, 0x00, 0x00, 0x00, 0x00, 0x00, 0x00, 0x00, 0x00, 0x00, 0x00, 0x00, 0x00,
  0x00, 0x00, 0x00, 0x00, 0x00, 0x00, 0x00, 0x00, 0x00, 0x00, 0x00, 0x00, 0x00, 0x00, 0x00, 0x00,
  0x00, 0x00, 0x00, 0x00, 0x00, 0x00, 0x00, 0x05, 0x20, 0x00, 0x00, 0x00, 0x00, 0x00, 0x00, 0x00,
  0x00, 0x00, 0x00, 0x00, 0x00, 0x00, 0x00, 0x35, 0x54, 0x00, 0x00, 0x00, 0x00, 0x00, 0x00, 0x00,
  0x00, 0x00, 0x54, 0x00, 0x00, 0x00, 0x00, 0xAA, 0xAA, 0x00, 0x00, 0x00, 0x00, 0x00, 0x00, 0x00,
  0x00, 0x00, 0x40, 0x00, 0x00, 0x00, 0x00, 0xD5, 0x55, 0x00, 0x00, 0x00, 0x00, 0x00, 0x54, 0x00,
  0x00, 0x00, 0x18, 0x00, 0x00, 0x00, 0x01, 0x2A, 0xA2, 0x80, 0x00, 0x00, 0x00, 0x00, 0x08, 0x00,
  0x00, 0x00, 0x08, 0x00, 0x00, 0x00, 0x00, 0x00, 0x08, 0x00, 0x00, 0x00, 0x00, 0x00, 0x40, 0x00,
  0x00, 0x00, 0x08, 0x01, 0x55, 0x55, 0x5B, 0x6D, 0x55, 0x75, 0x55, 0x55, 0x00, 0x00, 0xC0, 0x00,
  0x00, 0x00, 0x0C, 0x0E, 0xAA, 0xAA, 0xAA, 0xAA, 0xAA, 0x95, 0x55, 0x55, 0x70, 0x01, 0x00, 0x00,
  0x00, 0x00, 0x04, 0x3E, 0xDD, 0xDD, 0xDD, 0xDD, 0xF7, 0xFF, 0xBB, 0xBA, 0xF4, 0x01, 0x00, 0x00,
  0x00, 0x00, 0x04, 0x45, 0xF7, 0xF7, 0xF7, 0xF7, 0xBE, 0xD6, 0xFF, 0xEF, 0x94, 0x02, 0x00, 0x00,
  0x00, 0x00, 0x04, 0x37, 0x7E, 0xDE, 0xDF, 0x7F, 0xF7, 0xFF, 0xDA, 0xFF, 0xEA, 0x06, 0x00, 0x00,
  0x00, 0x00, 0x06, 0x57, 0xDB, 0xFF, 0xFD, 0xDA, 0xDE, 0xB6, 0xFF, 0xB6, 0xD4, 0x08, 0x00, 0x00,
  0x00, 0x00, 0x02, 0x2A, 0xFF, 0x6D, 0xB7, 0xFF, 0xFB, 0xFF, 0xDB, 0xFF, 0xD4, 0x08, 0x00, 0x00,
  0x00, 0x00, 0x02, 0x57, 0xB7, 0xF5, 0x5E, 0xAD, 0xBF, 0x6A, 0x6E, 0xDA, 0xEA, 0x10, 0x00, 0x00,
  0x00, 0x00, 0x03, 0x2B, 0xFD, 0x02, 0x43, 0xFF, 0xEB, 0x91, 0x01, 0xF7, 0xAA, 0x30, 0x00, 0x00,
  0x00, 0x00, 0x01, 0x2E, 0xAC, 0x7F, 0xF8, 0x6A, 0xBE, 0x2F, 0xFC, 0x3E, 0xE8, 0x40, 0x00, 0x00,
  0x00, 0x00, 0x01, 0x53, 0xF1, 0xFF, 0xFF, 0x1F, 0xE8, 0xFF, 0xFF, 0x8B, 0xD6, 0x40, 0x00, 0x00,
  0x00, 0x00, 0x02, 0xAE, 0xD3, 0xFF, 0xEB, 0x9B, 0x73, 0xFF, 0xF5, 0xCF, 0x68, 0xA0, 0x00, 0x00,
  0x00, 0x00, 0x14, 0x53, 0xC7, 0xFF, 0x80, 0xC7, 0xD3, 0xFF, 0xC0, 0x63, 0xD5, 0x14, 0x00, 0x00,
  0x00, 0x00, 0x22, 0xAE, 0xCF, 0xFE, 0x04, 0x66, 0xE7, 0xFF, 0x84, 0x32, 0xD4, 0xA0, 0x00, 0x00,
  0x00, 0x00, 0x48, 0x47, 0x4F, 0xFF, 0x20, 0x27, 0x67, 0xFF, 0x10, 0x93, 0xD2, 0x4A, 0x00, 0x00,
  0x00, 0x00, 0x12, 0xB5, 0xCF, 0xFF, 0x09, 0x6B, 0xA7, 0xFF, 0x82, 0x33, 0x6A, 0x10, 0x00, 0x00,
  0x00, 0x00, 0x44, 0x4B, 0x67, 0xFF, 0x80, 0xCE, 0xF3, 0xFF, 0xC8, 0x67, 0xD5, 0x45, 0x00, 0x00,
  0x00, 0x00, 0x21, 0x2B, 0xE3, 0xFF, 0xFF, 0x97, 0xB1, 0xFF, 0xFB, 0xCA, 0xCA, 0x22, 0x00, 0x00,
  0x00, 0x00, 0x8A, 0x56, 0xB8, 0xFF, 0xFE, 0x3A, 0xDC, 0x7F, 0xFF, 0x1F, 0x68, 0x88, 0x00, 0x00,
  0x00, 0x00, 0x20, 0x4B, 0xEE, 0x2F, 0xE8, 0xEF, 0x76, 0x97, 0xF4, 0x75, 0xD6, 0x22, 0x00, 0x00,
  0x00, 0x00, 0x0A, 0x56, 0xBB, 0x90, 0x07, 0xB5, 0xDF, 0x48, 0x03, 0xDF, 0x60, 0x88, 0x00, 0x00,
  0x00, 0x00, 0x40, 0x55, 0xEE, 0xFF, 0xFA, 0xDF, 0xF5, 0xFB, 0xFE, 0xEA, 0xDA, 0x22, 0x00, 0x00,
  0x00, 0x00, 0x12, 0x4B, 0x5B, 0xAA, 0xAF, 0x77, 0xBB, 0x5E, 0xAB, 0x7F, 0xA5, 0x00, 0x00, 0x00,
  0x00, 0x00, 0x00, 0x57, 0xF6, 0xFD, 0xFB, 0xDD, 0x6F, 0xEB, 0xFD, 0xAA, 0xD4, 0x28, 0x00, 0x00,
  0x00, 0x00, 0x0A, 0x55, 0x5D, 0xAB, 0x2A, 0x6A, 0xB4, 0xB5, 0x57, 0xF7, 0x6A, 0x00, 0x00, 0x00,
  0x00, 0x00, 0x00, 0x26, 0xEB, 0x74, 0xA2, 0x85, 0x45, 0x4A, 0x3A, 0xAD, 0xC8, 0x00, 0x00, 0x00,
  0x00, 0x00, 0x00, 0x55, 0xBE, 0xDD, 0xF7, 0xF7, 0xEF, 0xCF, 0xAF, 0x7B, 0x64, 0x00, 0x00, 0x00,
  0x00, 0x00, 0x00, 0x16, 0xD5, 0xE8, 0xF7, 0xE7, 0xE7, 0xEF, 0x35, 0xAD, 0xAA, 0x00, 0x00, 0x00,
  0x00, 0x00, 0x00, 0x4B, 0x7B, 0x5D, 0x10, 0x52, 0x28, 0x09, 0x5E, 0xF6, 0xD4, 0x00, 0x00, 0x00,
  0x00, 0x00, 0x00, 0x25, 0xAE, 0xEE, 0xEF, 0xAD, 0xD7, 0xF6, 0xEB, 0x5B, 0x62, 0x00, 0x00, 0x00,
  0x00, 0x00, 0x00, 0x2B, 0x75, 0xB5, 0xB5, 0x7B, 0x7A, 0xBB, 0x5D, 0xAD, 0xA8, 0x00, 0x00, 0x00,
  0x00, 0x00, 0x00, 0x56, 0xDB, 0x5B, 0x6E, 0xD6, 0xD7, 0xD6, 0xEA, 0xF6, 0xD4, 0x00, 0x00, 0x00,
  0x00, 0x00, 0x00, 0x09, 0xAD, 0xED, 0xB5, 0xBB, 0x6D, 0x6D, 0xB7, 0x5B, 0xA4, 0x00, 0x00, 0x00,
  0x00, 0x00, 0x00, 0x2E, 0xDA, 0xB6, 0xDB, 0x55, 0xB6, 0xB6, 0xAD, 0xAC, 0xB4, 0x00, 0x00, 0x00,
  0x00, 0x00, 0x00, 0x15, 0x25, 0x09, 0x24, 0xAA, 0x49, 0x49, 0x52, 0x52, 0x68, 0x00, 0x00, 0x00,
  0x00, 0x00, 0x00, 0x02, 0x52, 0xA4, 0x92, 0x45, 0x24, 0x92, 0x29, 0x29, 0x00, 0x00, 0x00, 0x00,
  0x00, 0x00, 0x00, 0x00, 0x00, 0x00, 0x00, 0x00, 0x00, 0x00, 0x00, 0x00, 0x00, 0x00, 0x00, 0x00,
  0x00, 0x00, 0x00, 0x00, 0x00, 0x00, 0x00, 0x00, 0x00, 0x00, 0x00, 0x00, 0x00, 0x00, 0x00, 0x00,
  0x00, 0x00, 0x00, 0x00, 0x00, 0x00, 0x00, 0x00, 0x00, 0x00, 0x00, 0x00, 0x00, 0x00, 0x00, 0x00,
  0x00, 0x00, 0x00, 0x00, 0x00, 0x00, 0x00, 0x00, 0x00, 0x00, 0x00, 0x00, 0x00, 0x00, 0x00, 0x00,
  0x00, 0x00, 0x00, 0x00, 0x00, 0x00, 0x00, 0x00, 0x00, 0x00, 0x00, 0x00, 0x00, 0x00, 0x00, 0x00,
  0x00, 0x00, 0x00, 0x00, 0x00, 0x00, 0x00, 0x00, 0x00, 0x00, 0x00, 0x00, 0x00, 0x00, 0x00, 0x00,
  0x00, 0x00, 0x00, 0x00, 0x00, 0x00, 0x00, 0x00, 0x00, 0x00, 0x00, 0x00, 0x00, 0x00, 0x00, 0x00,
  0x00, 0x00, 0x00, 0x00, 0x00, 0x00, 0x00, 0x00, 0x00, 0x00, 0x00, 0x00, 0x00, 0x00, 0x00, 0x00,
  0x00, 0x00, 0x00, 0x00, 0x00, 0x00, 0x00, 0x00, 0x00, 0x00, 0x00, 0x00, 0x00, 0x00, 0x00, 0x00,
  0x00, 0x00, 0x00, 0x00, 0x00, 0x00, 0x00, 0x00, 0x00, 0x00, 0x00, 0x00, 0x00, 0x00, 0x00, 0x00,
  0x00, 0x00, 0x00, 0x00, 0x00, 0x00, 0x00, 0x00, 0x00, 0x00, 0x00, 0x00, 0x00, 0x00, 0x00, 0x00
};

const unsigned char gif_frame_8[] PROGMEM = {
  0x00, 0x00, 0x00, 0x00, 0x00, 0x00, 0x00, 0x00, 0x00, 0x00, 0x00, 0x00, 0x00, 0x00, 0x00, 0x00,
  0x00, 0x00, 0x00, 0x00, 0x00, 0x00, 0x00, 0x00, 0x00, 0x00, 0x00, 0x00, 0x00, 0x00, 0x00, 0x00,
  0x00, 0x00, 0x00, 0x00, 0x00, 0x00, 0x00, 0x00, 0x00, 0x00, 0x00, 0x00, 0x00, 0x00, 0x00, 0x00,
  0x00, 0x00, 0x00, 0x00, 0x00, 0x00, 0x00, 0x00, 0x00, 0x00, 0x00, 0x00, 0x00, 0x00, 0x00, 0x00,
  0x00, 0x00, 0x00, 0x00, 0x00, 0x00, 0x00, 0x00, 0x00, 0x00, 0x00, 0x00, 0x00, 0x00, 0x00, 0x00,
  0x00, 0x00, 0x00, 0x00, 0x00, 0x00, 0x00, 0x00, 0x00, 0x00, 0x00, 0x00, 0x00, 0x00, 0x00, 0x00,
  0x00, 0x00, 0x00, 0x00, 0x00, 0x00, 0x00, 0x00, 0x00, 0x00, 0x00, 0x00, 0x00, 0x00, 0x00, 0x00,
  0x00, 0x00, 0x00, 0x00, 0x00, 0x00, 0x00, 0x00, 0x00, 0x00, 0x00, 0x00, 0x00, 0x00, 0x00, 0x00,
  0x00, 0x00, 0x00, 0x00, 0x00, 0x00, 0x00, 0x00, 0x00, 0x00, 0x00, 0x00, 0x00, 0x00, 0x00, 0x00,
  0x00, 0x00, 0x00, 0x00, 0x00, 0x00, 0x00, 0x00, 0x00, 0x00, 0x00, 0x00, 0x00, 0x00, 0x00, 0x00,
  0x00, 0x00, 0x00, 0x00, 0x00, 0x00, 0x00, 0x00, 0x00, 0x00, 0x00, 0x00, 0x00, 0x00, 0x00, 0x00,
  0x00, 0x00, 0x00, 0x00, 0x00, 0x00, 0x00, 0x05, 0x20, 0x00, 0x00, 0x00, 0x00, 0x00, 0x00, 0x00,
  0x00, 0x00, 0x00, 0x00, 0x00, 0x00, 0x00, 0x35, 0x54, 0x00, 0x00, 0x00, 0x00, 0x00, 0x00, 0x00,
  0x00, 0x00, 0x54, 0x00, 0x00, 0x00, 0x00, 0xAA, 0xAA, 0x00, 0x00, 0x00, 0x00, 0x00, 0x00, 0x00,
  0x00, 0x00, 0x40, 0x00, 0x00, 0x00, 0x00, 0xD5, 0x55, 0x00, 0x00, 0x00, 0x00, 0x00, 0x15, 0x00,
  0x00, 0x00, 0x18, 0x00, 0x00, 0x00, 0x01, 0x2A, 0xA2, 0x80, 0x00, 0x00, 0x00, 0x00, 0x02, 0x00,
  0x00, 0x00, 0x08, 0x00, 0x00, 0x00, 0x00, 0x00, 0x08, 0x00, 0x00, 0x00, 0x00, 0x00, 0x30, 0x00,
  0x00, 0x00, 0x08, 0x01, 0x55, 0x55, 0x5B, 0x6D, 0x55, 0x75, 0x55, 0x55, 0x00, 0x00, 0x40, 0x00,
  0x00, 0x00, 0x0C, 0x0E, 0xAA, 0xAA, 0xAA, 0xAA, 0xAA, 0x95, 0x55, 0x55, 0x70, 0x00, 0x40, 0x00,
  0x00, 0x00, 0x04, 0x3E, 0xDD, 0xDD, 0xDD, 0xDD, 0xF7, 0xFF, 0xBB, 0xBA, 0xF4, 0x00, 0x80, 0x00,
  0x00, 0x00, 0x04, 0x45, 0xF7, 0xF7, 0xF7, 0xF7, 0xBE, 0xD6, 0xFF, 0xEF, 0x94, 0x01, 0x00, 0x00,
  0x00, 0x00, 0x04, 0x37, 0x7E, 0xDE, 0xDF, 0x7F, 0xF7, 0xFF, 0xDA, 0xFF, 0xEA, 0x03, 0x00, 0x00,
  0x00, 0x00, 0x06, 0x57, 0xDB, 0xFF, 0xFD, 0xDA, 0xDE, 0xB6, 0xFF, 0xB6, 0xD4, 0x04, 0x00, 0x00,
  0x00, 0x00, 0x02, 0x2A, 0xFF, 0x6D, 0xB7, 0xFF, 0xFB, 0xFF, 0xDB, 0xFF, 0xD4, 0x0C, 0x00, 0x00,
  0x00, 0x00, 0x02, 0x57, 0xB7, 0xF5, 0x5E, 0xAD, 0xBF, 0x6A, 0x6E, 0xDA, 0xEA, 0x10, 0x00, 0x00,
  0x00, 0x00, 0x03, 0x2B, 0xFD, 0x02, 0x43, 0xFF, 0xEB, 0x91, 0x01, 0xF7, 0xAA, 0x10, 0x00, 0x00,
  0x00, 0x00, 0x01, 0x2E, 0xAC, 0x7F, 0xF8, 0x6A, 0xBE, 0x2F, 0xFC, 0x3E, 0xE8, 0x60, 0x00, 0x00,
  0x00, 0x00, 0x01, 0x53, 0xF1, 0xFF, 0xFF, 0x1F, 0xE8, 0xFF, 0xFF, 0x8B, 0xD6, 0x40, 0x00, 0x00,
  0x00, 0x00, 0x02, 0xAE, 0xD3, 0xFF, 0xEB, 0x9B, 0x73, 0xFF, 0xF5, 0xCF, 0x68, 0x80, 0x00, 0x00,
  0x00, 0x00, 0x14, 0x53, 0xC7, 0xFF, 0x80, 0xC7, 0xD3, 0xFF, 0xC0, 0x63, 0xD5, 0x28, 0x00, 0x00,
  0x00, 0x00, 0x22, 0xAE, 0xCF, 0xFE, 0x04, 0x66, 0xE7, 0xFF, 0x84, 0x32, 0xD4, 0x94, 0x00, 0x00,
  0x00, 0x00, 0x48, 0x47, 0x4F, 0xFF, 0x20, 0x27, 0x67, 0xFF, 0x10, 0x93, 0xD2, 0x42, 0x00, 0x00,
  0x00, 0x00, 0x12, 0xB5, 0xCF, 0xFF, 0x09, 0x6B, 0xA7, 0xFF, 0x82, 0x33, 0x6A, 0x28, 0x00, 0x00,
  0x00, 0x00, 0x44, 0x4B, 0x67, 0xFF, 0x80, 0xCE, 0xF3, 0xFF, 0xC8, 0x67, 0xD5, 0x45, 0x00, 0x00,
  0x00, 0x00, 0x21, 0x2B, 0xE3, 0xFF, 0xFF, 0x97, 0xB1, 0xFF, 0xFB, 0xCA, 0xCA, 0x10, 0x00, 0x00,
  0x00, 0x00, 0x8A, 0x56, 0xB8, 0xFF, 0xFE, 0x3A, 0xDC, 0x7F, 0xFF, 0x1F, 0x68, 0x85, 0x00, 0x00,
  0x00, 0x00, 0x20, 0x4B, 0xEE, 0x2F, 0xE8, 0xEF, 0x76, 0x97, 0xF4, 0x75, 0xD6, 0x20, 0x00, 0x00,
  0x00, 0x00, 0x0A, 0x56, 0xBB, 0x90, 0x07, 0xB5, 0xDF, 0x48, 0x03, 0xDF, 0x60, 0x94, 0x00, 0x00,
  0x00, 0x00, 0x40, 0x55, 0xEE, 0xFF, 0xFA, 0xDF, 0xF5, 0xFB, 0xFE, 0xEA, 0xDA, 0x01, 0x00, 0x00,
  0x00, 0x00, 0x12, 0x4B, 0x5B, 0xAA, 0xAF, 0x77, 0xBB, 0x5E, 0xAB, 0x7F, 0xA5, 0x24, 0x00, 0x00,
  0x00, 0x00, 0x00, 0x57, 0xF6, 0xFD, 0xFB, 0xDD, 0x6F, 0xEB, 0xFD, 0xAA, 0xD4, 0x00, 0x00, 0x00,
  0x00, 0x00, 0x0A, 0x55, 0x5D, 0xAB, 0x2A, 0x6A, 0xB4, 0xB5, 0x57, 0xF7, 0x6A, 0x50, 0x00, 0x00,
  0x00, 0x00, 0x00, 0x26, 0xEB, 0x74, 0xA2, 0x85, 0x45, 0x4A, 0x3A, 0xAD, 0xC8, 0x00, 0x00, 0x00,
  0x00, 0x00, 0x00, 0x55, 0xBE, 0xDD, 0xF7, 0xF7, 0xEF, 0xCF, 0xAF, 0x7B, 0x64, 0x00, 0x00, 0x00,
  0x00, 0x00, 0x00, 0x16, 0xD5, 0xE8, 0xF7, 0xE7, 0xE7, 0xEF, 0x35, 0xAD, 0xAA, 0x00, 0x00, 0x00,
  0x00, 0x00, 0x00, 0x4B, 0x7B, 0x5D, 0x10, 0x52, 0x28, 0x09, 0x5E, 0xF6, 0xD4, 0x00, 0x00, 0x00,
  0x00, 0x00, 0x00, 0x25, 0xAE, 0xEE, 0xEF, 0xAD, 0xD7, 0xF6, 0xEB, 0x5B, 0x62, 0x00, 0x00, 0x00,
  0x00, 0x00, 0x00, 0x2B, 0x75, 0xB5, 0xB5, 0x7B, 0x7A, 0xBB, 0x5D, 0xAD, 0xA8, 0x00, 0x00, 0x00,
  0x00, 0x00, 0x00, 0x56, 0xDB, 0x5B, 0x6E, 0xD6, 0xD7, 0xD6, 0xEA, 0xF6, 0xD4, 0x00, 0x00, 0x00,
  0x00, 0x00, 0x00, 0x09, 0xAD, 0xED, 0xB5, 0xBB, 0x6D, 0x6D, 0xB7, 0x5B, 0xA4, 0x00, 0x00, 0x00,
  0x00, 0x00, 0x00, 0x2E, 0xDA, 0xB6, 0xDB, 0x55, 0xB6, 0xB6, 0xAD, 0xAC, 0xB4, 0x00, 0x00, 0x00,
  0x00, 0x00, 0x00, 0x15, 0x25, 0x09, 0x24, 0xAA, 0x49, 0x49, 0x52, 0x52, 0x68, 0x00, 0x00, 0x00,
  0x00, 0x00, 0x00, 0x02, 0x52, 0xA4, 0x92, 0x45, 0x24, 0x92, 0x29, 0x29, 0x00, 0x00, 0x00, 0x00,
  0x00, 0x00, 0x00, 0x00, 0x00, 0x00, 0x00, 0x00, 0x00, 0x00, 0x00, 0x00, 0x00, 0x00, 0x00, 0x00,
  0x00, 0x00, 0x00, 0x00, 0x00, 0x00, 0x00, 0x00, 0x00, 0x00, 0x00, 0x00, 0x00, 0x00, 0x00, 0x00,
  0x00, 0x00, 0x00, 0x00, 0x00, 0x00, 0x00, 0x00, 0x00, 0x00, 0x00, 0x00, 0x00, 0x00, 0x00, 0x00,
  0x00, 0x00, 0x00, 0x00, 0x00, 0x00, 0x00, 0x00, 0x00, 0x00, 0x00, 0x00, 0x00, 0x00, 0x00, 0x00,
  0x00, 0x00, 0x00, 0x00, 0x00, 0x00, 0x00, 0x00, 0x00, 0x00, 0x00, 0x00, 0x00, 0x00, 0x00, 0x00,
  0x00, 0x00, 0x00, 0x00, 0x00, 0x00, 0x00, 0x00, 0x00, 0x00, 0x00, 0x00, 0x00, 0x00, 0x00, 0x00,
  0x00, 0x00, 0x00, 0x00, 0x00, 0x00, 0x00, 0x00, 0x00, 0x00, 0x00, 0x00, 0x00, 0x00, 0x00, 0x00,
  0x00, 0x00, 0x00, 0x00, 0x00, 0x00, 0x00, 0x00, 0x00, 0x00, 0x00, 0x00, 0x00, 0x00, 0x00, 0x00,
  0x00, 0x00, 0x00, 0x00, 0x00, 0x00, 0x00, 0x00, 0x00, 0x00, 0x00, 0x00, 0x00, 0x00, 0x00, 0x00,
  0x00, 0x00, 0x00, 0x00, 0x00, 0x00, 0x00, 0x00, 0x00, 0x00, 0x00, 0x00, 0x00, 0x00, 0x00, 0x00,
  0x00, 0x00, 0x00, 0x00, 0x00, 0x00, 0x00, 0x00, 0x00, 0x00, 0x00, 0x00, 0x00, 0x00, 0x00, 0x00
};

const unsigned char gif_frame_9[] PROGMEM = {
  0x00, 0x00, 0x00, 0x00, 0x00, 0x00, 0x00, 0x00, 0x00, 0x00, 0x00, 0x00, 0x00, 0x00, 0x00, 0x00,
  0x00, 0x00, 0x00, 0x00, 0x00, 0x00, 0x00, 0x00, 0x00, 0x00, 0x00, 0x00, 0x00, 0x00, 0x00, 0x00,
  0x00, 0x00, 0x00, 0x00, 0x00, 0x00, 0x00, 0x00, 0x00, 0x00, 0x00, 0x00, 0x00, 0x00, 0x00, 0x00,
  0x00, 0x00, 0x00, 0x00, 0x00, 0x00, 0x00, 0x00, 0x00, 0x00, 0x00, 0x00, 0x00, 0x00, 0x00, 0x00,
  0x00, 0x00, 0x00, 0x00, 0x00, 0x00, 0x00, 0x00, 0x00, 0x00, 0x00, 0x00, 0x00, 0x00, 0x00, 0x00,
  0x00, 0x00, 0x00, 0x00, 0x00, 0x00, 0x00, 0x00, 0x00, 0x00, 0x00, 0x00, 0x00, 0x00, 0x00, 0x00,
  0x00, 0x00, 0x00, 0x00, 0x00, 0x00, 0x00, 0x00, 0x00, 0x00, 0x00, 0x00, 0x00, 0x00, 0x00, 0x00,
  0x00, 0x00, 0x00, 0x00, 0x00, 0x00, 0x00, 0x00, 0x00, 0x00, 0x00, 0x00, 0x00, 0x00, 0x00, 0x00,
  0x00, 0x00, 0x00, 0x00, 0x00, 0x00, 0x00, 0x00, 0x00, 0x00, 0x00, 0x00, 0x00, 0x00, 0x00, 0x00,
  0x00, 0x00, 0x00, 0x00, 0x00, 0x00, 0x00, 0x00, 0x00, 0x00, 0x00, 0x00, 0x00, 0x00, 0x00, 0x00,
  0x00, 0x00, 0x00, 0x00, 0x00, 0x00, 0x00, 0x00, 0x00, 0x00, 0x00, 0x00, 0x00, 0x00, 0x00, 0x00,
  0x00, 0x00, 0x00, 0x00, 0x00, 0x00, 0x00, 0x05, 0x20, 0x00, 0x00, 0x00, 0x00, 0x00, 0x00, 0x00,
  0x00, 0x00, 0x00, 0x00, 0x00, 0x00, 0x00, 0x35, 0x54, 0x00, 0x00, 0x00, 0x00, 0x00, 0x00, 0x00,
  0x00, 0x00, 0x54, 0x00, 0x00, 0x00, 0x00, 0xAA, 0xAA, 0x00, 0x00, 0x00, 0x00, 0x00, 0x00, 0x00,
  0x00, 0x00, 0x40, 0x00, 0x00, 0x00, 0x00, 0xD5, 0x55, 0x00, 0x00, 0x00, 0x00, 0x00, 0x15, 0x00,
  0x00, 0x00, 0x18, 0x00, 0x00, 0x00, 0x01, 0x2A, 0xA2, 0x80, 0x00, 0x00, 0x00, 0x00, 0x00, 0x00,
  0x00, 0x00, 0x08, 0x00, 0x00, 0x00, 0x00, 0x00, 0x08, 0x00, 0x00, 0x00, 0x00, 0x00, 0x2A, 0x00,
  0x00, 0x00, 0x08, 0x01, 0x55, 0x55, 0x5B, 0x6D, 0x55, 0x75, 0x55, 0x55, 0x00, 0x00, 0x20, 0x00,
  0x00, 0x00, 0x0C, 0x0E, 0xAA, 0xAA, 0xAA, 0xAA, 0xAA, 0x95, 0x55, 0x55, 0x70, 0x00, 0x40, 0x00,
  0x00, 0x00, 0x04, 0x3E, 0xDD, 0xDD, 0xDD, 0xDD, 0xF7, 0xFF, 0xBB, 0xBA, 0xF4, 0x00, 0xC0, 0x00,
  0x00, 0x00, 0x04, 0x45, 0xF7, 0xF7, 0xF7, 0xF7, 0xBE, 0xD6, 0xFF, 0xEF, 0x94, 0x01, 0x00, 0x00,
  0x00, 0x00, 0x04, 0x37, 0x7E, 0xDE, 0xDF, 0x7F, 0xF7, 0xFF, 0xDA, 0xFF, 0xEA, 0x02, 0x00, 0x00,
  0x00, 0x00, 0x06, 0x57, 0xDB, 0xFF, 0xFD, 0xDA, 0xDE, 0xB6, 0xFF, 0xB6, 0xD4, 0x02, 0x00, 0x00,
  0x00, 0x00, 0x02, 0x2A, 0xFF, 0x6D, 0xB7, 0xFF, 0xFB, 0xFF, 0xDB, 0xFF, 0xD4, 0x0C, 0x00, 0x00,
  0x00, 0x00, 0x02, 0x57, 0xB7, 0xF5, 0x5E, 0xAD, 0xBF, 0x6A, 0x6E, 0xDA, 0xEA, 0x08, 0x00, 0x00,
  0x00, 0x00, 0x03, 0x2B, 0xFD, 0x02, 0x43, 0xFF, 0xEB, 0x91, 0x01, 0xF7, 0xAA, 0x10, 0x00, 0x00,
  0x00, 0x00, 0x01, 0x2E, 0xAC, 0x7F, 0xF8, 0x6A, 0xBE, 0x2F, 0xFC, 0x3E, 0xE8, 0x20, 0x00, 0x00,
  0x00, 0x00, 0x01, 0x53, 0xF1, 0xFF, 0xFF, 0x1F, 0xE8, 0xFF, 0xFF, 0x8B, 0xD6, 0x60, 0x00, 0x00,
  0x00, 0x00, 0x02, 0xAE, 0xD3, 0xFF, 0xEB, 0x9B, 0x73, 0xFF, 0xF5, 0xCF, 0x68, 0x80, 0x00, 0x00,
  0x00, 0x00, 0x14, 0x53, 0xC7, 0xFF, 0x80, 0xC7, 0xD3, 0xFF, 0xC0, 0x63, 0xD5, 0x54, 0x00, 0x00,
  0x00, 0x00, 0x22, 0xAE, 0xCF, 0xFE, 0x04, 0x66, 0xE7, 0xFF, 0x84, 0x32, 0xD4, 0x22, 0x00, 0x00,
  0x00, 0x00, 0x48, 0x47, 0x4F, 0xFF, 0x20, 0x27, 0x67, 0xFF, 0x10, 0x93, 0xD2, 0x88, 0x00, 0x00,
  0x00, 0x00, 0x12, 0xB5, 0xCF, 0xFF, 0x09, 0x6B, 0xA7, 0xFF, 0x82, 0x33, 0x6A, 0x52, 0x00, 0x00,
  0x00, 0x00, 0x44, 0x4B, 0x67, 0xFF, 0x80, 0xCE, 0xF3, 0xFF, 0xC8, 0x67, 0xD5, 0x09, 0x00, 0x00,
  0x00, 0x00, 0x21, 0x2B, 0xE3, 0xFF, 0xFF, 0x97, 0xB1, 0xFF, 0xFB, 0xCA, 0xCA, 0x40, 0x00, 0x00,
  0x00, 0x00, 0x8A, 0x56, 0xB8, 0xFF, 0xFE, 0x3A, 0xDC, 0x7F, 0xFF, 0x1F, 0x68, 0x2A, 0x00, 0x00,
  0x00, 0x00, 0x20, 0x4B, 0xEE, 0x2F, 0xE8, 0xEF, 0x76, 0x97, 0xF4, 0x75, 0xD6, 0x81, 0x00, 0x00,
  0x00, 0x00, 0x0A, 0x56, 0xBB, 0x90, 0x07, 0xB5, 0xDF, 0x48, 0x03, 0xDF, 0x62, 0x28, 0x00, 0x00,
  0x00, 0x00, 0x40, 0x55, 0xEE, 0xFF, 0xFA, 0xDF, 0xF5, 0xFB, 0xFE, 0xEA, 0xD8, 0x82, 0x00, 0x00,
  0x00, 0x00, 0x12, 0x4B, 0x5B, 0xAA, 0xAF, 0x77, 0xBB, 0x5E, 0xAB, 0x7F, 0xA6, 0x10, 0x00, 0x00,
  0x00, 0x00, 0x00, 0x57, 0xF6, 0xFD, 0xFB, 0xDD, 0x6F, 0xEB, 0xFD, 0xAA, 0xD0, 0x44, 0x00, 0x00,
  0x00, 0x00, 0x0A, 0x55, 0x5D, 0xAB, 0x2A, 0x6A, 0xB4, 0xB5, 0x57, 0xF7, 0x6D, 0x00, 0x00, 0x00,
  0x00, 0x00, 0x00, 0x26, 0xEB, 0x74, 0xA2, 0x85, 0x45, 0x4A, 0x3A, 0xAD, 0xC4, 0x00, 0x00, 0x00,
  0x00, 0x00, 0x00, 0x55, 0xBE, 0xDD, 0xF7, 0xF7, 0xEF, 0xCF, 0xAF, 0x7B, 0x6A, 0x00, 0x00, 0x00,
  0x00, 0x00, 0x00, 0x16, 0xD5, 0xE8, 0xF7, 0xE7, 0xE7, 0xEF, 0x35, 0xAD, 0xA8, 0x00, 0x00, 0x00,
  0x00, 0x00, 0x00, 0x4B, 0x7B, 0x5D, 0x10, 0x52, 0x28, 0x09, 0x5E, 0xF6, 0xD4, 0x00, 0x00, 0x00,
  0x00, 0x00, 0x00, 0x25, 0xAE, 0xEE, 0xEF, 0xAD, 0xD7, 0xF6, 0xEB, 0x5B, 0x62, 0x00, 0x00, 0x00,
  0x00, 0x00, 0x00, 0x2B, 0x75, 0xB5, 0xB5, 0x7B, 0x7A, 0xBB, 0x5D, 0xAD, 0xAA, 0x00, 0x00, 0x00,
  0x00, 0x00, 0x00, 0x56, 0xDB, 0x5B, 0x6E, 0xD6, 0xD7, 0xD6, 0xEA, 0xF6, 0xD4, 0x00, 0x00, 0x00,
  0x00, 0x00, 0x00, 0x09, 0xAD, 0xED, 0xB5, 0xBB, 0x6D, 0x6D, 0xB7, 0x5B, 0x88, 0x00, 0x00, 0x00,
  0x00, 0x00, 0x00, 0x2E, 0xDA, 0xB6, 0xDB, 0x55, 0xB6, 0xB6, 0xAD, 0xAC, 0xF4, 0x00, 0x00, 0x00,
  0x00, 0x00, 0x00, 0x15, 0x25, 0x09, 0x24, 0xAA, 0x49, 0x49, 0x52, 0x52, 0x60, 0x00, 0x00, 0x00,
  0x00, 0x00, 0x00, 0x02, 0x52, 0xA4, 0x92, 0x45, 0x24, 0x92, 0x29, 0x29, 0x00, 0x00, 0x00, 0x00,
  0x00, 0x00, 0x00, 0x00, 0x00, 0x00, 0x00, 0x00, 0x00, 0x00, 0x00, 0x00, 0x00, 0x00, 0x00, 0x00,
  0x00, 0x00, 0x00, 0x00, 0x00, 0x00, 0x00, 0x00, 0x00, 0x00, 0x00, 0x00, 0x00, 0x00, 0x00, 0x00,
  0x00, 0x00, 0x00, 0x00, 0x00, 0x00, 0x00, 0x00, 0x00, 0x00, 0x00, 0x00, 0x00, 0x00, 0x00, 0x00,
  0x00, 0x00, 0x00, 0x00, 0x00, 0x00, 0x00, 0x00, 0x00, 0x00, 0x00, 0x00, 0x00, 0x00, 0x00, 0x00,
  0x00, 0x00, 0x00, 0x00, 0x00, 0x00, 0x00, 0x00, 0x00, 0x00, 0x00, 0x00, 0x00, 0x00, 0x00, 0x00,
  0x00, 0x00, 0x00, 0x00, 0x00, 0x00, 0x00, 0x00, 0x00, 0x00, 0x00, 0x00, 0x00, 0x00, 0x00, 0x00,
  0x00, 0x00, 0x00, 0x00, 0x00, 0x00, 0x00, 0x00, 0x00, 0x00, 0x00, 0x00, 0x00, 0x00, 0x00, 0x00,
  0x00, 0x00, 0x00, 0x00, 0x00, 0x00, 0x00, 0x00, 0x00, 0x00, 0x00, 0x00, 0x00, 0x00, 0x00, 0x00,
  0x00, 0x00, 0x00, 0x00, 0x00, 0x00, 0x00, 0x00, 0x00, 0x00, 0x00, 0x00, 0x00, 0x00, 0x00, 0x00,
  0x00, 0x00, 0x00, 0x00, 0x00, 0x00, 0x00, 0x00, 0x00, 0x00, 0x00, 0x00, 0x00, 0x00, 0x00, 0x00,
  0x00, 0x00, 0x00, 0x00, 0x00, 0x00, 0x00, 0x00, 0x00, 0x00, 0x00, 0x00, 0x00, 0x00, 0x00, 0x00
};

const unsigned char gif_frame_10[] PROGMEM = {
  0x00, 0x00, 0x00, 0x00, 0x00, 0x00, 0x00, 0x00, 0x00, 0x00, 0x00, 0x00, 0x00, 0x00, 0x00, 0x00,
  0x00, 0x00, 0x00, 0x00, 0x00, 0x00, 0x00, 0x00, 0x00, 0x00, 0x00, 0x00, 0x00, 0x00, 0x00, 0x00,
  0x00, 0x00, 0x00, 0x00, 0x00, 0x00, 0x00, 0x00, 0x00, 0x00, 0x00, 0x00, 0x00, 0x00, 0x00, 0x00,
  0x00, 0x00, 0x00, 0x00, 0x00, 0x00, 0x00, 0x00, 0x00, 0x00, 0x00, 0x00, 0x00, 0x00, 0x00, 0x00,
  0x00, 0x00, 0x00, 0x00, 0x00, 0x00, 0x00, 0x00, 0x00, 0x00, 0x00, 0x00, 0x00, 0x00, 0x00, 0x00,
  0x00, 0x00, 0x00, 0x00, 0x00, 0x00, 0x00, 0x00, 0x00, 0x00, 0x00, 0x00, 0x00, 0x00, 0x00, 0x00,
  0x00, 0x00, 0x00, 0x00, 0x00, 0x00, 0x00, 0x00, 0x00, 0x00, 0x00, 0x00, 0x00, 0x00, 0x00, 0x00,
  0x00, 0x00, 0x00, 0x00, 0x00, 0x00, 0x00, 0x00, 0x00, 0x00, 0x00, 0x00, 0x00, 0x00, 0x00, 0x00,
  0x00, 0x00, 0x00, 0x00, 0x00, 0x00, 0x00, 0x00, 0x00, 0x00, 0x00, 0x00, 0x00, 0x00, 0x00, 0x00,
  0x00, 0x00, 0x00, 0x00, 0x00, 0x00, 0x00, 0x00, 0x00, 0x00, 0x00, 0x00, 0x00, 0x00, 0x00, 0x00,
  0x00, 0x00, 0x00, 0x00, 0x00, 0x00, 0x00, 0x00, 0x00, 0x00, 0x00, 0x00, 0x00, 0x00, 0x00, 0x00,
  0x00, 0x00, 0x00, 0x00, 0x00, 0x00, 0x00, 0x05, 0x20, 0x00, 0x00, 0x00, 0x00, 0x00, 0x00, 0x00,
  0x00, 0x00, 0x00, 0x00, 0x00, 0x00, 0x00, 0x35, 0x54, 0x00, 0x00, 0x00, 0x00, 0x00, 0x00, 0x00,
  0x00, 0x00, 0x54, 0x00, 0x00, 0x00, 0x00, 0xAA, 0xAA, 0x00, 0x00, 0x00, 0x00, 0x00, 0x00, 0x00,
  0x00, 0x00, 0x40, 0x00, 0x00, 0x00, 0x00, 0xD5, 0x55, 0x00, 0x00, 0x00, 0x00, 0x00, 0x0A, 0x00,
  0x00, 0x00, 0x18, 0x00, 0x00, 0x00, 0x01, 0x2A, 0xA2, 0x80, 0x00, 0x00, 0x00, 0x00, 0x21, 0x00,
  0x00, 0x00, 0x08, 0x00, 0x00, 0x00, 0x00, 0x00, 0x08, 0x00, 0x00, 0x00, 0x00, 0x00, 0x14, 0x00,
  0x00, 0x00, 0x08, 0x01, 0x55, 0x55, 0x5B, 0x6D, 0x55, 0x75, 0x55, 0x55, 0x00, 0x00, 0x20, 0x00,
  0x00, 0x00, 0x0C, 0x0E, 0xAA, 0xAA, 0xAA, 0xAA, 0xAA, 0x95, 0x55, 0x55, 0x70, 0x00, 0x40, 0x00,
  0x00, 0x00, 0x04, 0x3E, 0xDD, 0xDD, 0xDD, 0xDD, 0xF7, 0xFF, 0xBB, 0xBA, 0xF4, 0x00, 0x80, 0x00,
  0x00, 0x00, 0x04, 0x45, 0xF7, 0xF7, 0xF7, 0xF7, 0xBE, 0xD6, 0xFF, 0xEF, 0x94, 0x01, 0x00, 0x00,
  0x00, 0x00, 0x04, 0x37, 0x7E, 0xDE, 0xDF, 0x7F, 0xF7, 0xFF, 0xDA, 0xFF, 0xEA, 0x01, 0x00, 0x00,
  0x00, 0x00, 0x06, 0x57, 0xDB, 0xFF, 0xFD, 0xDA, 0xDE, 0xB6, 0xFF, 0xB6, 0xD4, 0x06, 0x00, 0x00,
  0x00, 0x00, 0x02, 0x2A, 0xFF, 0x6D, 0xB7, 0xFF, 0xFB, 0xFF, 0xDB, 0xFF, 0xD4, 0x04, 0x00, 0x00,
  0x00, 0x00, 0x02, 0x57, 0xB7, 0xF5, 0x5E, 0xAD, 0xBF, 0x6A, 0x6E, 0xDA, 0xEA, 0x08, 0x00, 0x00,
  0x00, 0x00, 0x03, 0x2B, 0xFD, 0x02, 0x43, 0xFF, 0xEB, 0x91, 0x01, 0xF7, 0xAA, 0x30, 0x00, 0x00,
  0x00, 0x00, 0x01, 0x2E, 0xAC, 0x7F, 0xF8, 0x6A, 0xBE, 0x2F, 0xFC, 0x3E, 0xE8, 0x20, 0x00, 0x00,
  0x00, 0x00, 0x01, 0x53, 0xF1, 0xFF, 0xFF, 0x1F, 0xE8, 0xFF, 0xFF, 0x8B, 0xD6, 0x40, 0x00, 0x00,
  0x00, 0x00, 0x02, 0xAE, 0xD3, 0xFF, 0xEB, 0x9B, 0x73, 0xFF, 0xF5, 0xCF, 0x68, 0xA0, 0x00, 0x00,
  0x00, 0x00, 0x14, 0x53, 0xC7, 0xFF, 0x80, 0xC7, 0xD3, 0xFF, 0xC0, 0x63, 0xD5, 0x14, 0x00, 0x00,
  0x00, 0x00, 0x22, 0xAE, 0xCF, 0xFE, 0x04, 0x66, 0xE7, 0xFF, 0x84, 0x32, 0xD4, 0xA0, 0x00, 0x00,
  0x00, 0x00, 0x48, 0x47, 0x4F, 0xFF, 0x20, 0x27, 0x67, 0xFF, 0x10, 0x93, 0xD2, 0x14, 0x00, 0x00,
  0x00, 0x00, 0x12, 0xB5, 0xCF, 0xFF, 0x09, 0x6B, 0xA7, 0xFF, 0x82, 0x33, 0x6A, 0xA2, 0x00, 0x00,
  0x00, 0x00, 0x44, 0x4B, 0x67, 0xFF, 0x80, 0xCE, 0xF3, 0xFF, 0xC8, 0x67, 0xD4, 0x09, 0x00, 0x00,
  0x00, 0x00, 0x21, 0x2B, 0xE3, 0xFF, 0xFF, 0x97, 0xB1, 0xFF, 0xFB, 0xCA, 0xCA, 0xA4, 0x00, 0x00,
  0x00, 0x00, 0x8A, 0x56, 0xB8, 0xFF, 0xFE, 0x3A, 0xDC, 0x7F, 0xFF, 0x1F, 0x6A, 0x11, 0x00, 0x00,
  0x00, 0x00, 0x20, 0x4B, 0xEE, 0x2F, 0xE8, 0xEF, 0x76, 0x97, 0xF4, 0x75, 0xD2, 0x44, 0x00, 0x00,
  0x00, 0x00, 0x0A, 0x56, 0xBB, 0x90, 0x07, 0xB5, 0xDF, 0x48, 0x03, 0xDF, 0x69, 0x10, 0x00, 0x00,
  0x00, 0x00, 0x40, 0x55, 0xEE, 0xFF, 0xFA, 0xDF, 0xF5, 0xFB, 0xFE, 0xEA, 0xCA, 0x02, 0x00, 0x00,
  0x00, 0x00, 0x12, 0x4B, 0x5B, 0xAA, 0xAF, 0x77, 0xBB, 0x5E, 0xAB, 0x7F, 0xAA, 0x50, 0x00, 0x00,
  0x00, 0x00, 0x00, 0x57, 0xF6, 0xFD, 0xFB, 0xDD, 0x6F, 0xEB, 0xFD, 0xAA, 0xE8, 0x04, 0x00, 0x00,
  0x00, 0x00, 0x0A, 0x55, 0x5D, 0xAB, 0x2A, 0x6A, 0xB4, 0xB5, 0x57, 0xF7, 0x55, 0x20, 0x00, 0x00,
  0x00, 0x00, 0x00, 0x26, 0xEB, 0x74, 0xA2, 0x85, 0x45, 0x4A, 0x3A, 0xAD, 0xCA, 0x00, 0x00, 0x00,
  0x00, 0x00, 0x00, 0x55, 0xBE, 0xDD, 0xF7, 0xF7, 0xEF, 0xCF, 0xAF, 0x7B, 0x64, 0x00, 0x00, 0x00,
  0x00, 0x00, 0x00, 0x16, 0xD5, 0xE8, 0xF7, 0xE7, 0xE7, 0xEF, 0x35, 0xAD, 0xA8, 0x00, 0x00, 0x00,
  0x00, 0x00, 0x00, 0x4B, 0x7B, 0x5D, 0x10, 0x52, 0x28, 0x09, 0x5E, 0xF6, 0xD4, 0x00, 0x00, 0x00,
  0x00, 0x00, 0x00, 0x25, 0xAE, 0xEE, 0xEF, 0xAD, 0xD7, 0xF6, 0xEB, 0x5B, 0x64, 0x00, 0x00, 0x00,
  0x00, 0x00, 0x00, 0x2B, 0x75, 0xB5, 0xB5, 0x7B, 0x7A, 0xBB, 0x5D, 0xAD, 0xD2, 0x00, 0x00, 0x00,
  0x00, 0x00, 0x00, 0x56, 0xDB, 0x5B, 0x6E, 0xD6, 0xD7, 0xD6, 0xEA, 0xF6, 0xA8, 0x00, 0x00, 0x00,
  0x00, 0x00, 0x00, 0x09, 0xAD, 0xED, 0xB5, 0xBB, 0x6D, 0x6D, 0xB7, 0x5B, 0x94, 0x00, 0x00, 0x00,
  0x00, 0x00, 0x00, 0x2E, 0xDA, 0xB6, 0xDB, 0x55, 0xB6, 0xB6, 0xAD, 0xAC, 0xF2, 0x00, 0x00, 0x00,
  0x00, 0x00, 0x00, 0x15, 0x25, 0x09, 0x24, 0xAA, 0x49, 0x49, 0x52, 0x52, 0x50, 0x00, 0x00, 0x00,
  0x00, 0x00, 0x00, 0x02, 0x52, 0xA4, 0x92, 0x45, 0x24, 0x92, 0x29, 0x29, 0x00, 0x00, 0x00, 0x00,
  0x00, 0x00, 0x00, 0x00, 0x00, 0x00, 0x00, 0x00, 0x00, 0x00, 0x00, 0x00, 0x00, 0x00, 0x00, 0x00,
  0x00, 0x00, 0x00, 0x00, 0x00, 0x00, 0x00, 0x00, 0x00, 0x00, 0x00, 0x00, 0x00, 0x00, 0x00, 0x00,
  0x00, 0x00, 0x00, 0x00, 0x00, 0x00, 0x00, 0x00, 0x00, 0x00, 0x00, 0x00, 0x00, 0x00, 0x00, 0x00,
  0x00, 0x00, 0x00, 0x00, 0x00, 0x00, 0x00, 0x00, 0x00, 0x00, 0x00, 0x00, 0x00, 0x00, 0x00, 0x00,
  0x00, 0x00, 0x00, 0x00, 0x00, 0x00, 0x00, 0x00, 0x00, 0x00, 0x00, 0x00, 0x00, 0x00, 0x00, 0x00,
  0x00, 0x00, 0x00, 0x00, 0x00, 0x00, 0x00, 0x00, 0x00, 0x00, 0x00, 0x00, 0x00, 0x00, 0x00, 0x00,
  0x00, 0x00, 0x00, 0x00, 0x00, 0x00, 0x00, 0x00, 0x00, 0x00, 0x00, 0x00, 0x00, 0x00, 0x00, 0x00,
  0x00, 0x00, 0x00, 0x00, 0x00, 0x00, 0x00, 0x00, 0x00, 0x00, 0x00, 0x00, 0x00, 0x00, 0x00, 0x00,
  0x00, 0x00, 0x00, 0x00, 0x00, 0x00, 0x00, 0x00, 0x00, 0x00, 0x00, 0x00, 0x00, 0x00, 0x00, 0x00,
  0x00, 0x00, 0x00, 0x00, 0x00, 0x00, 0x00, 0x00, 0x00, 0x00, 0x00, 0x00, 0x00, 0x00, 0x00, 0x00,
  0x00, 0x00, 0x00, 0x00, 0x00, 0x00, 0x00, 0x00, 0x00, 0x00, 0x00, 0x00, 0x00, 0x00, 0x00, 0x00
};

const unsigned char gif_frame_11[] PROGMEM = {
  0x00, 0x00, 0x00, 0x00, 0x00, 0x00, 0x00, 0x00, 0x00, 0x00, 0x00, 0x00, 0x00, 0x00, 0x00, 0x00,
  0x00, 0x00, 0x00, 0x00, 0x00, 0x00, 0x00, 0x00, 0x00, 0x00, 0x00, 0x00, 0x00, 0x00, 0x00, 0x00,
  0x00, 0x00, 0x00, 0x00, 0x00, 0x00, 0x00, 0x00, 0x00, 0x00, 0x00, 0x00, 0x00, 0x00, 0x00, 0x00,
  0x00, 0x00, 0x00, 0x00, 0x00, 0x00, 0x00, 0x00, 0x00, 0x00, 0x00, 0x00, 0x00, 0x00, 0x00, 0x00,
  0x00, 0x00, 0x00, 0x00, 0x00, 0x00, 0x00, 0x00, 0x00, 0x00, 0x00, 0x00, 0x00, 0x00, 0x00, 0x00,
  0x00, 0x00, 0x00, 0x00, 0x00, 0x00, 0x00, 0x00, 0x00, 0x00, 0x00, 0x00, 0x00, 0x00, 0x00, 0x00,
  0x00, 0x00, 0x00, 0x00, 0x00, 0x00, 0x00, 0x00, 0x00, 0x00, 0x00, 0x00, 0x00, 0x00, 0x00, 0x00,
  0x00, 0x00, 0x00, 0x00, 0x00, 0x00, 0x00, 0x00, 0x00, 0x00, 0x00, 0x00, 0x00, 0x00, 0x00, 0x00,
  0x00, 0x00, 0x00, 0x00, 0x00, 0x00, 0x00, 0x00, 0x00, 0x00, 0x00, 0x00, 0x00, 0x00, 0x00, 0x00,
  0x00, 0x00, 0x00, 0x00, 0x00, 0x00, 0x00, 0x00, 0x00, 0x00, 0x00, 0x00, 0x00, 0x00, 0x00, 0x00,
  0x00, 0x00, 0x00, 0x00, 0x00, 0x00, 0x00, 0x00, 0x00, 0x00, 0x00, 0x00, 0x00, 0x00, 0x00, 0x00,
  0x00, 0x00, 0x00, 0x00, 0x00, 0x00, 0x00, 0x05, 0x20, 0x00, 0x00, 0x00, 0x00, 0x00, 0x00, 0x00,
  0x00, 0x00, 0x00, 0x00, 0x00, 0x00, 0x00, 0x35, 0x54, 0x00, 0x00, 0x00, 0x00, 0x00, 0x00, 0x00,
  0x00, 0x00, 0x54, 0x00, 0x00, 0x00, 0x00, 0xAA, 0xAA, 0x00, 0x00, 0x00, 0x00, 0x00, 0x20, 0x00,
  0x00, 0x00, 0x40, 0x00, 0x00, 0x00, 0x00, 0xD5, 0x55, 0x00, 0x00, 0x00, 0x00, 0x00, 0x88, 0x00,
  0x00, 0x00, 0x18, 0x00, 0x00, 0x00, 0x01, 0x2A, 0xA2, 0x80, 0x00, 0x00, 0x00, 0x00, 0x20, 0x00,
  0x00, 0x00, 0x08, 0x00, 0x00, 0x00, 0x00, 0x00, 0x08, 0x00, 0x00, 0x00, 0x00, 0x00, 0xC0, 0x00,
  0x00, 0x00, 0x08, 0x01, 0x55, 0x55, 0x5B, 0x6D, 0x55, 0x75, 0x55, 0x55, 0x00, 0x01, 0x00, 0x00,
  0x00, 0x00, 0x0C, 0x0E, 0xAA, 0xAA, 0xAA, 0xAA, 0xAA, 0x95, 0x55, 0x55, 0x70, 0x01, 0x00, 0x00,
  0x00, 0x00, 0x04, 0x3E, 0xDD, 0xDD, 0xDD, 0xDD, 0xF7, 0xFF, 0xBB, 0xBA, 0xF4, 0x02, 0x00, 0x00,
  0x00, 0x00, 0x04, 0x45, 0xF7, 0xF7, 0xF7, 0xF7, 0xBE, 0xD6, 0xFF, 0xEF, 0x94, 0x06, 0x00, 0x00,
  0x00, 0x00, 0x04, 0x37, 0x7E, 0xDE, 0xDF, 0x7F, 0xF7, 0xFF, 0xDA, 0xFF, 0xEA, 0x04, 0x00, 0x00,
  0x00, 0x00, 0x06, 0x57, 0xDB, 0xFF, 0xFD, 0xDA, 0xDE, 0xB6, 0xFF, 0xB6, 0xD4, 0x08, 0x00, 0x00,
  0x00, 0x00, 0x02, 0x2A, 0xFF, 0x6D, 0xB7, 0xFF, 0xFB, 0xFF, 0xDB, 0xFF, 0xD4, 0x10, 0x00, 0x00,
  0x00, 0x00, 0x02, 0x57, 0xB7, 0xF5, 0x5E, 0xAD, 0xBF, 0x6A, 0x6E, 0xDA, 0xEA, 0x10, 0x00, 0x00,
  0x00, 0x00, 0x03, 0x2B, 0xFD, 0x02, 0x43, 0xFF, 0xEB, 0x91, 0x01, 0xF7, 0xAA, 0x20, 0x00, 0x00,
  0x00, 0x00, 0x01, 0x2E, 0xAC, 0x7F, 0xF8, 0x6A, 0xBE, 0x2F, 0xFC, 0x3E, 0xE8, 0x60, 0x00, 0x00,
  0x00, 0x00, 0x01, 0x53, 0xF1, 0xFF, 0xFF, 0x1F, 0xE8, 0xFF, 0xFF, 0x8B, 0xD6, 0x80, 0x00, 0x00,
  0x00, 0x00, 0x02, 0xAE, 0xD3, 0xFF, 0xEB, 0x9B, 0x73, 0xFF, 0xF5, 0xCF, 0x68, 0x90, 0x00, 0x00,
  0x00, 0x00, 0x14, 0x53, 0xC7, 0xFF, 0x80, 0xC7, 0xD3, 0xFF, 0xC0, 0x63, 0xD5, 0x48, 0x00, 0x00,
  0x00, 0x00, 0x22, 0xAE, 0xCF, 0xFE, 0x04, 0x66, 0xE7, 0xFF, 0x84, 0x32, 0xD4, 0x24, 0x00, 0x00,
  0x00, 0x00, 0x48, 0x47, 0x4F, 0xFF, 0x20, 0x27, 0x67, 0xFF, 0x10, 0x93, 0xD2, 0x92, 0x00, 0x00,
  0x00, 0x00, 0x12, 0xB5, 0xCF, 0xFF, 0x09, 0x6B, 0xA7, 0xFF, 0x82, 0x33, 0x6A, 0x44, 0x00, 0x00,
  0x00, 0x00, 0x44, 0x4B, 0x67, 0xFF, 0x80, 0xCE, 0xF3, 0xFF, 0xC8, 0x67, 0xD5, 0x11, 0x00, 0x00,
  0x00, 0x00, 0x21, 0x2B, 0xE3, 0xFF, 0xFF, 0x97, 0xB1, 0xFF, 0xFB, 0xCA, 0xC8, 0x44, 0x00, 0x00,
  0x00, 0x00, 0x8A, 0x56, 0xB8, 0xFF, 0xFE, 0x3A, 0xDC, 0x7F, 0xFF, 0x1F, 0x6A, 0x91, 0x00, 0x00,
  0x00, 0x00, 0x20, 0x4B, 0xEE, 0x2F, 0xE8, 0xEF, 0x76, 0x97, 0xF4, 0x75, 0xD4, 0x04, 0x00, 0x00,
  0x00, 0x00, 0x0A, 0x56, 0xBB, 0x90, 0x07, 0xB5, 0xDF, 0x48, 0x03, 0xDF, 0x65, 0x50, 0x00, 0x00,
  0x00, 0x00, 0x40, 0x55, 0xEE, 0xFF, 0xFA, 0xDF, 0xF5, 0xFB, 0xFE, 0xEA, 0xD4, 0x04, 0x00, 0x00,
  0x00, 0x00, 0x12, 0x4B, 0x5B, 0xAA, 0xAF, 0x77, 0xBB, 0x5E, 0xAB, 0x7F, 0xAA, 0x42, 0x00, 0x00,
  0x00, 0x00, 0x00, 0x57, 0xF6, 0xFD, 0xFB, 0xDD, 0x6F, 0xEB, 0xFD, 0xAA, 0xD2, 0x10, 0x00, 0x00,
  0x00, 0x00, 0x0A, 0x55, 0x5D, 0xAB, 0x2A, 0x6A, 0xB4, 0xB5, 0x57, 0xF7, 0x68, 0x80, 0x00, 0x00,
  0x00, 0x00, 0x00, 0x26, 0xEB, 0x74, 0xA2, 0x85, 0x45, 0x4A, 0x3A, 0xAD, 0xCA, 0x00, 0x00, 0x00,
  0x00, 0x00, 0x00, 0x55, 0xBE, 0xDD, 0xF7, 0xF7, 0xEF, 0xCF, 0xAF, 0x7B, 0x68, 0x00, 0x00, 0x00,
  0x00, 0x00, 0x00, 0x16, 0xD5, 0xE8, 0xF7, 0xE7, 0xE7, 0xEF, 0x35, 0xAD, 0xA4, 0x00, 0x00, 0x00,
  0x00, 0x00, 0x00, 0x4B, 0x7B, 0x5D, 0x10, 0x52, 0x28, 0x09, 0x5E, 0xF6, 0xD4, 0x00, 0x00, 0x00,
  0x00, 0x00, 0x00, 0x25, 0xAE, 0xEE, 0xEF, 0xAD, 0xD7, 0xF6, 0xEB, 0x5B, 0x64, 0x00, 0x00, 0x00,
  0x00, 0x00, 0x00, 0x2B, 0x75, 0xB5, 0xB5, 0x7B, 0x7A, 0xBB, 0x5D, 0xAD, 0xAA, 0x00, 0x00, 0x00,
  0x00, 0x00, 0x00, 0x56, 0xDB, 0x5B, 0x6E, 0xD6, 0xD7, 0xD6, 0xEA, 0xF6, 0xD0, 0x00, 0x00, 0x00,
  0x00, 0x00, 0x00, 0x09, 0xAD, 0xED, 0xB5, 0xBB, 0x6D, 0x6D, 0xB7, 0x5B, 0xAA, 0x00, 0x00, 0x00,
  0x00, 0x00, 0x00, 0x2E, 0xDA, 0xB6, 0xDB, 0x55, 0xB6, 0xB6, 0xAD, 0xAC, 0xB4, 0x00, 0x00, 0x00,
  0x00, 0x00, 0x00, 0x15, 0x25, 0x09, 0x24, 0xAA, 0x49, 0x49, 0x52, 0x52, 0x60, 0x00, 0x00, 0x00,
  0x00, 0x00, 0x00, 0x02, 0x52, 0xA4, 0x92, 0x45, 0x24, 0x92, 0x29, 0x29, 0x00, 0x00, 0x00, 0x00,
  0x00, 0x00, 0x00, 0x00, 0x00, 0x00, 0x00, 0x00, 0x00, 0x00, 0x00, 0x00, 0x00, 0x00, 0x00, 0x00,
  0x00, 0x00, 0x00, 0x00, 0x00, 0x00, 0x00, 0x00, 0x00, 0x00, 0x00, 0x00, 0x00, 0x00, 0x00, 0x00,
  0x00, 0x00, 0x00, 0x00, 0x00, 0x00, 0x00, 0x00, 0x00, 0x00, 0x00, 0x00, 0x00, 0x00, 0x00, 0x00,
  0x00, 0x00, 0x00, 0x00, 0x00, 0x00, 0x00, 0x00, 0x00, 0x00, 0x00, 0x00, 0x00, 0x00, 0x00, 0x00,
  0x00, 0x00, 0x00, 0x00, 0x00, 0x00, 0x00, 0x00, 0x00, 0x00, 0x00, 0x00, 0x00, 0x00, 0x00, 0x00,
  0x00, 0x00, 0x00, 0x00, 0x00, 0x00, 0x00, 0x00, 0x00, 0x00, 0x00, 0x00, 0x00, 0x00, 0x00, 0x00,
  0x00, 0x00, 0x00, 0x00, 0x00, 0x00, 0x00, 0x00, 0x00, 0x00, 0x00, 0x00, 0x00, 0x00, 0x00, 0x00,
  0x00, 0x00, 0x00, 0x00, 0x00, 0x00, 0x00, 0x00, 0x00, 0x00, 0x00, 0x00, 0x00, 0x00, 0x00, 0x00,
  0x00, 0x00, 0x00, 0x00, 0x00, 0x00, 0x00, 0x00, 0x00, 0x00, 0x00, 0x00, 0x00, 0x00, 0x00, 0x00,
  0x00, 0x00, 0x00, 0x00, 0x00, 0x00, 0x00, 0x00, 0x00, 0x00, 0x00, 0x00, 0x00, 0x00, 0x00, 0x00,
  0x00, 0x00, 0x00, 0x00, 0x00, 0x00, 0x00, 0x00, 0x00, 0x00, 0x00, 0x00, 0x00, 0x00, 0x00, 0x00
};

const unsigned char gif_frame_12[] PROGMEM = {
  0x00, 0x00, 0x00, 0x00, 0x00, 0x00, 0x00, 0x00, 0x00, 0x00, 0x00, 0x00, 0x00, 0x00, 0x00, 0x00,
  0x00, 0x00, 0x00, 0x00, 0x00, 0x00, 0x00, 0x00, 0x00, 0x00, 0x00, 0x00, 0x00, 0x00, 0x00, 0x00,
  0x00, 0x00, 0x00, 0x00, 0x00, 0x00, 0x00, 0x00, 0x00, 0x00, 0x00, 0x00, 0x00, 0x00, 0x00, 0x00,
  0x00, 0x00, 0x00, 0x00, 0x00, 0x00, 0x00, 0x00, 0x00, 0x00, 0x00, 0x00, 0x00, 0x00, 0x00, 0x00,
  0x00, 0x00, 0x00, 0x00, 0x00, 0x00, 0x00, 0x00, 0x00, 0x00, 0x00, 0x00, 0x00, 0x00, 0x00, 0x00,
  0x00, 0x00, 0x00, 0x00, 0x00, 0x00, 0x00, 0x00, 0x00, 0x00, 0x00, 0x00, 0x00, 0x00, 0x00, 0x00,
  0x00, 0x00, 0x00, 0x00, 0x00, 0x00, 0x00, 0x00, 0x00, 0x00, 0x00, 0x00, 0x00, 0x00, 0x00, 0x00,
  0x00, 0x00, 0x00, 0x00, 0x00, 0x00, 0x00, 0x00, 0x00, 0x00, 0x00, 0x00, 0x00, 0x00, 0x00, 0x00,
  0x00, 0x00, 0x00, 0x00, 0x00, 0x00, 0x00, 0x00, 0x00, 0x00, 0x00, 0x00, 0x00, 0x00, 0x00, 0x00,
  0x00, 0x00, 0x00, 0x00, 0x00, 0x00, 0x00, 0x00, 0x00, 0x00, 0x00, 0x00, 0x00, 0x00, 0x00, 0x00,
  0x00, 0x00, 0x00, 0x00, 0x00, 0x00, 0x00, 0x00, 0x00, 0x00, 0x00, 0x00, 0x00, 0x00, 0x00, 0x00,
  0x00, 0x00, 0x00, 0x00, 0x00, 0x00, 0x00, 0x05, 0x40, 0x00, 0x00, 0x00, 0x00, 0x00, 0x00, 0x00,
  0x00, 0x00, 0x00, 0x00, 0x00, 0x00, 0x00, 0x3F, 0xBC, 0x00, 0x00, 0x00, 0x00, 0x00, 0x00, 0x00,
  0x00, 0x00, 0x54, 0x00, 0x00, 0x00, 0x00, 0xEA, 0xD6, 0x00, 0x00, 0x00, 0x00, 0x05, 0x40, 0x00,
  0x00, 0x00, 0x40, 0x00, 0x00, 0x00, 0x01, 0x7D, 0x75, 0x80, 0x00, 0x00, 0x00, 0x00, 0x00, 0x00,
  0x00, 0x00, 0x18, 0x00, 0x00, 0x00, 0x01, 0x45, 0x4A, 0x00, 0x00, 0x00, 0x00, 0x0A, 0x80, 0x00,
  0x00, 0x00, 0x08, 0x00, 0x00, 0x00, 0x00, 0x00, 0x00, 0x80, 0x00, 0x00, 0x00, 0x04, 0x00, 0x00,
  0x00, 0x00, 0x08, 0x01, 0x55, 0x55, 0x5B, 0x76, 0xDA, 0xBA, 0xAA, 0xAA, 0x80, 0x08, 0x00, 0x00,
  0x00, 0x00, 0x0C, 0x0E, 0xAA, 0xAA, 0xAA, 0x95, 0x55, 0x4A, 0xAA, 0xAA, 0xE8, 0x08, 0x00, 0x00,
  0x00, 0x00, 0x04, 0x3E, 0xDD, 0xDD, 0xDD, 0xEE, 0xEF, 0xFD, 0xDD, 0xDD, 0x74, 0x18, 0x00, 0x00,
  0x00, 0x00, 0x04, 0x45, 0xF7, 0xF7, 0xF7, 0xBF, 0xFD, 0xB7, 0xFF, 0xF7, 0xAA, 0x10, 0x00, 0x00,
  0x00, 0x00, 0x04, 0x37, 0x7E, 0xDE, 0xDE, 0xF6, 0xB7, 0xFE, 0xD6, 0xBF, 0xD4, 0x10, 0x00, 0x00,
  0x00, 0x00, 0x06, 0x57, 0xDB, 0xFF, 0xFB, 0xFF, 0xFE, 0xDB, 0xFF, 0xF6, 0xD4, 0x20, 0x00, 0x00,
  0x00, 0x00, 0x02, 0x2A, 0xFF, 0x6D, 0xBF, 0x5B, 0x6F, 0xBF, 0x76, 0xDF, 0xEA, 0x60, 0x00, 0x00,
  0x00, 0x00, 0x02, 0x57, 0xB7, 0xF5, 0x57, 0xFF, 0xFA, 0xF5, 0x5F, 0xFA, 0xAA, 0x20, 0x00, 0x00,
  0x00, 0x00, 0x03, 0x2B, 0xFD, 0x02, 0x42, 0xD5, 0x5F, 0x81, 0x00, 0xDF, 0xE8, 0x40, 0x00, 0x00,
  0x00, 0x00, 0x01, 0x2E, 0xAC, 0x7F, 0xF8, 0x7F, 0xF4, 0x3F, 0xFC, 0x36, 0xD6, 0xC0, 0x00, 0x00,
  0x00, 0x00, 0x01, 0x53, 0xF1, 0xFF, 0xFF, 0x1B, 0x7A, 0xFF, 0xFF, 0x9F, 0xD0, 0x80, 0x00, 0x00,
  0x00, 0x00, 0x02, 0xAE, 0xD3, 0xFF, 0xEB, 0xCF, 0xD1, 0xFF, 0xF5, 0xC5, 0x6D, 0x00, 0x00, 0x00,
  0x00, 0x00, 0x14, 0x53, 0xC7, 0xFF, 0x80, 0xCD, 0x67, 0xFF, 0xC0, 0x67, 0xD2, 0xA8, 0x00, 0x00,
  0x00, 0x00, 0x22, 0xAE, 0xCF, 0xFE, 0x04, 0x67, 0xE7, 0xFF, 0x02, 0x32, 0xD4, 0x4A, 0x00, 0x00,
  0x00, 0x00, 0x48, 0x47, 0x4F, 0xFF, 0x20, 0x25, 0x67, 0xFF, 0x90, 0x13, 0xD5, 0x20, 0x00, 0x00,
  0x00, 0x00, 0x12, 0xB5, 0xCF, 0xFF, 0x09, 0x67, 0xD7, 0xFF, 0x84, 0xB3, 0x6A, 0x4A, 0x00, 0x00,
  0x00, 0x00, 0x44, 0x4B, 0x67, 0xFF, 0x80, 0xCD, 0x63, 0xFF, 0xC0, 0x66, 0xD4, 0x84, 0x00, 0x00,
  0x00, 0x00, 0x21, 0x2B, 0xE3, 0xFF, 0xFF, 0x97, 0xF1, 0xFF, 0xFF, 0xCB, 0xD2, 0x21, 0x00, 0x00,
  0x00, 0x00, 0x8A, 0x56, 0xB8, 0xFF, 0xFE, 0x3D, 0x5C, 0x7F, 0xFF, 0x1E, 0xD4, 0x94, 0x00, 0x00,
  0x00, 0x00, 0x20, 0x4B, 0xEE, 0x2F, 0xE8, 0xD7, 0xF7, 0x17, 0xF4, 0x77, 0x6A, 0x01, 0x00, 0x00,
  0x00, 0x00, 0x0A, 0x56, 0xBB, 0x90, 0x07, 0xFD, 0xBD, 0xC8, 0x03, 0xDB, 0xC9, 0x54, 0x00, 0x00,
  0x00, 0x00, 0x40, 0x55, 0xEE, 0xFF, 0xFA, 0xAF, 0xEB, 0x7B, 0xFD, 0x6D, 0x6A, 0x00, 0x00, 0x00,
  0x00, 0x00, 0x12, 0x4B, 0x5B, 0xAA, 0xAF, 0xDB, 0x77, 0xAE, 0xAF, 0xBF, 0xA4, 0x48, 0x00, 0x00,
  0x00, 0x00, 0x00, 0x57, 0xF6, 0xFD, 0xFA, 0xF6, 0xDD, 0xFB, 0xF5, 0xEA, 0xD5, 0x02, 0x00, 0x00,
  0x00, 0x00, 0x0A, 0x55, 0x5D, 0xAB, 0x2B, 0x2B, 0x55, 0x2A, 0xAE, 0xBD, 0xD2, 0x20, 0x00, 0x00,
  0x00, 0x00, 0x00, 0x26, 0xEB, 0x74, 0xA4, 0xA4, 0xA5, 0x4A, 0x3B, 0xD7, 0x54, 0x00, 0x00, 0x00,
  0x00, 0x00, 0x00, 0x55, 0xBE, 0xDD, 0xF3, 0xF7, 0xEF, 0xEF, 0xAD, 0x7A, 0xD2, 0x00, 0x00, 0x00,
  0x00, 0x00, 0x00, 0x16, 0xD5, 0xE8, 0xF7, 0xE7, 0xE7, 0xCF, 0x37, 0xAF, 0x68, 0x00, 0x00, 0x00,
  0x00, 0x00, 0x00, 0x4B, 0x7B, 0x5D, 0x11, 0x24, 0x88, 0x49, 0x5A, 0xD5, 0xA4, 0x00, 0x00, 0x00,
  0x00, 0x00, 0x00, 0x25, 0xAE, 0xEE, 0xEE, 0xDB, 0x77, 0xB6, 0xEF, 0x7B, 0x54, 0x00, 0x00, 0x00,
  0x00, 0x00, 0x00, 0x2B, 0x75, 0xB5, 0xB5, 0xB6, 0xDD, 0xDB, 0x5A, 0xD6, 0xEA, 0x00, 0x00, 0x00,
  0x00, 0x00, 0x00, 0x56, 0xDB, 0x5B, 0x6E, 0xDD, 0xB6, 0xB6, 0xED, 0xBB, 0xA4, 0x00, 0x00, 0x00,
  0x00, 0x00, 0x00, 0x09, 0xAD, 0xED, 0xB7, 0x6B, 0x6B, 0x6D, 0xB6, 0xD6, 0x92, 0x00, 0x00, 0x00,
  0x00, 0x00, 0x00, 0x2E, 0xDA, 0xB6, 0xDA, 0xB6, 0xDD, 0xB6, 0xDB, 0x6D, 0x74, 0x00, 0x00, 0x00,
  0x00, 0x00, 0x00, 0x15, 0x25, 0x09, 0x24, 0x91, 0x22, 0x49, 0x04, 0x92, 0x68, 0x00, 0x00, 0x00,
  0x00, 0x00, 0x00, 0x02, 0x52, 0xA4, 0x92, 0xAA, 0x94, 0xA4, 0xB2, 0x49, 0x00, 0x00, 0x00, 0x00,
  0x00, 0x00, 0x00, 0x00, 0x00, 0x00, 0x00, 0x00, 0x00, 0x00, 0x00, 0x00, 0x00, 0x00, 0x00, 0x00,
  0x00, 0x00, 0x00, 0x00, 0x00, 0x00, 0x00, 0x00, 0x00, 0x00, 0x00, 0x00, 0x00, 0x00, 0x00, 0x00,
  0x00, 0x00, 0x00, 0x00, 0x00, 0x00, 0x00, 0x00, 0x00, 0x00, 0x00, 0x00, 0x00, 0x00, 0x00, 0x00,
  0x00, 0x00, 0x00, 0x00, 0x00, 0x00, 0x00, 0x00, 0x00, 0x00, 0x00, 0x00, 0x00, 0x00, 0x00, 0x00,
  0x00, 0x00, 0x00, 0x00, 0x00, 0x00, 0x00, 0x00, 0x00, 0x00, 0x00, 0x00, 0x00, 0x00, 0x00, 0x00,
  0x00, 0x00, 0x00, 0x00, 0x00, 0x00, 0x00, 0x00, 0x00, 0x00, 0x00, 0x00, 0x00, 0x00, 0x00, 0x00,
  0x00, 0x00, 0x00, 0x00, 0x00, 0x00, 0x00, 0x00, 0x00, 0x00, 0x00, 0x00, 0x00, 0x00, 0x00, 0x00,
  0x00, 0x00, 0x00, 0x00, 0x00, 0x00, 0x00, 0x00, 0x00, 0x00, 0x00, 0x00, 0x00, 0x00, 0x00, 0x00,
  0x00, 0x00, 0x00, 0x00, 0x00, 0x00, 0x00, 0x00, 0x00, 0x00, 0x00, 0x00, 0x00, 0x00, 0x00, 0x00,
  0x00, 0x00, 0x00, 0x00, 0x00, 0x00, 0x00, 0x00, 0x00, 0x00, 0x00, 0x00, 0x00, 0x00, 0x00, 0x00,
  0x00, 0x00, 0x00, 0x00, 0x00, 0x00, 0x00, 0x00, 0x00, 0x00, 0x00, 0x00, 0x00, 0x00, 0x00, 0x00
};

const unsigned char gif_frame_13[] PROGMEM = {
  0x00, 0x00, 0x00, 0x00, 0x00, 0x00, 0x00, 0x00, 0x00, 0x00, 0x00, 0x00, 0x00, 0x00, 0x00, 0x00,
  0x00, 0x00, 0x00, 0x00, 0x00, 0x00, 0x00, 0x00, 0x00, 0x00, 0x00, 0x00, 0x00, 0x00, 0x00, 0x00,
  0x00, 0x00, 0x00, 0x00, 0x00, 0x00, 0x00, 0x00, 0x00, 0x00, 0x00, 0x00, 0x00, 0x00, 0x00, 0x00,
  0x00, 0x00, 0x00, 0x00, 0x00, 0x00, 0x00, 0x00, 0x00, 0x00, 0x00, 0x00, 0x00, 0x00, 0x00, 0x00,
  0x00, 0x00, 0x00, 0x00, 0x00, 0x00, 0x00, 0x00, 0x00, 0x00, 0x00, 0x00, 0x00, 0x00, 0x00, 0x00,
  0x00, 0x00, 0x00, 0x00, 0x00, 0x00, 0x00, 0x00, 0x00, 0x00, 0x00, 0x00, 0x00, 0x00, 0x00, 0x00,
  0x00, 0x00, 0x00, 0x00, 0x00, 0x00, 0x00, 0x00, 0x00, 0x00, 0x00, 0x00, 0x00, 0x00, 0x00, 0x00,
  0x00, 0x00, 0x00, 0x00, 0x00, 0x00, 0x00, 0x00, 0x00, 0x00, 0x00, 0x00, 0x00, 0x00, 0x00, 0x00,
  0x00, 0x00, 0x00, 0x00, 0x00, 0x00, 0x00, 0x00, 0x00, 0x00, 0x00, 0x00, 0x00, 0x00, 0x00, 0x00,
  0x00, 0x00, 0x00, 0x00, 0x00, 0x00, 0x00, 0x00, 0x00, 0x00, 0x00, 0x00, 0x00, 0x00, 0x00, 0x00,
  0x00, 0x00, 0x00, 0x00, 0x00, 0x00, 0x00, 0x00, 0x00, 0x00, 0x00, 0x00, 0x00, 0x00, 0x00, 0x00,
  0x00, 0x00, 0x00, 0x00, 0x00, 0x00, 0x00, 0x05, 0x40, 0x00, 0x00, 0x00, 0x00, 0x00, 0x00, 0x00,
  0x00, 0x00, 0x00, 0x00, 0x00, 0x00, 0x00, 0x3F, 0xBC, 0x00, 0x00, 0x00, 0x00, 0x00, 0x00, 0x00,
  0x00, 0x00, 0x54, 0x00, 0x00, 0x00, 0x00, 0xEA, 0xD6, 0x00, 0x00, 0x00, 0x00, 0x15, 0x00, 0x00,
  0x00, 0x00, 0x40, 0x00, 0x00, 0x00, 0x01, 0x7D, 0x75, 0x80, 0x00, 0x00, 0x00, 0x00, 0x00, 0x00,
  0x00, 0x00, 0x18, 0x00, 0x00, 0x00, 0x01, 0x45, 0x4A, 0x00, 0x00, 0x00, 0x00, 0x14, 0x00, 0x00,
  0x00, 0x00, 0x08, 0x00, 0x00, 0x00, 0x00, 0x00, 0x00, 0x80, 0x00, 0x00, 0x00, 0x08, 0x00, 0x00,
  0x00, 0x00, 0x08, 0x01, 0x55, 0x55, 0x5B, 0x76, 0xDA, 0xBA, 0xAA, 0xAA, 0x80, 0x10, 0x00, 0x00,
  0x00, 0x00, 0x0C, 0x0E, 0xAA, 0xAA, 0xAA, 0x95, 0x55, 0x4A, 0xAA, 0xAA, 0xE8, 0x10, 0x00, 0x00,
  0x00, 0x00, 0x04, 0x3E, 0xDD, 0xDD, 0xDD, 0xEE, 0xEF, 0xFD, 0xDD, 0xDD, 0x74, 0x30, 0x00, 0x00,
  0x00, 0x00, 0x04, 0x45, 0xF7, 0xF7, 0xF7, 0xBF, 0xFD, 0xB7, 0xFF, 0xF7, 0xAA, 0x10, 0x00, 0x00,
  0x00, 0x00, 0x04, 0x37, 0x7E, 0xDE, 0xDE, 0xF6, 0xB7, 0xFE, 0xD6, 0xBF, 0xD4, 0x20, 0x00, 0x00,
  0x00, 0x00, 0x06, 0x57, 0xDB, 0xFF, 0xFB, 0xFF, 0xFE, 0xDB, 0xFF, 0xF6, 0xD4, 0x60, 0x00, 0x00,
  0x00, 0x00, 0x02, 0x2A, 0xFF, 0x6D, 0xBF, 0x5B, 0x6F, 0xBF, 0x76, 0xDF, 0xEA, 0x40, 0x00, 0x00,
  0x00, 0x00, 0x02, 0x57, 0xB7, 0xF5, 0x57, 0xFF, 0xFA, 0xF5, 0x5F, 0xFA, 0xAA, 0x40, 0x00, 0x00,
  0x00, 0x00, 0x03, 0x2B, 0xFD, 0x02, 0x42, 0xD5, 0x5F, 0x81, 0x00, 0xDF, 0xE8, 0x80, 0x00, 0x00,
  0x00, 0x00, 0x01, 0x2E, 0xAC, 0x7F, 0xF8, 0x7F, 0xF4, 0x3F, 0xFC, 0x36, 0xD6, 0x80, 0x00, 0x00,
  0x00, 0x00, 0x01, 0x53, 0xF1, 0xFF, 0xFF, 0x1B, 0x7A, 0xFF, 0xFF, 0x9F, 0xD0, 0x80, 0x00, 0x00,
  0x00, 0x00, 0x02, 0xAE, 0xD3, 0xFF, 0xEB, 0xCF, 0xD1, 0xFF, 0xF5, 0xC5, 0x6D, 0x50, 0x00, 0x00,
  0x00, 0x00, 0x14, 0x53, 0xC7, 0xFF, 0x80, 0xCD, 0x67, 0xFF, 0xC0, 0x67, 0xD2, 0x48, 0x00, 0x00,
  0x00, 0x00, 0x22, 0xAE, 0xCF, 0xFE, 0x04, 0x67, 0xE7, 0xFF, 0x02, 0x32, 0xD5, 0x24, 0x00, 0x00,
  0x00, 0x00, 0x48, 0x47, 0x4F, 0xFF, 0x20, 0x25, 0x67, 0xFF, 0x90, 0x13, 0xD4, 0x88, 0x00, 0x00,
  0x00, 0x00, 0x12, 0xB5, 0xCF, 0xFF, 0x09, 0x67, 0xD7, 0xFF, 0x84, 0xB3, 0x6A, 0x22, 0x00, 0x00,
  0x00, 0x00, 0x44, 0x4B, 0x67, 0xFF, 0x80, 0xCD, 0x63, 0xFF, 0xC0, 0x66, 0xD4, 0x94, 0x00, 0x00,
  0x00, 0x00, 0x21, 0x2B, 0xE3, 0xFF, 0xFF, 0x97, 0xF1, 0xFF, 0xFF, 0xCB, 0xD2, 0x41, 0x00, 0x00,
  0x00, 0x00, 0x8A, 0x56, 0xB8, 0xFF, 0xFE, 0x3D, 0x5C, 0x7F, 0xFF, 0x1E, 0xD5, 0x14, 0x00, 0x00,
  0x00, 0x00, 0x20, 0x4B, 0xEE, 0x2F, 0xE8, 0xD7, 0xF7, 0x17, 0xF4, 0x77, 0x6A, 0x41, 0x00, 0x00,
  0x00, 0x00, 0x0A, 0x56, 0xBB, 0x90, 0x07, 0xFD, 0xBD, 0xC8, 0x03, 0xDB, 0xC8, 0x12, 0x00, 0x00,
  0x00, 0x00, 0x40, 0x55, 0xEE, 0xFF, 0xFA, 0xAF, 0xEB, 0x7B, 0xFD, 0x6D, 0x6A, 0x80, 0x00, 0x00,
  0x00, 0x00, 0x12, 0x4B, 0x5B, 0xAA, 0xAF, 0xDB, 0x77, 0xAE, 0xAF, 0xBF, 0xA4, 0x28, 0x00, 0x00,
  0x00, 0x00, 0x00, 0x57, 0xF6, 0xFD, 0xFA, 0xF6, 0xDD, 0xFB, 0xF5, 0xEA, 0xD5, 0x02, 0x00, 0x00,
  0x00, 0x00, 0x0A, 0x55, 0x5D, 0xAB, 0x2B, 0x2B, 0x55, 0x2A, 0xAE, 0xBD, 0xD4, 0x40, 0x00, 0x00,
  0x00, 0x00, 0x00, 0x26, 0xEB, 0x74, 0xA4, 0xA4, 0xA5, 0x4A, 0x3B, 0xD7, 0x52, 0x00, 0x00, 0x00,
  0x00, 0x00, 0x00, 0x55, 0xBE, 0xDD, 0xF3, 0xF7, 0xEF, 0xEF, 0xAD, 0x7A, 0xD4, 0x00, 0x00, 0x00,
  0x00, 0x00, 0x00, 0x16, 0xD5, 0xE8, 0xF7, 0xE7, 0xE7, 0xCF, 0x37, 0xAF, 0x64, 0x00, 0x00, 0x00,
  0x00, 0x00, 0x00, 0x4B, 0x7B, 0x5D, 0x11, 0x24, 0x88, 0x49, 0x5A, 0xD5, 0xAA, 0x00, 0x00, 0x00,
  0x00, 0x00, 0x00, 0x25, 0xAE, 0xEE, 0xEE, 0xDB, 0x77, 0xB6, 0xEF, 0x7B, 0x64, 0x00, 0x00, 0x00,
  0x00, 0x00, 0x00, 0x2B, 0x75, 0xB5, 0xB5, 0xB6, 0xDD, 0xDB, 0x5A, 0xD6, 0xD2, 0x00, 0x00, 0x00,
  0x00, 0x00, 0x00, 0x56, 0xDB, 0x5B, 0x6E, 0xDD, 0xB6, 0xB6, 0xED, 0xBB, 0x48, 0x00, 0x00, 0x00,
  0x00, 0x00, 0x00, 0x09, 0xAD, 0xED, 0xB7, 0x6B, 0x6B, 0x6D, 0xB6, 0xD6, 0xD4, 0x00, 0x00, 0x00,
  0x00, 0x00, 0x00, 0x2E, 0xDA, 0xB6, 0xDA, 0xB6, 0xDD, 0xB6, 0xDB, 0x6D, 0x74, 0x00, 0x00, 0x00,
  0x00, 0x00, 0x00, 0x15, 0x25, 0x09, 0x24, 0x91, 0x22, 0x49, 0x04, 0x92, 0x50, 0x00, 0x00, 0x00,
  0x00, 0x00, 0x00, 0x02, 0x52, 0xA4, 0x92, 0xAA, 0x94, 0xA4, 0xB2, 0x49, 0x20, 0x00, 0x00, 0x00,
  0x00, 0x00, 0x00, 0x00, 0x00, 0x00, 0x00, 0x00, 0x00, 0x00, 0x00, 0x00, 0x00, 0x00, 0x00, 0x00,
  0x00, 0x00, 0x00, 0x00, 0x00, 0x00, 0x00, 0x00, 0x00, 0x00, 0x00, 0x00, 0x00, 0x00, 0x00, 0x00,
  0x00, 0x00, 0x00, 0x00, 0x00, 0x00, 0x00, 0x00, 0x00, 0x00, 0x00, 0x00, 0x00, 0x00, 0x00, 0x00,
  0x00, 0x00, 0x00, 0x00, 0x00, 0x00, 0x00, 0x00, 0x00, 0x00, 0x00, 0x00, 0x00, 0x00, 0x00, 0x00,
  0x00, 0x00, 0x00, 0x00, 0x00, 0x00, 0x00, 0x00, 0x00, 0x00, 0x00, 0x00, 0x00, 0x00, 0x00, 0x00,
  0x00, 0x00, 0x00, 0x00, 0x00, 0x00, 0x00, 0x00, 0x00, 0x00, 0x00, 0x00, 0x00, 0x00, 0x00, 0x00,
  0x00, 0x00, 0x00, 0x00, 0x00, 0x00, 0x00, 0x00, 0x00, 0x00, 0x00, 0x00, 0x00, 0x00, 0x00, 0x00,
  0x00, 0x00, 0x00, 0x00, 0x00, 0x00, 0x00, 0x00, 0x00, 0x00, 0x00, 0x00, 0x00, 0x00, 0x00, 0x00,
  0x00, 0x00, 0x00, 0x00, 0x00, 0x00, 0x00, 0x00, 0x00, 0x00, 0x00, 0x00, 0x00, 0x00, 0x00, 0x00,
  0x00, 0x00, 0x00, 0x00, 0x00, 0x00, 0x00, 0x00, 0x00, 0x00, 0x00, 0x00, 0x00, 0x00, 0x00, 0x00,
  0x00, 0x00, 0x00, 0x00, 0x00, 0x00, 0x00, 0x00, 0x00, 0x00, 0x00, 0x00, 0x00, 0x00, 0x00, 0x00
};

const unsigned char gif_frame_14[] PROGMEM = {
  0x00, 0x00, 0x00, 0x00, 0x00, 0x00, 0x00, 0x00, 0x00, 0x00, 0x00, 0x00, 0x00, 0x00, 0x00, 0x00,
  0x00, 0x00, 0x00, 0x00, 0x00, 0x00, 0x00, 0x00, 0x00, 0x00, 0x00, 0x00, 0x00, 0x00, 0x00, 0x00,
  0x00, 0x00, 0x00, 0x00, 0x00, 0x00, 0x00, 0x00, 0x00, 0x00, 0x00, 0x00, 0x00, 0x00, 0x00, 0x00,
  0x00, 0x00, 0x00, 0x00, 0x00, 0x00, 0x00, 0x00, 0x00, 0x00, 0x00, 0x00, 0x00, 0x00, 0x00, 0x00,
  0x00, 0x00, 0x00, 0x00, 0x00, 0x00, 0x00, 0x00, 0x00, 0x00, 0x00, 0x00, 0x00, 0x00, 0x00, 0x00,
  0x00, 0x00, 0x00, 0x00, 0x00, 0x00, 0x00, 0x00, 0x00, 0x00, 0x00, 0x00, 0x00, 0x00, 0x00, 0x00,
  0x00, 0x00, 0x00, 0x00, 0x00, 0x00, 0x00, 0x00, 0x00, 0x00, 0x00, 0x00, 0x00, 0x00, 0x00, 0x00,
  0x00, 0x00, 0x00, 0x00, 0x00, 0x00, 0x00, 0x00, 0x00, 0x00, 0x00, 0x00, 0x00, 0x00, 0x00, 0x00,
  0x00, 0x00, 0x00, 0x00, 0x00, 0x00, 0x00, 0x00, 0x00, 0x00, 0x00, 0x00, 0x00, 0x00, 0x00, 0x00,
  0x00, 0x00, 0x00, 0x00, 0x00, 0x00, 0x00, 0x00, 0x00, 0x00, 0x00, 0x00, 0x00, 0x00, 0x00, 0x00,
  0x00, 0x00, 0x00, 0x00, 0x00, 0x00, 0x00, 0x00, 0x00, 0x00, 0x00, 0x00, 0x00, 0x00, 0x00, 0x00,
  0x00, 0x00, 0x00, 0x00, 0x00, 0x00, 0x00, 0x05, 0x40, 0x00, 0x00, 0x00, 0x00, 0x00, 0x00, 0x00,
  0x00, 0x00, 0x00, 0x00, 0x00, 0x00, 0x00, 0x3F, 0xBC, 0x00, 0x00, 0x00, 0x00, 0x00, 0x00, 0x00,
  0x00, 0x00, 0x54, 0x00, 0x00, 0x00, 0x00, 0xEA, 0xD6, 0x00, 0x00, 0x00, 0x00, 0x15, 0x00, 0x00,
  0x00, 0x00, 0x40, 0x00, 0x00, 0x00, 0x01, 0x7D, 0x75, 0x80, 0x00, 0x00, 0x00, 0x22, 0x00, 0x00,
  0x00, 0x00, 0x18, 0x00, 0x00, 0x00, 0x01, 0x45, 0x4A, 0x00, 0x00, 0x00, 0x00, 0x08, 0x00, 0x00,
  0x00, 0x00, 0x08, 0x00, 0x00, 0x00, 0x00, 0x00, 0x00, 0x80, 0x00, 0x00, 0x00, 0x10, 0x00, 0x00,
  0x00, 0x00, 0x08, 0x01, 0x55, 0x55, 0x5B, 0x76, 0xDA, 0xBA, 0xAA, 0xAA, 0x80, 0x10, 0x00, 0x00,
  0x00, 0x00, 0x0C, 0x0E, 0xAA, 0xAA, 0xAA, 0x95, 0x55, 0x4A, 0xAA, 0xAA, 0xE8, 0x30, 0x00, 0x00,
  0x00, 0x00, 0x04, 0x3E, 0xDD, 0xDD, 0xDD, 0xEE, 0xEF, 0xFD, 0xDD, 0xDD, 0x74, 0x20, 0x00, 0x00,
  0x00, 0x00, 0x04, 0x45, 0xF7, 0xF7, 0xF7, 0xBF, 0xFD, 0xB7, 0xFF, 0xF7, 0xAA, 0x20, 0x00, 0x00,
  0x00, 0x00, 0x04, 0x37, 0x7E, 0xDE, 0xDE, 0xF6, 0xB7, 0xFE, 0xD6, 0xBF, 0xD4, 0x20, 0x00, 0x00,
  0x00, 0x00, 0x06, 0x57, 0xDB, 0xFF, 0xFB, 0xFF, 0xFE, 0xDB, 0xFF, 0xF6, 0xD4, 0x60, 0x00, 0x00,
  0x00, 0x00, 0x02, 0x2A, 0xFF, 0x6D, 0xBF, 0x5B, 0x6F, 0xBF, 0x76, 0xDF, 0xEA, 0x40, 0x00, 0x00,
  0x00, 0x00, 0x02, 0x57, 0xB7, 0xF5, 0x57, 0xFF, 0xFA, 0xF5, 0x5F, 0xFA, 0xAA, 0x40, 0x00, 0x00,
  0x00, 0x00, 0x03, 0x2B, 0xFD, 0x02, 0x42, 0xD5, 0x5F, 0x81, 0x00, 0xDF, 0xE8, 0xC0, 0x00, 0x00,
  0x00, 0x00, 0x01, 0x2E, 0xAC, 0x7F, 0xF8, 0x7F, 0xF4, 0x3F, 0xFC, 0x36, 0xD6, 0x80, 0x00, 0x00,
  0x00, 0x00, 0x01, 0x53, 0xF1, 0xFF, 0xFF, 0x1B, 0x7A, 0xFF, 0xFF, 0x9F, 0xD0, 0x80, 0x00, 0x00,
  0x00, 0x00, 0x02, 0xAE, 0xD3, 0xFF, 0xEB, 0xCF, 0xD1, 0xFF, 0xF5, 0xC5, 0x6E, 0x80, 0x00, 0x00,
  0x00, 0x00, 0x14, 0x53, 0xC7, 0xFF, 0x80, 0xCD, 0x67, 0xFF, 0xC0, 0x67, 0xD1, 0x28, 0x00, 0x00,
  0x00, 0x00, 0x22, 0xAE, 0xCF, 0xFE, 0x04, 0x67, 0xE7, 0xFF, 0x02, 0x32, 0xD4, 0x94, 0x00, 0x00,
  0x00, 0x00, 0x48, 0x47, 0x4F, 0xFF, 0x20, 0x25, 0x67, 0xFF, 0x90, 0x13, 0xD6, 0x42, 0x00, 0x00,
  0x00, 0x00, 0x12, 0xB5, 0xCF, 0xFF, 0x09, 0x67, 0xD7, 0xFF, 0x84, 0xB3, 0x69, 0x10, 0x00, 0x00,
  0x00, 0x00, 0x44, 0x4B, 0x67, 0xFF, 0x80, 0xCD, 0x63, 0xFF, 0xC0, 0x66, 0xD4, 0x4A, 0x00, 0x00,
  0x00, 0x00, 0x21, 0x2B, 0xE3, 0xFF, 0xFF, 0x97, 0xF1, 0xFF, 0xFF, 0xCB, 0xD2, 0x81, 0x00, 0x00,
  0x00, 0x00, 0x8A, 0x56, 0xB8, 0xFF, 0xFE, 0x3D, 0x5C, 0x7F, 0xFF, 0x1E, 0xD4, 0x2A, 0x00, 0x00,
  0x00, 0x00, 0x20, 0x4B, 0xEE, 0x2F, 0xE8, 0xD7, 0xF7, 0x17, 0xF4, 0x77, 0x6A, 0x80, 0x00, 0x00,
  0x00, 0x00, 0x0A, 0x56, 0xBB, 0x90, 0x07, 0xFD, 0xBD, 0xC8, 0x03, 0xDB, 0xCA, 0x2A, 0x00, 0x00,
  0x00, 0x00, 0x40, 0x55, 0xEE, 0xFF, 0xFA, 0xAF, 0xEB, 0x7B, 0xFD, 0x6D, 0x68, 0x80, 0x00, 0x00,
  0x00, 0x00, 0x12, 0x4B, 0x5B, 0xAA, 0xAF, 0xDB, 0x77, 0xAE, 0xAF, 0xBF, 0xA6, 0x12, 0x00, 0x00,
  0x00, 0x00, 0x00, 0x57, 0xF6, 0xFD, 0xFA, 0xF6, 0xDD, 0xFB, 0xF5, 0xEA, 0xD0, 0x40, 0x00, 0x00,
  0x00, 0x00, 0x0A, 0x55, 0x5D, 0xAB, 0x2B, 0x2B, 0x55, 0x2A, 0xAE, 0xBD, 0xD6, 0x08, 0x00, 0x00,
  0x00, 0x00, 0x00, 0x26, 0xEB, 0x74, 0xA4, 0xA4, 0xA5, 0x4A, 0x3B, 0xD7, 0x52, 0x00, 0x00, 0x00,
  0x00, 0x00, 0x00, 0x55, 0xBE, 0xDD, 0xF3, 0xF7, 0xEF, 0xEF, 0xAD, 0x7A, 0xD4, 0x00, 0x00, 0x00,
  0x00, 0x00, 0x00, 0x16, 0xD5, 0xE8, 0xF7, 0xE7, 0xE7, 0xCF, 0x37, 0xAF, 0x68, 0x00, 0x00, 0x00,
  0x00, 0x00, 0x00, 0x4B, 0x7B, 0x5D, 0x11, 0x24, 0x88, 0x49, 0x5A, 0xD5, 0xA4, 0x00, 0x00, 0x00,
  0x00, 0x00, 0x00, 0x25, 0xAE, 0xEE, 0xEE, 0xDB, 0x77, 0xB6, 0xEF, 0x7B, 0x54, 0x00, 0x00, 0x00,
  0x00, 0x00, 0x00, 0x2B, 0x75, 0xB5, 0xB5, 0xB6, 0xDD, 0xDB, 0x5A, 0xD6, 0xE4, 0x00, 0x00, 0x00,
  0x00, 0x00, 0x00, 0x56, 0xDB, 0x5B, 0x6E, 0xDD, 0xB6, 0xB6, 0xED, 0xBB, 0xAA, 0x00, 0x00, 0x00,
  0x00, 0x00, 0x00, 0x09, 0xAD, 0xED, 0xB7, 0x6B, 0x6B, 0x6D, 0xB6, 0xD6, 0x90, 0x00, 0x00, 0x00,
  0x00, 0x00, 0x00, 0x2E, 0xDA, 0xB6, 0xDA, 0xB6, 0xDD, 0xB6, 0xDB, 0x6D, 0x74, 0x00, 0x00, 0x00,
  0x00, 0x00, 0x00, 0x15, 0x25, 0x09, 0x24, 0x91, 0x22, 0x49, 0x04, 0x92, 0x68, 0x00, 0x00, 0x00,
  0x00, 0x00, 0x00, 0x02, 0x52, 0xA4, 0x92, 0xAA, 0x94, 0xA4, 0xB2, 0x49, 0x00, 0x00, 0x00, 0x00,
  0x00, 0x00, 0x00, 0x00, 0x00, 0x00, 0x00, 0x00, 0x00, 0x00, 0x00, 0x00, 0x00, 0x00, 0x00, 0x00,
  0x00, 0x00, 0x00, 0x00, 0x00, 0x00, 0x00, 0x00, 0x00, 0x00, 0x00, 0x00, 0x00, 0x00, 0x00, 0x00,
  0x00, 0x00, 0x00, 0x00, 0x00, 0x00, 0x00, 0x00, 0x00, 0x00, 0x00, 0x00, 0x00, 0x00, 0x00, 0x00,
  0x00, 0x00, 0x00, 0x00, 0x00, 0x00, 0x00, 0x00, 0x00, 0x00, 0x00, 0x00, 0x00, 0x00, 0x00, 0x00,
  0x00, 0x00, 0x00, 0x00, 0x00, 0x00, 0x00, 0x00, 0x00, 0x00, 0x00, 0x00, 0x00, 0x00, 0x00, 0x00,
  0x00, 0x00, 0x00, 0x00, 0x00, 0x00, 0x00, 0x00, 0x00, 0x00, 0x00, 0x00, 0x00, 0x00, 0x00, 0x00,
  0x00, 0x00, 0x00, 0x00, 0x00, 0x00, 0x00, 0x00, 0x00, 0x00, 0x00, 0x00, 0x00, 0x00, 0x00, 0x00,
  0x00, 0x00, 0x00, 0x00, 0x00, 0x00, 0x00, 0x00, 0x00, 0x00, 0x00, 0x00, 0x00, 0x00, 0x00, 0x00,
  0x00, 0x00, 0x00, 0x00, 0x00, 0x00, 0x00, 0x00, 0x00, 0x00, 0x00, 0x00, 0x00, 0x00, 0x00, 0x00,
  0x00, 0x00, 0x00, 0x00, 0x00, 0x00, 0x00, 0x00, 0x00, 0x00, 0x00, 0x00, 0x00, 0x00, 0x00, 0x00,
  0x00, 0x00, 0x00, 0x00, 0x00, 0x00, 0x00, 0x00, 0x00, 0x00, 0x00, 0x00, 0x00, 0x00, 0x00, 0x00
};

const unsigned char gif_frame_15[] PROGMEM = {
  0x00, 0x00, 0x00, 0x00, 0x00, 0x00, 0x00, 0x00, 0x00, 0x00, 0x00, 0x00, 0x00, 0x00, 0x00, 0x00,
  0x00, 0x00, 0x00, 0x00, 0x00, 0x00, 0x00, 0x00, 0x00, 0x00, 0x00, 0x00, 0x00, 0x00, 0x00, 0x00,
  0x00, 0x00, 0x00, 0x00, 0x00, 0x00, 0x00, 0x00, 0x00, 0x00, 0x00, 0x00, 0x00, 0x00, 0x00, 0x00,
  0x00, 0x00, 0x00, 0x00, 0x00, 0x00, 0x00, 0x00, 0x00, 0x00, 0x00, 0x00, 0x00, 0x00, 0x00, 0x00,
  0x00, 0x00, 0x00, 0x00, 0x00, 0x00, 0x00, 0x00, 0x00, 0x00, 0x00, 0x00, 0x00, 0x00, 0x00, 0x00,
  0x00, 0x00, 0x00, 0x00, 0x00, 0x00, 0x00, 0x00, 0x00, 0x00, 0x00, 0x00, 0x00, 0x00, 0x00, 0x00,
  0x00, 0x00, 0x00, 0x00, 0x00, 0x00, 0x00, 0x00, 0x00, 0x00, 0x00, 0x00, 0x00, 0x00, 0x00, 0x00,
  0x00, 0x00, 0x00, 0x00, 0x00, 0x00, 0x00, 0x00, 0x00, 0x00, 0x00, 0x00, 0x00, 0x00, 0x00, 0x00,
  0x00, 0x00, 0x00, 0x00, 0x00, 0x00, 0x00, 0x00, 0x00, 0x00, 0x00, 0x00, 0x00, 0x00, 0x00, 0x00,
  0x00, 0x00, 0x00, 0x00, 0x00, 0x00, 0x00, 0x00, 0x00, 0x00, 0x00, 0x00, 0x00, 0x00, 0x00, 0x00,
  0x00, 0x00, 0x00, 0x00, 0x00, 0x00, 0x00, 0x00, 0x00, 0x00, 0x00, 0x00, 0x00, 0x00, 0x00, 0x00,
  0x00, 0x00, 0x00, 0x00, 0x00, 0x00, 0x00, 0x05, 0x40, 0x00, 0x00, 0x00, 0x00, 0x00, 0x00, 0x00,
  0x00, 0x00, 0x00, 0x00, 0x00, 0x00, 0x00, 0x3F, 0xBC, 0x00, 0x00, 0x00, 0x00, 0x00, 0x00, 0x00,
  0x00, 0x00, 0x54, 0x00, 0x00, 0x00, 0x00, 0xEA, 0xD6, 0x00, 0x00, 0x00, 0x00, 0x15, 0x00, 0x00,
  0x00, 0x00, 0x40, 0x00, 0x00, 0x00, 0x01, 0x7D, 0x75, 0x80, 0x00, 0x00, 0x00, 0x22, 0x00, 0x00,
  0x00, 0x00, 0x18, 0x00, 0x00, 0x00, 0x01, 0x45, 0x4A, 0x00, 0x00, 0x00, 0x00, 0x08, 0x00, 0x00,
  0x00, 0x00, 0x08, 0x00, 0x00, 0x00, 0x00, 0x00, 0x00, 0x80, 0x00, 0x00, 0x00, 0x10, 0x00, 0x00,
  0x00, 0x00, 0x08, 0x01, 0x55, 0x55, 0x5B, 0x76, 0xDA, 0xBA, 0xAA, 0xAA, 0x80, 0x30, 0x00, 0x00,
  0x00, 0x00, 0x0C, 0x0E, 0xAA, 0xAA, 0xAA, 0x95, 0x55, 0x4A, 0xAA, 0xAA, 0xE8, 0x10, 0x00, 0x00,
  0x00, 0x00, 0x04, 0x3E, 0xDD, 0xDD, 0xDD, 0xEE, 0xEF, 0xFD, 0xDD, 0xDD, 0x74, 0x20, 0x00, 0x00,
  0x00, 0x00, 0x04, 0x45, 0xF7, 0xF7, 0xF7, 0xBF, 0xFD, 0xB7, 0xFF, 0xF7, 0xAA, 0x20, 0x00, 0x00,
  0x00, 0x00, 0x04, 0x37, 0x7E, 0xDE, 0xDE, 0xF6, 0xB7, 0xFE, 0xD6, 0xBF, 0xD4, 0x60, 0x00, 0x00,
  0x00, 0x00, 0x06, 0x57, 0xDB, 0xFF, 0xFB, 0xFF, 0xFE, 0xDB, 0xFF, 0xF6, 0xD4, 0x20, 0x00, 0x00,
  0x00, 0x00, 0x02, 0x2A, 0xFF, 0x6D, 0xBF, 0x5B, 0x6F, 0xBF, 0x76, 0xDF, 0xEA, 0x40, 0x00, 0x00,
  0x00, 0x00, 0x02, 0x57, 0xB7, 0xF5, 0x57, 0xFF, 0xFA, 0xF5, 0x5F, 0xFA, 0xAA, 0x40, 0x00, 0x00,
  0x00, 0x00, 0x03, 0x2B, 0xFD, 0x02, 0x42, 0xD5, 0x5F, 0x81, 0x00, 0xDF, 0xE8, 0xC0, 0x00, 0x00,
  0x00, 0x00, 0x01, 0x2E, 0xAC, 0x7F, 0xF8, 0x7F, 0xF4, 0x3F, 0xFC, 0x36, 0xD6, 0x80, 0x00, 0x00,
  0x00, 0x00, 0x01, 0x53, 0xF1, 0xFF, 0xFF, 0x1B, 0x7A, 0xFF, 0xFF, 0x9F, 0xD0, 0x80, 0x00, 0x00,
  0x00, 0x00, 0x02, 0xAE, 0xD3, 0xFF, 0xEB, 0xCF, 0xD1, 0xFF, 0xF5, 0xC5, 0x6E, 0x90, 0x00, 0x00,
  0x00, 0x00, 0x14, 0x53, 0xC7, 0xFF, 0x80, 0xCD, 0x67, 0xFF, 0xC0, 0x67, 0xD1, 0x20, 0x00, 0x00,
  0x00, 0x00, 0x22, 0xAE, 0xCF, 0xFE, 0x04, 0x67, 0xE7, 0xFF, 0x02, 0x32, 0xD4, 0x8A, 0x00, 0x00,
  0x00, 0x00, 0x48, 0x47, 0x4F, 0xFF, 0x20, 0x25, 0x67, 0xFF, 0x90, 0x13, 0xD6, 0x50, 0x00, 0x00,
  0x00, 0x00, 0x12, 0xB5, 0xCF, 0xFF, 0x09, 0x67, 0xD7, 0xFF, 0x84, 0xB3, 0x69, 0x0A, 0x00, 0x00,
  0x00, 0x00, 0x44, 0x4B, 0x67, 0xFF, 0x80, 0xCD, 0x63, 0xFF, 0xC0, 0x66, 0xD4, 0x41, 0x00, 0x00,
  0x00, 0x00, 0x21, 0x2B, 0xE3, 0xFF, 0xFF, 0x97, 0xF1, 0xFF, 0xFF, 0xCB, 0xD2, 0x94, 0x00, 0x00,
  0x00, 0x00, 0x8A, 0x56, 0xB8, 0xFF, 0xFE, 0x3D, 0x5C, 0x7F, 0xFF, 0x1E, 0xD4, 0x22, 0x00, 0x00,
  0x00, 0x00, 0x20, 0x4B, 0xEE, 0x2F, 0xE8, 0xD7, 0xF7, 0x17, 0xF4, 0x77, 0x6A, 0x88, 0x00, 0x00,
  0x00, 0x00, 0x0A, 0x56, 0xBB, 0x90, 0x07, 0xFD, 0xBD, 0xC8, 0x03, 0xDB, 0xCA, 0x22, 0x00, 0x00,
  0x00, 0x00, 0x40, 0x55, 0xEE, 0xFF, 0xFA, 0xAF, 0xEB, 0x7B, 0xFD, 0x6D, 0x68, 0x80, 0x00, 0x00,
  0x00, 0x00, 0x12, 0x4B, 0x5B, 0xAA, 0xAF, 0xDB, 0x77, 0xAE, 0xAF, 0xBF, 0xA6, 0x14, 0x00, 0x00,
  0x00, 0x00, 0x00, 0x57, 0xF6, 0xFD, 0xFA, 0xF6, 0xDD, 0xFB, 0xF5, 0xEA, 0xD0, 0x40, 0x00, 0x00,
  0x00, 0x00, 0x0A, 0x55, 0x5D, 0xAB, 0x2B, 0x2B, 0x55, 0x2A, 0xAE, 0xBD, 0xD6, 0x00, 0x00, 0x00,
  0x00, 0x00, 0x00, 0x26, 0xEB, 0x74, 0xA4, 0xA4, 0xA5, 0x4A, 0x3B, 0xD7, 0x52, 0x00, 0x00, 0x00,
  0x00, 0x00, 0x00, 0x55, 0xBE, 0xDD, 0xF3, 0xF7, 0xEF, 0xEF, 0xAD, 0x7A, 0xD4, 0x00, 0x00, 0x00,
  0x00, 0x00, 0x00, 0x16, 0xD5, 0xE8, 0xF7, 0xE7, 0xE7, 0xCF, 0x37, 0xAF, 0x68, 0x00, 0x00, 0x00,
  0x00, 0x00, 0x00, 0x4B, 0x7B, 0x5D, 0x11, 0x24, 0x88, 0x49, 0x5A, 0xD5, 0xA4, 0x00, 0x00, 0x00,
  0x00, 0x00, 0x00, 0x25, 0xAE, 0xEE, 0xEE, 0xDB, 0x77, 0xB6, 0xEF, 0x7B, 0x54, 0x00, 0x00, 0x00,
  0x00, 0x00, 0x00, 0x2B, 0x75, 0xB5, 0xB5, 0xB6, 0xDD, 0xDB, 0x5A, 0xD6, 0xE4, 0x00, 0x00, 0x00,
  0x00, 0x00, 0x00, 0x56, 0xDB, 0x5B, 0x6E, 0xDD, 0xB6, 0xB6, 0xED, 0xBB, 0xAA, 0x00, 0x00, 0x00,
  0x00, 0x00, 0x00, 0x09, 0xAD, 0xED, 0xB7, 0x6B, 0x6B, 0x6D, 0xB6, 0xD6, 0x90, 0x00, 0x00, 0x00,
  0x00, 0x00, 0x00, 0x2E, 0xDA, 0xB6, 0xDA, 0xB6, 0xDD, 0xB6, 0xDB, 0x6D, 0x74, 0x00, 0x00, 0x00,
  0x00, 0x00, 0x00, 0x15, 0x25, 0x09, 0x24, 0x91, 0x22, 0x49, 0x04, 0x92, 0x68, 0x00, 0x00, 0x00,
  0x00, 0x00, 0x00, 0x02, 0x52, 0xA4, 0x92, 0xAA, 0x94, 0xA4, 0xB2, 0x49, 0x00, 0x00, 0x00, 0x00,
  0x00, 0x00, 0x00, 0x00, 0x00, 0x00, 0x00, 0x00, 0x00, 0x00, 0x00, 0x00, 0x00, 0x00, 0x00, 0x00,
  0x00, 0x00, 0x00, 0x00, 0x00, 0x00, 0x00, 0x00, 0x00, 0x00, 0x00, 0x00, 0x00, 0x00, 0x00, 0x00,
  0x00, 0x00, 0x00, 0x00, 0x00, 0x00, 0x00, 0x00, 0x00, 0x00, 0x00, 0x00, 0x00, 0x00, 0x00, 0x00,
  0x00, 0x00, 0x00, 0x00, 0x00, 0x00, 0x00, 0x00, 0x00, 0x00, 0x00, 0x00, 0x00, 0x00, 0x00, 0x00,
  0x00, 0x00, 0x00, 0x00, 0x00, 0x00, 0x00, 0x00, 0x00, 0x00, 0x00, 0x00, 0x00, 0x00, 0x00, 0x00,
  0x00, 0x00, 0x00, 0x00, 0x00, 0x00, 0x00, 0x00, 0x00, 0x00, 0x00, 0x00, 0x00, 0x00, 0x00, 0x00,
  0x00, 0x00, 0x00, 0x00, 0x00, 0x00, 0x00, 0x00, 0x00, 0x00, 0x00, 0x00, 0x00, 0x00, 0x00, 0x00,
  0x00, 0x00, 0x00, 0x00, 0x00, 0x00, 0x00, 0x00, 0x00, 0x00, 0x00, 0x00, 0x00, 0x00, 0x00, 0x00,
  0x00, 0x00, 0x00, 0x00, 0x00, 0x00, 0x00, 0x00, 0x00, 0x00, 0x00, 0x00, 0x00, 0x00, 0x00, 0x00,
  0x00, 0x00, 0x00, 0x00, 0x00, 0x00, 0x00, 0x00, 0x00, 0x00, 0x00, 0x00, 0x00, 0x00, 0x00, 0x00,
  0x00, 0x00, 0x00, 0x00, 0x00, 0x00, 0x00, 0x00, 0x00, 0x00, 0x00, 0x00, 0x00, 0x00, 0x00, 0x00
};

const unsigned char gif_frame_16[] PROGMEM = {
  0x00, 0x00, 0x00, 0x00, 0x00, 0x00, 0x00, 0x00, 0x00, 0x00, 0x00, 0x00, 0x00, 0x00, 0x00, 0x00,
  0x00, 0x00, 0x00, 0x00, 0x00, 0x00, 0x00, 0x00, 0x00, 0x00, 0x00, 0x00, 0x00, 0x00, 0x00, 0x00,
  0x00, 0x00, 0x00, 0x00, 0x00, 0x00, 0x00, 0x00, 0x00, 0x00, 0x00, 0x00, 0x00, 0x00, 0x00, 0x00,
  0x00, 0x00, 0x00, 0x00, 0x00, 0x00, 0x00, 0x00, 0x00, 0x00, 0x00, 0x00, 0x00, 0x00, 0x00, 0x00,
  0x00, 0x00, 0x00, 0x00, 0x00, 0x00, 0x00, 0x00, 0x00, 0x00, 0x00, 0x00, 0x00, 0x00, 0x00, 0x00,
  0x00, 0x00, 0x00, 0x00, 0x00, 0x00, 0x00, 0x00, 0x00, 0x00, 0x00, 0x00, 0x00, 0x00, 0x00, 0x00,
  0x00, 0x00, 0x00, 0x00, 0x00, 0x00, 0x00, 0x00, 0x00, 0x00, 0x00, 0x00, 0x00, 0x00, 0x00, 0x00,
  0x00, 0x00, 0x00, 0x00, 0x00, 0x00, 0x00, 0x00, 0x00, 0x00, 0x00, 0x00, 0x00, 0x00, 0x00, 0x00,
  0x00, 0x00, 0x00, 0x00, 0x00, 0x00, 0x00, 0x00, 0x00, 0x00, 0x00, 0x00, 0x00, 0x00, 0x00, 0x00,
  0x00, 0x00, 0x00, 0x00, 0x00, 0x00, 0x00, 0x00, 0x00, 0x00, 0x00, 0x00, 0x00, 0x00, 0x00, 0x00,
  0x00, 0x00, 0x00, 0x00, 0x00, 0x00, 0x00, 0x00, 0x00, 0x00, 0x00, 0x00, 0x00, 0x00, 0x00, 0x00,
  0x00, 0x00, 0x00, 0x00, 0x00, 0x00, 0x00, 0x05, 0x40, 0x00, 0x00, 0x00, 0x00, 0x00, 0x00, 0x00,
  0x00, 0x00, 0x00, 0x00, 0x00, 0x00, 0x00, 0x3F, 0xBC, 0x00, 0x00, 0x00, 0x00, 0x00, 0x00, 0x00,
  0x00, 0x00, 0x54, 0x00, 0x00, 0x00, 0x00, 0xEA, 0xD6, 0x00, 0x00, 0x00, 0x00, 0x15, 0x00, 0x00,
  0x00, 0x00, 0x40, 0x00, 0x00, 0x00, 0x01, 0x7D, 0x75, 0x80, 0x00, 0x00, 0x00, 0x22, 0x00, 0x00,
  0x00, 0x00, 0x18, 0x00, 0x00, 0x00, 0x01, 0x45, 0x4A, 0x00, 0x00, 0x00, 0x00, 0x08, 0x00, 0x00,
  0x00, 0x00, 0x08, 0x00, 0x00, 0x00, 0x00, 0x00, 0x00, 0x80, 0x00, 0x00, 0x00, 0x10, 0x00, 0x00,
  0x00, 0x00, 0x08, 0x01, 0x55, 0x55, 0x5B, 0x76, 0xDA, 0xBA, 0xAA, 0xAA, 0x80, 0x30, 0x00, 0x00,
  0x00, 0x00, 0x0C, 0x0E, 0xAA, 0xAA, 0xAA, 0x95, 0x55, 0x4A, 0xAA, 0xAA, 0xE8, 0x10, 0x00, 0x00,
  0x00, 0x00, 0x04, 0x3E, 0xDD, 0xDD, 0xDD, 0xEE, 0xEF, 0xFD, 0xDD, 0xDD, 0x74, 0x20, 0x00, 0x00,
  0x00, 0x00, 0x04, 0x45, 0xF7, 0xF7, 0xF7, 0xBF, 0xFD, 0xB7, 0xFF, 0xF7, 0xAA, 0x20, 0x00, 0x00,
  0x00, 0x00, 0x04, 0x37, 0x7E, 0xDE, 0xDE, 0xF6, 0xB7, 0xFE, 0xD6, 0xBF, 0xD4, 0x60, 0x00, 0x00,
  0x00, 0x00, 0x06, 0x57, 0xDB, 0xFF, 0xFB, 0xFF, 0xFE, 0xDB, 0xFF, 0xF6, 0xD4, 0x20, 0x00, 0x00,
  0x00, 0x00, 0x02, 0x2A, 0xFF, 0x6D, 0xBF, 0x5B, 0x6F, 0xBF, 0x76, 0xDF, 0xEA, 0x40, 0x00, 0x00,
  0x00, 0x00, 0x02, 0x57, 0xB7, 0xF5, 0x57, 0xFF, 0xFA, 0xF5, 0x5F, 0xFA, 0xAA, 0x40, 0x00, 0x00,
  0x00, 0x00, 0x03, 0x2B, 0xFD, 0x02, 0x42, 0xD5, 0x5F, 0x81, 0x00, 0xDF, 0xE8, 0xC0, 0x00, 0x00,
  0x00, 0x00, 0x01, 0x2E, 0xAC, 0x7F, 0xFC, 0x7F, 0xF4, 0x3F, 0xFC, 0x36, 0xD6, 0x80, 0x00, 0x00,
  0x00, 0x00, 0x01, 0x53, 0xF1, 0xFF, 0xFF, 0x1B, 0x7A, 0xFF, 0xFF, 0x9F, 0xD0, 0x80, 0x00, 0x00,
  0x00, 0x00, 0x02, 0xAE, 0xD3, 0xFD, 0x7F, 0x9F, 0xD1, 0xFE, 0xBF, 0xC5, 0x6E, 0x90, 0x00, 0x00,
  0x00, 0x00, 0x14, 0x53, 0xC7, 0xE0, 0x1F, 0xC5, 0x67, 0xF0, 0x0F, 0xE7, 0xD1, 0x20, 0x00, 0x00,
  0x00, 0x00, 0x22, 0xAE, 0xCF, 0xE1, 0x07, 0xE7, 0xE7, 0xF1, 0x07, 0xF2, 0xD4, 0x8A, 0x00, 0x00,
  0x00, 0x00, 0x48, 0x47, 0x4F, 0xC8, 0x4F, 0xE6, 0xA7, 0xE4, 0x43, 0xF3, 0xD6, 0x50, 0x00, 0x00,
  0x00, 0x00, 0x12, 0xB5, 0xCF, 0xE2, 0x0F, 0xCF, 0xE7, 0xF0, 0x17, 0xE5, 0x69, 0x0A, 0x00, 0x00,
  0x00, 0x00, 0x44, 0x4B, 0x67, 0xF0, 0x3F, 0xCA, 0xB3, 0xF9, 0x0F, 0xE7, 0xD4, 0x41, 0x00, 0x00,
  0x00, 0x00, 0x21, 0x2B, 0xE3, 0xFF, 0xFF, 0x9F, 0xE9, 0xFF, 0xFF, 0xCD, 0x65, 0x2A, 0x00, 0x00,
  0x00, 0x00, 0x8A, 0x56, 0xB8, 0xFF, 0xFE, 0x35, 0x78, 0x7F, 0xFF, 0x1B, 0xD4, 0x80, 0x00, 0x00,
  0x00, 0x00, 0x20, 0x4B, 0xEE, 0x2F, 0xE8, 0xDF, 0xAF, 0x17, 0xF4, 0x77, 0x6A, 0x2A, 0x00, 0x00,
  0x00, 0x00, 0x0A, 0x56, 0xBB, 0x90, 0x07, 0x75, 0xFB, 0xC8, 0x03, 0xDD, 0xA4, 0x80, 0x00, 0x00,
  0x00, 0x00, 0x40, 0x55, 0xEE, 0xFF, 0x7B, 0xDF, 0xD6, 0xFB, 0xBE, 0xB7, 0x6A, 0x12, 0x00, 0x00,
  0x00, 0x00, 0x12, 0x4B, 0x5B, 0xAA, 0xED, 0x6B, 0x7D, 0xAE, 0xEB, 0xED, 0xD2, 0x40, 0x00, 0x00,
  0x00, 0x00, 0x00, 0x57, 0xF6, 0xF7, 0xBF, 0xBD, 0xD7, 0x7B, 0xBD, 0x7B, 0x54, 0x08, 0x00, 0x00,
  0x00, 0x00, 0x0A, 0x55, 0x5D, 0xAD, 0x52, 0xD6, 0xB5, 0xAA, 0xD7, 0xAE, 0xEA, 0x40, 0x00, 0x00,
  0x00, 0x00, 0x00, 0x26, 0xEB, 0x7A, 0x52, 0x22, 0x44, 0x8A, 0x3D, 0x77, 0xA4, 0x00, 0x00, 0x00,
  0x00, 0x00, 0x00, 0x55, 0xBE, 0xDD, 0xF7, 0xF7, 0xEF, 0xEF, 0xAB, 0xDA, 0xD2, 0x00, 0x00, 0x00,
  0x00, 0x00, 0x00, 0x16, 0xD5, 0xE8, 0xF3, 0xE7, 0xE7, 0xCF, 0x3D, 0x6F, 0x54, 0x00, 0x00, 0x00,
  0x00, 0x00, 0x00, 0x4B, 0x7B, 0x5D, 0x12, 0x52, 0x49, 0x24, 0xAB, 0xB5, 0xD2, 0x00, 0x00, 0x00,
  0x00, 0x00, 0x00, 0x25, 0xAE, 0xEB, 0xED, 0xAD, 0xB6, 0xDB, 0x76, 0xDD, 0x48, 0x00, 0x00, 0x00,
  0x00, 0x00, 0x00, 0x2B, 0x75, 0xB6, 0xB6, 0xF6, 0xDD, 0xBD, 0xAD, 0xB7, 0xEA, 0x00, 0x00, 0x00,
  0x00, 0x00, 0x00, 0x56, 0xDB, 0x5B, 0x5B, 0x5B, 0x6B, 0x6B, 0x76, 0xDA, 0x94, 0x00, 0x00, 0x00,
  0x00, 0x00, 0x00, 0x09, 0xAD, 0xED, 0xED, 0xED, 0xBD, 0xDD, 0xAD, 0xB6, 0xC2, 0x00, 0x00, 0x00,
  0x00, 0x00, 0x00, 0x2E, 0xDA, 0xB6, 0xB6, 0xAB, 0x66, 0xAA, 0xDB, 0x5A, 0xB8, 0x00, 0x00, 0x00,
  0x00, 0x00, 0x00, 0x15, 0x25, 0x09, 0x09, 0x28, 0x92, 0x55, 0x24, 0xA4, 0xE4, 0x00, 0x00, 0x00,
  0x00, 0x00, 0x00, 0x02, 0x52, 0xAA, 0xA4, 0x95, 0x49, 0x44, 0x92, 0x52, 0x00, 0x00, 0x00, 0x00,
  0x00, 0x00, 0x00, 0x00, 0x00, 0x00, 0x00, 0x00, 0x00, 0x00, 0x00, 0x00, 0x00, 0x00, 0x00, 0x00,
  0x00, 0x00, 0x00, 0x00, 0x00, 0x00, 0x00, 0x00, 0x00, 0x00, 0x00, 0x00, 0x00, 0x00, 0x00, 0x00,
  0x00, 0x00, 0x00, 0x00, 0x00, 0x00, 0x00, 0x00, 0x00, 0x00, 0x00, 0x00, 0x00, 0x00, 0x00, 0x00,
  0x00, 0x00, 0x00, 0x00, 0x00, 0x00, 0x00, 0x00, 0x00, 0x00, 0x00, 0x00, 0x00, 0x00, 0x00, 0x00,
  0x00, 0x00, 0x00, 0x00, 0x00, 0x00, 0x00, 0x00, 0x00, 0x00, 0x00, 0x00, 0x00, 0x00, 0x00, 0x00,
  0x00, 0x00, 0x00, 0x00, 0x00, 0x00, 0x00, 0x00, 0x00, 0x00, 0x00, 0x00, 0x00, 0x00, 0x00, 0x00,
  0x00, 0x00, 0x00, 0x00, 0x00, 0x00, 0x00, 0x00, 0x00, 0x00, 0x00, 0x00, 0x00, 0x00, 0x00, 0x00,
  0x00, 0x00, 0x00, 0x00, 0x00, 0x00, 0x00, 0x00, 0x00, 0x00, 0x00, 0x00, 0x00, 0x00, 0x00, 0x00,
  0x00, 0x00, 0x00, 0x00, 0x00, 0x00, 0x00, 0x00, 0x00, 0x00, 0x00, 0x00, 0x00, 0x00, 0x00, 0x00,
  0x00, 0x00, 0x00, 0x00, 0x00, 0x00, 0x00, 0x00, 0x00, 0x00, 0x00, 0x00, 0x00, 0x00, 0x00, 0x00,
  0x00, 0x00, 0x00, 0x00, 0x00, 0x00, 0x00, 0x00, 0x00, 0x00, 0x00, 0x00, 0x00, 0x00, 0x00, 0x00
};

const unsigned char gif_frame_17[] PROGMEM = {
  0x00, 0x00, 0x00, 0x00, 0x00, 0x00, 0x00, 0x00, 0x00, 0x00, 0x00, 0x00, 0x00, 0x00, 0x00, 0x00,
  0x00, 0x00, 0x00, 0x00, 0x00, 0x00, 0x00, 0x00, 0x00, 0x00, 0x00, 0x00, 0x00, 0x00, 0x00, 0x00,
  0x00, 0x00, 0x00, 0x00, 0x00, 0x00, 0x00, 0x00, 0x00, 0x00, 0x00, 0x00, 0x00, 0x00, 0x00, 0x00,
  0x00, 0x00, 0x00, 0x00, 0x00, 0x00, 0x00, 0x00, 0x00, 0x00, 0x00, 0x00, 0x00, 0x00, 0x00, 0x00,
  0x00, 0x00, 0x00, 0x00, 0x00, 0x00, 0x00, 0x00, 0x00, 0x00, 0x00, 0x00, 0x00, 0x00, 0x00, 0x00,
  0x00, 0x00, 0x00, 0x00, 0x00, 0x00, 0x00, 0x00, 0x00, 0x00, 0x00, 0x00, 0x00, 0x00, 0x00, 0x00,
  0x00, 0x00, 0x00, 0x00, 0x00, 0x00, 0x00, 0x00, 0x00, 0x00, 0x00, 0x00, 0x00, 0x00, 0x00, 0x00,
  0x00, 0x00, 0x00, 0x00, 0x00, 0x00, 0x00, 0x00, 0x00, 0x00, 0x00, 0x00, 0x00, 0x00, 0x00, 0x00,
  0x00, 0x00, 0x00, 0x00, 0x00, 0x00, 0x00, 0x00, 0x00, 0x00, 0x00, 0x00, 0x00, 0x00, 0x00, 0x00,
  0x00, 0x00, 0x00, 0x00, 0x00, 0x00, 0x00, 0x00, 0x00, 0x00, 0x00, 0x00, 0x00, 0x00, 0x00, 0x00,
  0x00, 0x00, 0x00, 0x00, 0x00, 0x00, 0x00, 0x00, 0x00, 0x00, 0x00, 0x00, 0x00, 0x00, 0x00, 0x00,
  0x00, 0x00, 0x00, 0x00, 0x00, 0x00, 0x00, 0x05, 0x40, 0x00, 0x00, 0x00, 0x00, 0x00, 0x00, 0x00,
  0x00, 0x00, 0x00, 0x00, 0x00, 0x00, 0x00, 0x3F, 0xBC, 0x00, 0x00, 0x00, 0x00, 0x00, 0x00, 0x00,
  0x00, 0x00, 0x54, 0x00, 0x00, 0x00, 0x00, 0xEA, 0xD6, 0x00, 0x00, 0x00, 0x00, 0x15, 0x00, 0x00,
  0x00, 0x00, 0x40, 0x00, 0x00, 0x00, 0x01, 0x7D, 0x75, 0x80, 0x00, 0x00, 0x00, 0x22, 0x00, 0x00,
  0x00, 0x00, 0x18, 0x00, 0x00, 0x00, 0x01, 0x45, 0x4A, 0x00, 0x00, 0x00, 0x00, 0x08, 0x00, 0x00,
  0x00, 0x00, 0x08, 0x00, 0x00, 0x00, 0x00, 0x00, 0x00, 0x80, 0x00, 0x00, 0x00, 0x10, 0x00, 0x00,
  0x00, 0x00, 0x08, 0x01, 0x55, 0x55, 0x5B, 0x76, 0xDA, 0xBA, 0xAA, 0xAA, 0x80, 0x30, 0x00, 0x00,
  0x00, 0x00, 0x0C, 0x0E, 0xAA, 0xAA, 0xAA, 0x95, 0x55, 0x4A, 0xAA, 0xAA, 0xE8, 0x10, 0x00, 0x00,
  0x00, 0x00, 0x04, 0x3E, 0xDD, 0xDD, 0xDD, 0xEE, 0xEF, 0xFD, 0xDD, 0xDD, 0x74, 0x20, 0x00, 0x00,
  0x00, 0x00, 0x04, 0x45, 0xF7, 0xF7, 0xF7, 0xBF, 0xFD, 0xB7, 0xFF, 0xF7, 0xAA, 0x20, 0x00, 0x00,
  0x00, 0x00, 0x04, 0x37, 0x7E, 0xDE, 0xDE, 0xF6, 0xB7, 0xFE, 0xD6, 0xBF, 0xD4, 0x60, 0x00, 0x00,
  0x00, 0x00, 0x06, 0x57, 0xDB, 0xFF, 0xFB, 0xFF, 0xFE, 0xDB, 0xFF, 0xF6, 0xD4, 0x20, 0x00, 0x00,
  0x00, 0x00, 0x02, 0x2A, 0xFF, 0x6D, 0xBF, 0x5B, 0x6F, 0xBF, 0x76, 0xDF, 0xEA, 0x40, 0x00, 0x00,
  0x00, 0x00, 0x02, 0x57, 0xB7, 0xF5, 0x57, 0xFF, 0xFA, 0xF5, 0x5F, 0xFA, 0xAA, 0x40, 0x00, 0x00,
  0x00, 0x00, 0x03, 0x2B, 0xFD, 0x02, 0x42, 0xD5, 0x5F, 0x81, 0x00, 0xDF, 0xE8, 0xC0, 0x00, 0x00,
  0x00, 0x00, 0x01, 0x2E, 0xAC, 0x7F, 0xFC, 0x7F, 0xF4, 0x3F, 0xFC, 0x36, 0xD6, 0x80, 0x00, 0x00,
  0x00, 0x00, 0x01, 0x53, 0xF1, 0xFF, 0xFF, 0x1B, 0x7A, 0xFF, 0xFF, 0x9F, 0xD0, 0x80, 0x00, 0x00,
  0x00, 0x00, 0x02, 0xAE, 0xD3, 0xAF, 0xFF, 0x9F, 0xD1, 0xD7, 0xFF, 0xC5, 0x6E, 0x90, 0x00, 0x00,
  0x00, 0x00, 0x14, 0x53, 0xC6, 0x03, 0xFF, 0xC5, 0x67, 0x01, 0xFF, 0xE7, 0xD1, 0x20, 0x00, 0x00,
  0x00, 0x00, 0x22, 0xAE, 0xCC, 0x01, 0xFF, 0xE7, 0xE4, 0x08, 0x7F, 0xF2, 0xD4, 0x8A, 0x00, 0x00,
  0x00, 0x00, 0x48, 0x47, 0x48, 0xA8, 0xFF, 0xE6, 0xA6, 0x40, 0xFF, 0xF3, 0xD6, 0x50, 0x00, 0x00,
  0x00, 0x00, 0x12, 0xB5, 0xCC, 0x01, 0xFF, 0xCF, 0xE6, 0x12, 0xFF, 0xF3, 0x69, 0x0A, 0x00, 0x00,
  0x00, 0x00, 0x44, 0x4B, 0x66, 0x07, 0xFF, 0xCA, 0xB3, 0x01, 0xFF, 0xE6, 0xD4, 0x41, 0x00, 0x00,
  0x00, 0x00, 0x21, 0x2B, 0xE3, 0xFF, 0xFF, 0x9F, 0xE9, 0xFF, 0xFF, 0xCB, 0xD2, 0x94, 0x00, 0x00,
  0x00, 0x00, 0x8A, 0x56, 0xB9, 0xFF, 0xFE, 0x35, 0x78, 0xFF, 0xFF, 0x1E, 0xD4, 0x22, 0x00, 0x00,
  0x00, 0x00, 0x20, 0x4B, 0xEC, 0x2F, 0xE8, 0xEF, 0xAE, 0x0F, 0xF4, 0x6B, 0x6A, 0x88, 0x00, 0x00,
  0x00, 0x00, 0x0A, 0x56, 0xBF, 0x80, 0x07, 0xBB, 0xFB, 0xD0, 0x03, 0xFD, 0xCA, 0x22, 0x00, 0x00,
  0x00, 0x00, 0x40, 0x55, 0xEA, 0xFF, 0xFD, 0x6E, 0xD7, 0x7D, 0xFE, 0xAF, 0x68, 0x80, 0x00, 0x00,
  0x00, 0x00, 0x12, 0x4B, 0x5F, 0xB5, 0x57, 0xDB, 0xFD, 0xD7, 0x55, 0xF5, 0xD4, 0x14, 0x00, 0x00,
  0x00, 0x00, 0x00, 0x57, 0xF5, 0x7F, 0xFA, 0xF7, 0x57, 0x7B, 0xFF, 0x5E, 0xA5, 0x00, 0x00, 0x00,
  0x00, 0x00, 0x0A, 0x55, 0x5E, 0xD5, 0x2D, 0x5A, 0xB5, 0x55, 0x55, 0xB5, 0xD4, 0x48, 0x00, 0x00,
  0x00, 0x00, 0x00, 0x26, 0xEB, 0xBA, 0x92, 0x85, 0x45, 0x4A, 0x3B, 0x6F, 0x6A, 0x00, 0x00, 0x00,
  0x00, 0x00, 0x00, 0x55, 0xBD, 0x6C, 0xF7, 0xF7, 0xEF, 0xCF, 0xAE, 0xF5, 0xA4, 0x00, 0x00, 0x00,
  0x00, 0x00, 0x00, 0x16, 0xD7, 0xB5, 0xF3, 0xE7, 0xE7, 0xEF, 0x35, 0xAE, 0xD2, 0x00, 0x00, 0x00,
  0x00, 0x00, 0x00, 0x4B, 0x75, 0x6C, 0x44, 0x52, 0x24, 0x09, 0x3B, 0xBB, 0x68, 0x00, 0x00, 0x00,
  0x00, 0x00, 0x00, 0x25, 0xAE, 0xF7, 0xBB, 0xAD, 0xDB, 0xF6, 0xD6, 0xD6, 0xCA, 0x00, 0x00, 0x00,
  0x00, 0x00, 0x00, 0x2B, 0x75, 0xAD, 0x6E, 0xF6, 0xB6, 0xBB, 0x7B, 0x7B, 0x64, 0x00, 0x00, 0x00,
  0x00, 0x00, 0x00, 0x56, 0xDE, 0xDB, 0xB5, 0xAD, 0xDB, 0xD6, 0xD6, 0xD6, 0xD2, 0x00, 0x00, 0x00,
  0x00, 0x00, 0x00, 0x09, 0xB5, 0xB6, 0xDE, 0xDB, 0x6D, 0x6D, 0xBB, 0x6D, 0x94, 0x00, 0x00, 0x00,
  0x00, 0x00, 0x00, 0x2E, 0xD6, 0xDA, 0xAB, 0x6D, 0xB6, 0xB6, 0xD5, 0xB6, 0x70, 0x00, 0x00, 0x00,
  0x00, 0x00, 0x00, 0x15, 0x11, 0x25, 0x50, 0x92, 0x49, 0x49, 0x24, 0x49, 0x68, 0x00, 0x00, 0x00,
  0x00, 0x00, 0x00, 0x02, 0x55, 0x52, 0x2A, 0x49, 0x24, 0x92, 0x95, 0x24, 0x80, 0x00, 0x00, 0x00,
  0x00, 0x00, 0x00, 0x00, 0x00, 0x00, 0x00, 0x00, 0x00, 0x00, 0x00, 0x00, 0x00, 0x00, 0x00, 0x00,
  0x00, 0x00, 0x00, 0x00, 0x00, 0x00, 0x00, 0x00, 0x00, 0x00, 0x00, 0x00, 0x00, 0x00, 0x00, 0x00,
  0x00, 0x00, 0x00, 0x00, 0x00, 0x00, 0x00, 0x00, 0x00, 0x00, 0x00, 0x00, 0x00, 0x00, 0x00, 0x00,
  0x00, 0x00, 0x00, 0x00, 0x00, 0x00, 0x00, 0x00, 0x00, 0x00, 0x00, 0x00, 0x00, 0x00, 0x00, 0x00,
  0x00, 0x00, 0x00, 0x00, 0x00, 0x00, 0x00, 0x00, 0x00, 0x00, 0x00, 0x00, 0x00, 0x00, 0x00, 0x00,
  0x00, 0x00, 0x00, 0x00, 0x00, 0x00, 0x00, 0x00, 0x00, 0x00, 0x00, 0x00, 0x00, 0x00, 0x00, 0x00,
  0x00, 0x00, 0x00, 0x00, 0x00, 0x00, 0x00, 0x00, 0x00, 0x00, 0x00, 0x00, 0x00, 0x00, 0x00, 0x00,
  0x00, 0x00, 0x00, 0x00, 0x00, 0x00, 0x00, 0x00, 0x00, 0x00, 0x00, 0x00, 0x00, 0x00, 0x00, 0x00,
  0x00, 0x00, 0x00, 0x00, 0x00, 0x00, 0x00, 0x00, 0x00, 0x00, 0x00, 0x00, 0x00, 0x00, 0x00, 0x00,
  0x00, 0x00, 0x00, 0x00, 0x00, 0x00, 0x00, 0x00, 0x00, 0x00, 0x00, 0x00, 0x00, 0x00, 0x00, 0x00,
  0x00, 0x00, 0x00, 0x00, 0x00, 0x00, 0x00, 0x00, 0x00, 0x00, 0x00, 0x00, 0x00, 0x00, 0x00, 0x00
};

const unsigned char gif_frame_18[] PROGMEM = {
  0x00, 0x00, 0x00, 0x00, 0x00, 0x00, 0x00, 0x00, 0x00, 0x00, 0x00, 0x00, 0x00, 0x00, 0x00, 0x00,
  0x00, 0x00, 0x00, 0x00, 0x00, 0x00, 0x00, 0x00, 0x00, 0x00, 0x00, 0x00, 0x00, 0x00, 0x00, 0x00,
  0x00, 0x00, 0x00, 0x00, 0x00, 0x00, 0x00, 0x00, 0x00, 0x00, 0x00, 0x00, 0x00, 0x00, 0x00, 0x00,
  0x00, 0x00, 0x00, 0x00, 0x00, 0x00, 0x00, 0x00, 0x00, 0x00, 0x00, 0x00, 0x00, 0x00, 0x00, 0x00,
  0x00, 0x00, 0x00, 0x00, 0x00, 0x00, 0x00, 0x00, 0x00, 0x00, 0x00, 0x00, 0x00, 0x00, 0x00, 0x00,
  0x00, 0x00, 0x00, 0x00, 0x00, 0x00, 0x00, 0x00, 0x00, 0x00, 0x00, 0x00, 0x00, 0x00, 0x00, 0x00,
  0x00, 0x00, 0x00, 0x00, 0x00, 0x00, 0x00, 0x00, 0x00, 0x00, 0x00, 0x00, 0x00, 0x00, 0x00, 0x00,
  0x00, 0x00, 0x00, 0x00, 0x00, 0x00, 0x00, 0x00, 0x00, 0x00, 0x00, 0x00, 0x00, 0x00, 0x00, 0x00,
  0x00, 0x00, 0x00, 0x00, 0x00, 0x00, 0x00, 0x00, 0x00, 0x00, 0x00, 0x00, 0x00, 0x00, 0x00, 0x00,
  0x00, 0x00, 0x00, 0x00, 0x00, 0x00, 0x00, 0x00, 0x00, 0x00, 0x00, 0x00, 0x00, 0x00, 0x00, 0x00,
  0x00, 0x00, 0x00, 0x00, 0x00, 0x00, 0x00, 0x00, 0x00, 0x00, 0x00, 0x00, 0x00, 0x00, 0x00, 0x00,
  0x00, 0x00, 0x00, 0x00, 0x00, 0x00, 0x00, 0x05, 0x40, 0x00, 0x00, 0x00, 0x00, 0x00, 0x00, 0x00,
  0x00, 0x00, 0x00, 0x00, 0x00, 0x00, 0x00, 0x3F, 0xBC, 0x00, 0x00, 0x00, 0x00, 0x00, 0x00, 0x00,
  0x00, 0x00, 0x54, 0x00, 0x00, 0x00, 0x00, 0xEA, 0xD6, 0x00, 0x00, 0x00, 0x00, 0x15, 0x00, 0x00,
  0x00, 0x00, 0x40, 0x00, 0x00, 0x00, 0x01, 0x7D, 0x75, 0x80, 0x00, 0x00, 0x00, 0x22, 0x00, 0x00,
  0x00, 0x00, 0x18, 0x00, 0x00, 0x00, 0x01, 0x45, 0x4A, 0x00, 0x00, 0x00, 0x00, 0x08, 0x00, 0x00,
  0x00, 0x00, 0x08, 0x00, 0x00, 0x00, 0x00, 0x00, 0x00, 0x80, 0x00, 0x00, 0x00, 0x10, 0x00, 0x00,
  0x00, 0x00, 0x08, 0x01, 0x55, 0x55, 0x5B, 0x76, 0xDA, 0xBA, 0xAA, 0xAA, 0x80, 0x30, 0x00, 0x00,
  0x00, 0x00, 0x0C, 0x0E, 0xAA, 0xAA, 0xAA, 0x95, 0x55, 0x4A, 0xAA, 0xAA, 0xE8, 0x10, 0x00, 0x00,
  0x00, 0x00, 0x04, 0x3E, 0xDD, 0xDD, 0xDD, 0xEE, 0xEF, 0xFD, 0xDD, 0xDD, 0x74, 0x20, 0x00, 0x00,
  0x00, 0x00, 0x04, 0x45, 0xF7, 0xF7, 0xF7, 0xBF, 0xFD, 0xB7, 0xFF, 0xF7, 0xAA, 0x20, 0x00, 0x00,
  0x00, 0x00, 0x04, 0x37, 0x7E, 0xDE, 0xDE, 0xF6, 0xB7, 0xFE, 0xD6, 0xBF, 0xD4, 0x60, 0x00, 0x00,
  0x00, 0x00, 0x06, 0x57, 0xDB, 0xFF, 0xFB, 0xFF, 0xFE, 0xDB, 0xFF, 0xF6, 0xD4, 0x20, 0x00, 0x00,
  0x00, 0x00, 0x02, 0x2A, 0xFF, 0x6D, 0xBF, 0x5B, 0x6F, 0xBF, 0x76, 0xDF, 0xEA, 0x40, 0x00, 0x00,
  0x00, 0x00, 0x02, 0x57, 0xB7, 0xF5, 0x57, 0xFF, 0xFA, 0xF5, 0x5F, 0xFA, 0xAA, 0x40, 0x00, 0x00,
  0x00, 0x00, 0x03, 0x2B, 0xFD, 0x02, 0x42, 0xD5, 0x5F, 0x81, 0x00, 0xDF, 0xE8, 0xC0, 0x00, 0x00,
  0x00, 0x00, 0x01, 0x2E, 0xAC, 0x7F, 0xFC, 0x7F, 0xF4, 0x3F, 0xFC, 0x36, 0xD6, 0x80, 0x00, 0x00,
  0x00, 0x00, 0x01, 0x53, 0xF1, 0xFF, 0xFF, 0x1B, 0x7A, 0xFF, 0xFF, 0x9F, 0xD0, 0x80, 0x00, 0x00,
  0x00, 0x00, 0x02, 0xAE, 0xD3, 0xAF, 0xFF, 0x9F, 0xD1, 0xD7, 0xFF, 0xC5, 0x6E, 0x90, 0x00, 0x00,
  0x00, 0x00, 0x14, 0x53, 0xC6, 0x03, 0xFF, 0xC5, 0x67, 0x01, 0xFF, 0xE7, 0xD1, 0x20, 0x00, 0x00,
  0x00, 0x00, 0x22, 0xAE, 0xCC, 0x01, 0xFF, 0xE7, 0xE4, 0x08, 0x7F, 0xF2, 0xD4, 0x8A, 0x00, 0x00,
  0x00, 0x00, 0x48, 0x47, 0x48, 0xA8, 0xFF, 0xE6, 0xA6, 0x40, 0xFF, 0xF3, 0xD6, 0x50, 0x00, 0x00,
  0x00, 0x00, 0x12, 0xB5, 0xCC, 0x01, 0xFF, 0xCF, 0xE6, 0x12, 0xFF, 0xF3, 0x69, 0x0A, 0x00, 0x00,
  0x00, 0x00, 0x44, 0x4B, 0x66, 0x07, 0xFF, 0xCA, 0xB3, 0x01, 0xFF, 0xE6, 0xD4, 0x41, 0x00, 0x00,
  0x00, 0x00, 0x21, 0x2B, 0xE3, 0xFF, 0xFF, 0x9F, 0xE9, 0xFF, 0xFF, 0xCB, 0xD2, 0x94, 0x00, 0x00,
  0x00, 0x00, 0x8A, 0x56, 0xB9, 0xFF, 0xFE, 0x35, 0x78, 0xFF, 0xFF, 0x1E, 0xD4, 0x22, 0x00, 0x00,
  0x00, 0x00, 0x20, 0x4B, 0xEC, 0x2F, 0xE8, 0xEF, 0xAE, 0x0F, 0xF4, 0x6B, 0x6A, 0x88, 0x00, 0x00,
  0x00, 0x00, 0x0A, 0x56, 0xBF, 0x80, 0x07, 0xBB, 0xFB, 0xD0, 0x03, 0xFD, 0xCA, 0x22, 0x00, 0x00,
  0x00, 0x00, 0x40, 0x55, 0xEA, 0xFF, 0xFD, 0x6E, 0xD7, 0x7D, 0xFE, 0xAF, 0x68, 0x80, 0x00, 0x00,
  0x00, 0x00, 0x12, 0x4B, 0x5F, 0xB5, 0x57, 0xDB, 0xFD, 0xD7, 0x55, 0xF5, 0xD4, 0x14, 0x00, 0x00,
  0x00, 0x00, 0x00, 0x57, 0xF5, 0x7F, 0xFA, 0xF7, 0x57, 0x7B, 0xFF, 0x5E, 0xA5, 0x00, 0x00, 0x00,
  0x00, 0x00, 0x0A, 0x55, 0x5E, 0xD5, 0x2D, 0x5A, 0xB5, 0x55, 0x55, 0xB5, 0xD4, 0x48, 0x00, 0x00,
  0x00, 0x00, 0x00, 0x26, 0xEB, 0xBA, 0x92, 0x85, 0x45, 0x4A, 0x3B, 0x6F, 0x6A, 0x00, 0x00, 0x00,
  0x00, 0x00, 0x00, 0x55, 0xBD, 0x6C, 0xF7, 0xF7, 0xEF, 0xCF, 0xAE, 0xF5, 0xA4, 0x00, 0x00, 0x00,
  0x00, 0x00, 0x00, 0x16, 0xD7, 0xB5, 0xF3, 0xE7, 0xE7, 0xEF, 0x35, 0xAE, 0xD2, 0x00, 0x00, 0x00,
  0x00, 0x00, 0x00, 0x4B, 0x75, 0x6C, 0x44, 0x52, 0x24, 0x09, 0x3B, 0xBB, 0x68, 0x00, 0x00, 0x00,
  0x00, 0x00, 0x00, 0x25, 0xAE, 0xF7, 0xBB, 0xAD, 0xDB, 0xF6, 0xD6, 0xD6, 0xCA, 0x00, 0x00, 0x00,
  0x00, 0x00, 0x00, 0x2B, 0x75, 0xAD, 0x6E, 0xF6, 0xB6, 0xBB, 0x7B, 0x7B, 0x64, 0x00, 0x00, 0x00,
  0x00, 0x00, 0x00, 0x56, 0xDE, 0xDB, 0xB5, 0xAD, 0xDB, 0xD6, 0xD6, 0xD6, 0xD2, 0x00, 0x00, 0x00,
  0x00, 0x00, 0x00, 0x09, 0xB5, 0xB6, 0xDE, 0xDB, 0x6D, 0x6D, 0xBB, 0x6D, 0x94, 0x00, 0x00, 0x00,
  0x00, 0x00, 0x00, 0x2E, 0xD6, 0xDA, 0xAB, 0x6D, 0xB6, 0xB6, 0xD5, 0xB6, 0x70, 0x00, 0x00, 0x00,
  0x00, 0x00, 0x00, 0x15, 0x11, 0x25, 0x50, 0x92, 0x49, 0x49, 0x24, 0x49, 0x68, 0x00, 0x00, 0x00,
  0x00, 0x00, 0x00, 0x02, 0x55, 0x52, 0x2A, 0x49, 0x24, 0x92, 0x95, 0x24, 0x80, 0x00, 0x00, 0x00,
  0x00, 0x00, 0x00, 0x00, 0x00, 0x00, 0x00, 0x00, 0x00, 0x00, 0x00, 0x00, 0x00, 0x00, 0x00, 0x00,
  0x00, 0x00, 0x00, 0x00, 0x00, 0x00, 0x00, 0x00, 0x00, 0x00, 0x00, 0x00, 0x00, 0x00, 0x00, 0x00,
  0x00, 0x00, 0x00, 0x00, 0x00, 0x00, 0x00, 0x00, 0x00, 0x00, 0x00, 0x00, 0x00, 0x00, 0x00, 0x00,
  0x00, 0x00, 0x00, 0x00, 0x00, 0x00, 0x00, 0x00, 0x00, 0x00, 0x00, 0x00, 0x00, 0x00, 0x00, 0x00,
  0x00, 0x00, 0x00, 0x00, 0x00, 0x00, 0x00, 0x00, 0x00, 0x00, 0x00, 0x00, 0x00, 0x00, 0x00, 0x00,
  0x00, 0x00, 0x00, 0x00, 0x00, 0x00, 0x00, 0x00, 0x00, 0x00, 0x00, 0x00, 0x00, 0x00, 0x00, 0x00,
  0x00, 0x00, 0x00, 0x00, 0x00, 0x00, 0x00, 0x00, 0x00, 0x00, 0x00, 0x00, 0x00, 0x00, 0x00, 0x00,
  0x00, 0x00, 0x00, 0x00, 0x00, 0x00, 0x00, 0x00, 0x00, 0x00, 0x00, 0x00, 0x00, 0x00, 0x00, 0x00,
  0x00, 0x00, 0x00, 0x00, 0x00, 0x00, 0x00, 0x00, 0x00, 0x00, 0x00, 0x00, 0x00, 0x00, 0x00, 0x00,
  0x00, 0x00, 0x00, 0x00, 0x00, 0x00, 0x00, 0x00, 0x00, 0x00, 0x00, 0x00, 0x00, 0x00, 0x00, 0x00,
  0x00, 0x00, 0x00, 0x00, 0x00, 0x00, 0x00, 0x00, 0x00, 0x00, 0x00, 0x00, 0x00, 0x00, 0x00, 0x00
};

const unsigned char gif_frame_19[] PROGMEM = {
  0x00, 0x00, 0x00, 0x00, 0x00, 0x00, 0x00, 0x00, 0x00, 0x00, 0x00, 0x00, 0x00, 0x00, 0x00, 0x00,
  0x00, 0x00, 0x00, 0x00, 0x00, 0x00, 0x00, 0x00, 0x00, 0x00, 0x00, 0x00, 0x00, 0x00, 0x00, 0x00,
  0x00, 0x00, 0x00, 0x00, 0x00, 0x00, 0x00, 0x00, 0x00, 0x00, 0x00, 0x00, 0x00, 0x00, 0x00, 0x00,
  0x00, 0x00, 0x00, 0x00, 0x00, 0x00, 0x00, 0x00, 0x00, 0x00, 0x00, 0x00, 0x00, 0x00, 0x00, 0x00,
  0x00, 0x00, 0x00, 0x00, 0x00, 0x00, 0x00, 0x00, 0x00, 0x00, 0x00, 0x00, 0x00, 0x00, 0x00, 0x00,
  0x00, 0x00, 0x00, 0x00, 0x00, 0x00, 0x00, 0x00, 0x00, 0x00, 0x00, 0x00, 0x00, 0x00, 0x00, 0x00,
  0x00, 0x00, 0x00, 0x00, 0x00, 0x00, 0x00, 0x00, 0x00, 0x00, 0x00, 0x00, 0x00, 0x00, 0x00, 0x00,
  0x00, 0x00, 0x00, 0x00, 0x00, 0x00, 0x00, 0x00, 0x00, 0x00, 0x00, 0x00, 0x00, 0x00, 0x00, 0x00,
  0x00, 0x00, 0x00, 0x00, 0x00, 0x00, 0x00, 0x00, 0x00, 0x00, 0x00, 0x00, 0x00, 0x00, 0x00, 0x00,
  0x00, 0x00, 0x00, 0x00, 0x00, 0x00, 0x00, 0x00, 0x00, 0x00, 0x00, 0x00, 0x00, 0x00, 0x00, 0x00,
  0x00, 0x00, 0x00, 0x00, 0x00, 0x00, 0x00, 0x00, 0x00, 0x00, 0x00, 0x00, 0x00, 0x00, 0x00, 0x00,
  0x00, 0x00, 0x00, 0x00, 0x00, 0x00, 0x00, 0x05, 0x40, 0x00, 0x00, 0x00, 0x00, 0x00, 0x00, 0x00,
  0x00, 0x00, 0x00, 0x00, 0x00, 0x00, 0x00, 0x3F, 0xBC, 0x00, 0x00, 0x00, 0x00, 0x00, 0x00, 0x00,
  0x00, 0x00, 0x54, 0x00, 0x00, 0x00, 0x00, 0xEA, 0xD6, 0x00, 0x00, 0x00, 0x00, 0x15, 0x00, 0x00,
  0x00, 0x00, 0x40, 0x00, 0x00, 0x00, 0x01, 0x7D, 0x75, 0x80, 0x00, 0x00, 0x00, 0x22, 0x00, 0x00,
  0x00, 0x00, 0x18, 0x00, 0x00, 0x00, 0x01, 0x45, 0x4A, 0x00, 0x00, 0x00, 0x00, 0x08, 0x00, 0x00,
  0x00, 0x00, 0x08, 0x00, 0x00, 0x00, 0x00, 0x00, 0x00, 0x80, 0x00, 0x00, 0x00, 0x10, 0x00, 0x00,
  0x00, 0x00, 0x08, 0x01, 0x55, 0x55, 0x5B, 0x76, 0xDA, 0xBA, 0xAA, 0xAA, 0x80, 0x30, 0x00, 0x00,
  0x00, 0x00, 0x0C, 0x0E, 0xAA, 0xAA, 0xAA, 0x95, 0x55, 0x4A, 0xAA, 0xAA, 0xE8, 0x10, 0x00, 0x00,
  0x00, 0x00, 0x04, 0x3E, 0xDD, 0xDD, 0xDD, 0xEE, 0xEF, 0xFD, 0xDD, 0xDD, 0x74, 0x20, 0x00, 0x00,
  0x00, 0x00, 0x04, 0x45, 0xF7, 0xF7, 0xF7, 0xBF, 0xFD, 0xB7, 0xFF, 0xF7, 0xAA, 0x20, 0x00, 0x00,
  0x00, 0x00, 0x04, 0x37, 0x7E, 0xDE, 0xDE, 0xF6, 0xB7, 0xFE, 0xD6, 0xBF, 0xD4, 0x60, 0x00, 0x00,
  0x00, 0x00, 0x06, 0x57, 0xDB, 0xFF, 0xFB, 0xFF, 0xFE, 0xDB, 0xFF, 0xF6, 0xD4, 0x20, 0x00, 0x00,
  0x00, 0x00, 0x02, 0x2A, 0xFF, 0x6D, 0xBF, 0x5B, 0x6F, 0xBF, 0x76, 0xDF, 0xEA, 0x40, 0x00, 0x00,
  0x00, 0x00, 0x02, 0x57, 0xB7, 0xF5, 0x57, 0xFF, 0xFA, 0xF5, 0x5F, 0xFA, 0xAA, 0x40, 0x00, 0x00,
  0x00, 0x00, 0x03, 0x2B, 0xFD, 0x02, 0x42, 0xD5, 0x5F, 0x81, 0x00, 0xDF, 0xE8, 0xC0, 0x00, 0x00,
  0x00, 0x00, 0x01, 0x2E, 0xAC, 0x7F, 0xFC, 0x7F, 0xF4, 0x3F, 0xFC, 0x36, 0xD6, 0x80, 0x00, 0x00,
  0x00, 0x00, 0x01, 0x53, 0xF1, 0xFF, 0xFF, 0x1B, 0x7A, 0xFF, 0xFF, 0x9F, 0xD0, 0x80, 0x00, 0x00,
  0x00, 0x00, 0x02, 0xAE, 0xD3, 0xAF, 0xFF, 0x9F, 0xD1, 0xD7, 0xFF, 0xC5, 0x6E, 0x90, 0x00, 0x00,
  0x00, 0x00, 0x14, 0x53, 0xC6, 0x03, 0xFF, 0xC5, 0x67, 0x01, 0xFF, 0xE7, 0xD1, 0x20, 0x00, 0x00,
  0x00, 0x00, 0x22, 0xAE, 0xCC, 0x01, 0xFF, 0xE7, 0xE4, 0x08, 0x7F, 0xF2, 0xD4, 0x8A, 0x00, 0x00,
  0x00, 0x00, 0x48, 0x47, 0x48, 0xA8, 0xFF, 0xE6, 0xA6, 0x40, 0xFF, 0xF3, 0xD6, 0x50, 0x00, 0x00,
  0x00, 0x00, 0x12, 0xB5, 0xCC, 0x01, 0xFF, 0xCF, 0xE6, 0x12, 0xFF, 0xF3, 0x69, 0x0A, 0x00, 0x00,
  0x00, 0x00, 0x44, 0x4B, 0x66, 0x07, 0xFF, 0xCA, 0xB3, 0x01, 0xFF, 0xE6, 0xD4, 0x41, 0x00, 0x00,
  0x00, 0x00, 0x21, 0x2B, 0xE3, 0xFF, 0xFF, 0x9F, 0xE9, 0xFF, 0xFF, 0xCB, 0xD2, 0x94, 0x00, 0x00,
  0x00, 0x00, 0x8A, 0x56, 0xB9, 0xFF, 0xFE, 0x35, 0x78, 0xFF, 0xFF, 0x1E, 0xD4, 0x22, 0x00, 0x00,
  0x00, 0x00, 0x20, 0x4B, 0xEC, 0x2F, 0xE8, 0xEF, 0xAE, 0x0F, 0xF4, 0x6B, 0x6A, 0x88, 0x00, 0x00,
  0x00, 0x00, 0x0A, 0x56, 0xBF, 0x80, 0x07, 0xBB, 0xFB, 0xD0, 0x03, 0xFD, 0xCA, 0x22, 0x00, 0x00,
  0x00, 0x00, 0x40, 0x55, 0xEA, 0xFF, 0xFD, 0x6E, 0xD7, 0x7D, 0xFE, 0xAF, 0x68, 0x80, 0x00, 0x00,
  0x00, 0x00, 0x12, 0x4B, 0x5F, 0xB5, 0x57, 0xDB, 0xFD, 0xD7, 0x55, 0xF5, 0xD4, 0x14, 0x00, 0x00,
  0x00, 0x00, 0x00, 0x57, 0xF5, 0x7F, 0xFA, 0xF7, 0x57, 0x7B, 0xFF, 0x5E, 0xA5, 0x00, 0x00, 0x00,
  0x00, 0x00, 0x0A, 0x55, 0x5E, 0xD5, 0x2D, 0x5A, 0xB5, 0x55, 0x55, 0xB5, 0xD4, 0x48, 0x00, 0x00,
  0x00, 0x00, 0x00, 0x26, 0xEB, 0xBA, 0x92, 0x85, 0x45, 0x4A, 0x3B, 0x6F, 0x6A, 0x00, 0x00, 0x00,
  0x00, 0x00, 0x00, 0x55, 0xBD, 0x6C, 0xF7, 0xF7, 0xEF, 0xCF, 0xAE, 0xF5, 0xA4, 0x00, 0x00, 0x00,
  0x00, 0x00, 0x00, 0x16, 0xD7, 0xB5, 0xF3, 0xE7, 0xE7, 0xEF, 0x35, 0xAE, 0xD2, 0x00, 0x00, 0x00,
  0x00, 0x00, 0x00, 0x4B, 0x75, 0x6C, 0x44, 0x52, 0x24, 0x09, 0x3B, 0xBB, 0x68, 0x00, 0x00, 0x00,
  0x00, 0x00, 0x00, 0x25, 0xAE, 0xF7, 0xBB, 0xAD, 0xDB, 0xF6, 0xD6, 0xD6, 0xCA, 0x00, 0x00, 0x00,
  0x00, 0x00, 0x00, 0x2B, 0x75, 0xAD, 0x6E, 0xF6, 0xB6, 0xBB, 0x7B, 0x7B, 0x64, 0x00, 0x00, 0x00,
  0x00, 0x00, 0x00, 0x56, 0xDE, 0xDB, 0xB5, 0xAD, 0xDB, 0xD6, 0xD6, 0xD6, 0xD2, 0x00, 0x00, 0x00,
  0x00, 0x00, 0x00, 0x09, 0xB5, 0xB6, 0xDE, 0xDB, 0x6D, 0x6D, 0xBB, 0x6D, 0x94, 0x00, 0x00, 0x00,
  0x00, 0x00, 0x00, 0x2E, 0xD6, 0xDA, 0xAB, 0x6D, 0xB6, 0xB6, 0xD5, 0xB6, 0x70, 0x00, 0x00, 0x00,
  0x00, 0x00, 0x00, 0x15, 0x11, 0x25, 0x50, 0x92, 0x49, 0x49, 0x24, 0x49, 0x68, 0x00, 0x00, 0x00,
  0x00, 0x00, 0x00, 0x02, 0x55, 0x52, 0x2A, 0x49, 0x24, 0x92, 0x95, 0x24, 0x80, 0x00, 0x00, 0x00,
  0x00, 0x00, 0x00, 0x00, 0x00, 0x00, 0x00, 0x00, 0x00, 0x00, 0x00, 0x00, 0x00, 0x00, 0x00, 0x00,
  0x00, 0x00, 0x00, 0x00, 0x00, 0x00, 0x00, 0x00, 0x00, 0x00, 0x00, 0x00, 0x00, 0x00, 0x00, 0x00,
  0x00, 0x00, 0x00, 0x00, 0x00, 0x00, 0x00, 0x00, 0x00, 0x00, 0x00, 0x00, 0x00, 0x00, 0x00, 0x00,
  0x00, 0x00, 0x00, 0x00, 0x00, 0x00, 0x00, 0x00, 0x00, 0x00, 0x00, 0x00, 0x00, 0x00, 0x00, 0x00,
  0x00, 0x00, 0x00, 0x00, 0x00, 0x00, 0x00, 0x00, 0x00, 0x00, 0x00, 0x00, 0x00, 0x00, 0x00, 0x00,
  0x00, 0x00, 0x00, 0x00, 0x00, 0x00, 0x00, 0x00, 0x00, 0x00, 0x00, 0x00, 0x00, 0x00, 0x00, 0x00,
  0x00, 0x00, 0x00, 0x00, 0x00, 0x00, 0x00, 0x00, 0x00, 0x00, 0x00, 0x00, 0x00, 0x00, 0x00, 0x00,
  0x00, 0x00, 0x00, 0x00, 0x00, 0x00, 0x00, 0x00, 0x00, 0x00, 0x00, 0x00, 0x00, 0x00, 0x00, 0x00,
  0x00, 0x00, 0x00, 0x00, 0x00, 0x00, 0x00, 0x00, 0x00, 0x00, 0x00, 0x00, 0x00, 0x00, 0x00, 0x00,
  0x00, 0x00, 0x00, 0x00, 0x00, 0x00, 0x00, 0x00, 0x00, 0x00, 0x00, 0x00, 0x00, 0x00, 0x00, 0x00,
  0x00, 0x00, 0x00, 0x00, 0x00, 0x00, 0x00, 0x00, 0x00, 0x00, 0x00, 0x00, 0x00, 0x00, 0x00, 0x00
};

const unsigned char gif_frame_20[] PROGMEM = {
  0x00, 0x00, 0x00, 0x00, 0x00, 0x00, 0x00, 0x00, 0x00, 0x00, 0x00, 0x00, 0x00, 0x00, 0x00, 0x00,
  0x00, 0x00, 0x00, 0x00, 0x00, 0x00, 0x00, 0x00, 0x00, 0x00, 0x00, 0x00, 0x00, 0x00, 0x00, 0x00,
  0x00, 0x00, 0x00, 0x00, 0x00, 0x00, 0x00, 0x00, 0x00, 0x00, 0x00, 0x00, 0x00, 0x00, 0x00, 0x00,
  0x00, 0x00, 0x00, 0x00, 0x00, 0x00, 0x00, 0x00, 0x00, 0x00, 0x00, 0x00, 0x00, 0x00, 0x00, 0x00,
  0x00, 0x00, 0x00, 0x00, 0x00, 0x00, 0x00, 0x00, 0x00, 0x00, 0x00, 0x00, 0x00, 0x00, 0x00, 0x00,
  0x00, 0x00, 0x00, 0x00, 0x00, 0x00, 0x00, 0x00, 0x00, 0x00, 0x00, 0x00, 0x00, 0x00, 0x00, 0x00,
  0x00, 0x00, 0x00, 0x00, 0x00, 0x00, 0x00, 0x00, 0x00, 0x00, 0x00, 0x00, 0x00, 0x00, 0x00, 0x00,
  0x00, 0x00, 0x00, 0x00, 0x00, 0x00, 0x00, 0x00, 0x00, 0x00, 0x00, 0x00, 0x00, 0x00, 0x00, 0x00,
  0x00, 0x00, 0x00, 0x00, 0x00, 0x00, 0x00, 0x00, 0x00, 0x00, 0x00, 0x00, 0x00, 0x00, 0x00, 0x00,
  0x00, 0x00, 0x00, 0x00, 0x00, 0x00, 0x00, 0x00, 0x00, 0x00, 0x00, 0x00, 0x00, 0x00, 0x00, 0x00,
  0x00, 0x00, 0x00, 0x00, 0x00, 0x00, 0x00, 0x00, 0x00, 0x00, 0x00, 0x00, 0x00, 0x00, 0x00, 0x00,
  0x00, 0x00, 0x00, 0x00, 0x00, 0x00, 0x00, 0x05, 0x40, 0x00, 0x00, 0x00, 0x00, 0x00, 0x00, 0x00,
  0x00, 0x00, 0x00, 0x00, 0x00, 0x00, 0x00, 0x3F, 0xBC, 0x00, 0x00, 0x00, 0x00, 0x00, 0x00, 0x00,
  0x00, 0x00, 0x54, 0x00, 0x00, 0x00, 0x00, 0xEA, 0xD6, 0x00, 0x00, 0x00, 0x00, 0x15, 0x00, 0x00,
  0x00, 0x00, 0x40, 0x00, 0x00, 0x00, 0x01, 0x7D, 0x75, 0x80, 0x00, 0x00, 0x00, 0x22, 0x00, 0x00,
  0x00, 0x00, 0x18, 0x00, 0x00, 0x00, 0x01, 0x45, 0x4A, 0x00, 0x00, 0x00, 0x00, 0x08, 0x00, 0x00,
  0x00, 0x00, 0x08, 0x00, 0x00, 0x00, 0x00, 0x00, 0x00, 0x80, 0x00, 0x00, 0x00, 0x10, 0x00, 0x00,
  0x00, 0x00, 0x08, 0x01, 0x55, 0x55, 0x5B, 0x76, 0xDA, 0xBA, 0xAA, 0xAA, 0x80, 0x30, 0x00, 0x00,
  0x00, 0x00, 0x0C, 0x0E, 0xAA, 0xAA, 0xAA, 0x95, 0x55, 0x4A, 0xAA, 0xAA, 0xE8, 0x10, 0x00, 0x00,
  0x00, 0x00, 0x04, 0x3E, 0xDD, 0xDD, 0xDD, 0xEE, 0xEF, 0xFD, 0xDD, 0xDD, 0x74, 0x20, 0x00, 0x00,
  0x00, 0x00, 0x04, 0x45, 0xF7, 0xF7, 0xF7, 0xBF, 0xFD, 0xB7, 0xFF, 0xF7, 0xAA, 0x20, 0x00, 0x00,
  0x00, 0x00, 0x04, 0x37, 0x7E, 0xDE, 0xDE, 0xF6, 0xB7, 0xFE, 0xD6, 0xBF, 0xD4, 0x60, 0x00, 0x00,
  0x00, 0x00, 0x06, 0x57, 0xDB, 0xFF, 0xFB, 0xFF, 0xFE, 0xDB, 0xFF, 0xF6, 0xD4, 0x20, 0x00, 0x00,
  0x00, 0x00, 0x02, 0x2A, 0xFF, 0x6D, 0xBF, 0x5B, 0x6F, 0xBF, 0x76, 0xDF, 0xEA, 0x40, 0x00, 0x00,
  0x00, 0x00, 0x02, 0x57, 0xB7, 0xF5, 0x57, 0xFF, 0xFA, 0xF5, 0x5F, 0xFA, 0xAA, 0x40, 0x00, 0x00,
  0x00, 0x00, 0x03, 0x2B, 0xFD, 0x02, 0x42, 0xD5, 0x5F, 0x81, 0x00, 0xDF, 0xE8, 0xC0, 0x00, 0x00,
  0x00, 0x00, 0x01, 0x2E, 0xAC, 0x7F, 0xFC, 0x7F, 0xF4, 0x3F, 0xFC, 0x36, 0xD6, 0x80, 0x00, 0x00,
  0x00, 0x00, 0x01, 0x53, 0xF1, 0xFF, 0xFF, 0x1B, 0x7A, 0xFF, 0xFF, 0x9F, 0xD0, 0x80, 0x00, 0x00,
  0x00, 0x00, 0x02, 0xAE, 0xD3, 0xAF, 0xFF, 0x9F, 0xD1, 0xD7, 0xFF, 0xC5, 0x6E, 0x90, 0x00, 0x00,
  0x00, 0x00, 0x14, 0x53, 0xC6, 0x03, 0xFF, 0xC5, 0x67, 0x01, 0xFF, 0xE7, 0xD1, 0x20, 0x00, 0x00,
  0x00, 0x00, 0x22, 0xAE, 0xCC, 0x01, 0xFF, 0xE7, 0xE4, 0x08, 0x7F, 0xF2, 0xD4, 0x8A, 0x00, 0x00,
  0x00, 0x00, 0x48, 0x47, 0x48, 0xA8, 0xFF, 0xE6, 0xA6, 0x40, 0xFF, 0xF3, 0xD6, 0x50, 0x00, 0x00,
  0x00, 0x00, 0x12, 0xB5, 0xCC, 0x01, 0xFF, 0xCF, 0xE6, 0x12, 0xFF, 0xF3, 0x69, 0x0A, 0x00, 0x00,
  0x00, 0x00, 0x44, 0x4B, 0x66, 0x07, 0xFF, 0xCA, 0xB3, 0x01, 0xFF, 0xE6, 0xD4, 0x41, 0x00, 0x00,
  0x00, 0x00, 0x21, 0x2B, 0xE3, 0xFF, 0xFF, 0x9F, 0xE9, 0xFF, 0xFF, 0xCB, 0xD2, 0x94, 0x00, 0x00,
  0x00, 0x00, 0x8A, 0x56, 0xB9, 0xFF, 0xFE, 0x35, 0x78, 0xFF, 0xFF, 0x1E, 0xD4, 0x22, 0x00, 0x00,
  0x00, 0x00, 0x20, 0x4B, 0xEC, 0x2F, 0xE8, 0xEF, 0xAE, 0x0F, 0xF4, 0x6B, 0x6A, 0x88, 0x00, 0x00,
  0x00, 0x00, 0x0A, 0x56, 0xBF, 0x80, 0x07, 0xBB, 0xFB, 0xD0, 0x03, 0xFD, 0xCA, 0x22, 0x00, 0x00,
  0x00, 0x00, 0x40, 0x55, 0xEA, 0xFF, 0xFD, 0x6E, 0xD7, 0x7D, 0xFE, 0xAF, 0x68, 0x80, 0x00, 0x00,
  0x00, 0x00, 0x12, 0x4B, 0x5F, 0xB5, 0x57, 0xDB, 0xFD, 0xD7, 0x55, 0xF5, 0xD4, 0x14, 0x00, 0x00,
  0x00, 0x00, 0x00, 0x57, 0xF5, 0x7F, 0xFA, 0xF7, 0x57, 0x7B, 0xFF, 0x5E, 0xA5, 0x00, 0x00, 0x00,
  0x00, 0x00, 0x0A, 0x55, 0x5E, 0xD5, 0x2D, 0x5A, 0xB5, 0x55, 0x55, 0xB5, 0xD4, 0x48, 0x00, 0x00,
  0x00, 0x00, 0x00, 0x26, 0xEB, 0xBA, 0x92, 0x85, 0x45, 0x4A, 0x3B, 0x6F, 0x6A, 0x00, 0x00, 0x00,
  0x00, 0x00, 0x00, 0x55, 0xBD, 0x6C, 0xF7, 0xF7, 0xEF, 0xCF, 0xAE, 0xF5, 0xA4, 0x00, 0x00, 0x00,
  0x00, 0x00, 0x00, 0x16, 0xD7, 0xB5, 0xF3, 0xE7, 0xE7, 0xEF, 0x35, 0xAE, 0xD2, 0x00, 0x00, 0x00,
  0x00, 0x00, 0x00, 0x4B, 0x75, 0x6C, 0x44, 0x52, 0x24, 0x09, 0x3B, 0xBB, 0x68, 0x00, 0x00, 0x00,
  0x00, 0x00, 0x00, 0x25, 0xAE, 0xF7, 0xBB, 0xAD, 0xDB, 0xF6, 0xD6, 0xD6, 0xCA, 0x00, 0x00, 0x00,
  0x00, 0x00, 0x00, 0x2B, 0x75, 0xAD, 0x6E, 0xF6, 0xB6, 0xBB, 0x7B, 0x7B, 0x64, 0x00, 0x00, 0x00,
  0x00, 0x00, 0x00, 0x56, 0xDE, 0xDB, 0xB5, 0xAD, 0xDB, 0xD6, 0xD6, 0xD6, 0xD2, 0x00, 0x00, 0x00,
  0x00, 0x00, 0x00, 0x09, 0xB5, 0xB6, 0xDE, 0xDB, 0x6D, 0x6D, 0xBB, 0x6D, 0x94, 0x00, 0x00, 0x00,
  0x00, 0x00, 0x00, 0x2E, 0xD6, 0xDA, 0xAB, 0x6D, 0xB6, 0xB6, 0xD5, 0xB6, 0x70, 0x00, 0x00, 0x00,
  0x00, 0x00, 0x00, 0x15, 0x11, 0x25, 0x50, 0x92, 0x49, 0x49, 0x24, 0x49, 0x68, 0x00, 0x00, 0x00,
  0x00, 0x00, 0x00, 0x02, 0x55, 0x52, 0x2A, 0x49, 0x24, 0x92, 0x95, 0x24, 0x80, 0x00, 0x00, 0x00,
  0x00, 0x00, 0x00, 0x00, 0x00, 0x00, 0x00, 0x00, 0x00, 0x00, 0x00, 0x00, 0x00, 0x00, 0x00, 0x00,
  0x00, 0x00, 0x00, 0x00, 0x00, 0x00, 0x00, 0x00, 0x00, 0x00, 0x00, 0x00, 0x00, 0x00, 0x00, 0x00,
  0x00, 0x00, 0x00, 0x00, 0x00, 0x00, 0x00, 0x00, 0x00, 0x00, 0x00, 0x00, 0x00, 0x00, 0x00, 0x00,
  0x00, 0x00, 0x00, 0x00, 0x00, 0x00, 0x00, 0x00, 0x00, 0x00, 0x00, 0x00, 0x00, 0x00, 0x00, 0x00,
  0x00, 0x00, 0x00, 0x00, 0x00, 0x00, 0x00, 0x00, 0x00, 0x00, 0x00, 0x00, 0x00, 0x00, 0x00, 0x00,
  0x00, 0x00, 0x00, 0x00, 0x00, 0x00, 0x00, 0x00, 0x00, 0x00, 0x00, 0x00, 0x00, 0x00, 0x00, 0x00,
  0x00, 0x00, 0x00, 0x00, 0x00, 0x00, 0x00, 0x00, 0x00, 0x00, 0x00, 0x00, 0x00, 0x00, 0x00, 0x00,
  0x00, 0x00, 0x00, 0x00, 0x00, 0x00, 0x00, 0x00, 0x00, 0x00, 0x00, 0x00, 0x00, 0x00, 0x00, 0x00,
  0x00, 0x00, 0x00, 0x00, 0x00, 0x00, 0x00, 0x00, 0x00, 0x00, 0x00, 0x00, 0x00, 0x00, 0x00, 0x00,
  0x00, 0x00, 0x00, 0x00, 0x00, 0x00, 0x00, 0x00, 0x00, 0x00, 0x00, 0x00, 0x00, 0x00, 0x00, 0x00,
  0x00, 0x00, 0x00, 0x00, 0x00, 0x00, 0x00, 0x00, 0x00, 0x00, 0x00, 0x00, 0x00, 0x00, 0x00, 0x00
};

const unsigned char gif_frame_21[] PROGMEM = {
  0x00, 0x00, 0x00, 0x00, 0x00, 0x00, 0x00, 0x00, 0x00, 0x00, 0x00, 0x00, 0x00, 0x00, 0x00, 0x00,
  0x00, 0x00, 0x00, 0x00, 0x00, 0x00, 0x00, 0x00, 0x00, 0x00, 0x00, 0x00, 0x00, 0x00, 0x00, 0x00,
  0x00, 0x00, 0x00, 0x00, 0x00, 0x00, 0x00, 0x00, 0x00, 0x00, 0x00, 0x00, 0x00, 0x00, 0x00, 0x00,
  0x00, 0x00, 0x00, 0x00, 0x00, 0x00, 0x00, 0x00, 0x00, 0x00, 0x00, 0x00, 0x00, 0x00, 0x00, 0x00,
  0x00, 0x00, 0x00, 0x00, 0x00, 0x00, 0x00, 0x00, 0x00, 0x00, 0x00, 0x00, 0x00, 0x00, 0x00, 0x00,
  0x00, 0x00, 0x00, 0x00, 0x00, 0x00, 0x00, 0x00, 0x00, 0x00, 0x00, 0x00, 0x00, 0x00, 0x00, 0x00,
  0x00, 0x00, 0x00, 0x00, 0x00, 0x00, 0x00, 0x00, 0x00, 0x00, 0x00, 0x00, 0x00, 0x00, 0x00, 0x00,
  0x00, 0x00, 0x00, 0x00, 0x00, 0x00, 0x00, 0x00, 0x00, 0x00, 0x00, 0x00, 0x00, 0x00, 0x00, 0x00,
  0x00, 0x00, 0x00, 0x00, 0x00, 0x00, 0x00, 0x00, 0x00, 0x00, 0x00, 0x00, 0x00, 0x00, 0x00, 0x00,
  0x00, 0x00, 0x00, 0x00, 0x00, 0x00, 0x00, 0x00, 0x00, 0x00, 0x00, 0x00, 0x00, 0x00, 0x00, 0x00,
  0x00, 0x00, 0x00, 0x00, 0x00, 0x00, 0x00, 0x00, 0x00, 0x00, 0x00, 0x00, 0x00, 0x00, 0x00, 0x00,
  0x00, 0x00, 0x00, 0x00, 0x00, 0x00, 0x00, 0x05, 0x40, 0x00, 0x00, 0x00, 0x00, 0x00, 0x00, 0x00,
  0x00, 0x00, 0x00, 0x00, 0x00, 0x00, 0x00, 0x3F, 0xBC, 0x00, 0x00, 0x00, 0x00, 0x00, 0x00, 0x00,
  0x00, 0x00, 0x54, 0x00, 0x00, 0x00, 0x00, 0xEA, 0xD6, 0x00, 0x00, 0x00, 0x00, 0x15, 0x00, 0x00,
  0x00, 0x00, 0x40, 0x00, 0x00, 0x00, 0x01, 0x7D, 0x75, 0x80, 0x00, 0x00, 0x00, 0x22, 0x00, 0x00,
  0x00, 0x00, 0x18, 0x00, 0x00, 0x00, 0x01, 0x45, 0x4A, 0x00, 0x00, 0x00, 0x00, 0x08, 0x00, 0x00,
  0x00, 0x00, 0x08, 0x00, 0x00, 0x00, 0x00, 0x00, 0x00, 0x80, 0x00, 0x00, 0x00, 0x10, 0x00, 0x00,
  0x00, 0x00, 0x08, 0x01, 0x55, 0x55, 0x5B, 0x76, 0xDA, 0xBA, 0xAA, 0xAA, 0x80, 0x30, 0x00, 0x00,
  0x00, 0x00, 0x0C, 0x0E, 0xAA, 0xAA, 0xAA, 0x95, 0x55, 0x4A, 0xAA, 0xAA, 0xE8, 0x10, 0x00, 0x00,
  0x00, 0x00, 0x04, 0x3E, 0xDD, 0xDD, 0xDD, 0xEE, 0xEF, 0xFD, 0xDD, 0xDD, 0x74, 0x20, 0x00, 0x00,
  0x00, 0x00, 0x04, 0x45, 0xF7, 0xF7, 0xF7, 0xBF, 0xFD, 0xB7, 0xFF, 0xF7, 0xAA, 0x20, 0x00, 0x00,
  0x00, 0x00, 0x04, 0x37, 0x7E, 0xDE, 0xDE, 0xF6, 0xB7, 0xFE, 0xD6, 0xBF, 0xD4, 0x60, 0x00, 0x00,
  0x00, 0x00, 0x06, 0x57, 0xDB, 0xFF, 0xFB, 0xFF, 0xFE, 0xDB, 0xFF, 0xF6, 0xD4, 0x20, 0x00, 0x00,
  0x00, 0x00, 0x02, 0x2A, 0xFF, 0x6D, 0xBF, 0x5B, 0x6F, 0xBF, 0x76, 0xDF, 0xEA, 0x40, 0x00, 0x00,
  0x00, 0x00, 0x02, 0x57, 0xB7, 0xF5, 0x57, 0xFF, 0xFA, 0xF5, 0x5F, 0xFA, 0xAA, 0x40, 0x00, 0x00,
  0x00, 0x00, 0x03, 0x2B, 0xFD, 0x02, 0x42, 0xD5, 0x5F, 0x81, 0x00, 0xDF, 0xE8, 0xC0, 0x00, 0x00,
  0x00, 0x00, 0x01, 0x2E, 0xAC, 0x7F, 0xFC, 0x7F, 0xF4, 0x3F, 0xFC, 0x36, 0xD6, 0x80, 0x00, 0x00,
  0x00, 0x00, 0x01, 0x53, 0xF1, 0xFF, 0xFF, 0x1B, 0x7A, 0xFF, 0xFF, 0x9F, 0xD0, 0x80, 0x00, 0x00,
  0x00, 0x00, 0x02, 0xAE, 0xD3, 0xAF, 0xFF, 0x9F, 0xD1, 0xD7, 0xFF, 0xC5, 0x6E, 0x90, 0x00, 0x00,
  0x00, 0x00, 0x14, 0x53, 0xC6, 0x03, 0xFF, 0xC5, 0x67, 0x01, 0xFF, 0xE7, 0xD1, 0x20, 0x00, 0x00,
  0x00, 0x00, 0x22, 0xAE, 0xCC, 0x01, 0xFF, 0xE7, 0xE4, 0x08, 0x7F, 0xF2, 0xD4, 0x8A, 0x00, 0x00,
  0x00, 0x00, 0x48, 0x47, 0x48, 0xA8, 0xFF, 0xE6, 0xA6, 0x40, 0xFF, 0xF3, 0xD6, 0x50, 0x00, 0x00,
  0x00, 0x00, 0x12, 0xB5, 0xCC, 0x01, 0xFF, 0xCF, 0xE6, 0x12, 0xFF, 0xF3, 0x69, 0x0A, 0x00, 0x00,
  0x00, 0x00, 0x44, 0x4B, 0x66, 0x07, 0xFF, 0xCA, 0xB3, 0x01, 0xFF, 0xE6, 0xD4, 0x41, 0x00, 0x00,
  0x00, 0x00, 0x21, 0x2B, 0xE3, 0xFF, 0xFF, 0x9F, 0xE9, 0xFF, 0xFF, 0xCB, 0xD2, 0x94, 0x00, 0x00,
  0x00, 0x00, 0x8A, 0x56, 0xB9, 0xFF, 0xFE, 0x35, 0x78, 0xFF, 0xFF, 0x1E, 0xD4, 0x22, 0x00, 0x00,
  0x00, 0x00, 0x20, 0x4B, 0xEC, 0x2F, 0xE8, 0xEF, 0xAE, 0x0F, 0xF4, 0x6B, 0x6A, 0x88, 0x00, 0x00,
  0x00, 0x00, 0x0A, 0x56, 0xBF, 0x80, 0x07, 0xBB, 0xFB, 0xD0, 0x03, 0xFD, 0xCA, 0x22, 0x00, 0x00,
  0x00, 0x00, 0x40, 0x55, 0xEA, 0xFF, 0xFD, 0x6E, 0xD7, 0x7D, 0xFE, 0xAF, 0x68, 0x80, 0x00, 0x00,
  0x00, 0x00, 0x12, 0x4B, 0x5F, 0xB5, 0x57, 0xDB, 0xFD, 0xD7, 0x55, 0xF5, 0xD4, 0x14, 0x00, 0x00,
  0x00, 0x00, 0x00, 0x57, 0xF5, 0x7F, 0xFA, 0xF7, 0x57, 0x7B, 0xFF, 0x5E, 0xA5, 0x00, 0x00, 0x00,
  0x00, 0x00, 0x0A, 0x55, 0x5E, 0xD5, 0x2D, 0x5A, 0xB5, 0x55, 0x55, 0xB5, 0xD4, 0x48, 0x00, 0x00,
  0x00, 0x00, 0x00, 0x26, 0xEB, 0xBA, 0x92, 0x85, 0x45, 0x4A, 0x3B, 0x6F, 0x6A, 0x00, 0x00, 0x00,
  0x00, 0x00, 0x00, 0x55, 0xBD, 0x6C, 0xF7, 0xF7, 0xEF, 0xCF, 0xAE, 0xF5, 0xA4, 0x00, 0x00, 0x00,
  0x00, 0x00, 0x00, 0x16, 0xD7, 0xB5, 0xF3, 0xE7, 0xE7, 0xEF, 0x35, 0xAE, 0xD2, 0x00, 0x00, 0x00,
  0x00, 0x00, 0x00, 0x4B, 0x75, 0x6C, 0x44, 0x52, 0x24, 0x09, 0x3B, 0xBB, 0x68, 0x00, 0x00, 0x00,
  0x00, 0x00, 0x00, 0x25, 0xAE, 0xF7, 0xBB, 0xAD, 0xDB, 0xF6, 0xD6, 0xD6, 0xCA, 0x00, 0x00, 0x00,
  0x00, 0x00, 0x00, 0x2B, 0x75, 0xAD, 0x6E, 0xF6, 0xB6, 0xBB, 0x7B, 0x7B, 0x64, 0x00, 0x00, 0x00,
  0x00, 0x00, 0x00, 0x56, 0xDE, 0xDB, 0xB5, 0xAD, 0xDB, 0xD6, 0xD6, 0xD6, 0xD2, 0x00, 0x00, 0x00,
  0x00, 0x00, 0x00, 0x09, 0xB5, 0xB6, 0xDE, 0xDB, 0x6D, 0x6D, 0xBB, 0x6D, 0x94, 0x00, 0x00, 0x00,
  0x00, 0x00, 0x00, 0x2E, 0xD6, 0xDA, 0xAB, 0x6D, 0xB6, 0xB6, 0xD5, 0xB6, 0x70, 0x00, 0x00, 0x00,
  0x00, 0x00, 0x00, 0x15, 0x11, 0x25, 0x50, 0x92, 0x49, 0x49, 0x24, 0x49, 0x68, 0x00, 0x00, 0x00,
  0x00, 0x00, 0x00, 0x02, 0x55, 0x52, 0x2A, 0x49, 0x24, 0x92, 0x95, 0x24, 0x80, 0x00, 0x00, 0x00,
  0x00, 0x00, 0x00, 0x00, 0x00, 0x00, 0x00, 0x00, 0x00, 0x00, 0x00, 0x00, 0x00, 0x00, 0x00, 0x00,
  0x00, 0x00, 0x00, 0x00, 0x00, 0x00, 0x00, 0x00, 0x00, 0x00, 0x00, 0x00, 0x00, 0x00, 0x00, 0x00,
  0x00, 0x00, 0x00, 0x00, 0x00, 0x00, 0x00, 0x00, 0x00, 0x00, 0x00, 0x00, 0x00, 0x00, 0x00, 0x00,
  0x00, 0x00, 0x00, 0x00, 0x00, 0x00, 0x00, 0x00, 0x00, 0x00, 0x00, 0x00, 0x00, 0x00, 0x00, 0x00,
  0x00, 0x00, 0x00, 0x00, 0x00, 0x00, 0x00, 0x00, 0x00, 0x00, 0x00, 0x00, 0x00, 0x00, 0x00, 0x00,
  0x00, 0x00, 0x00, 0x00, 0x00, 0x00, 0x00, 0x00, 0x00, 0x00, 0x00, 0x00, 0x00, 0x00, 0x00, 0x00,
  0x00, 0x00, 0x00, 0x00, 0x00, 0x00, 0x00, 0x00, 0x00, 0x00, 0x00, 0x00, 0x00, 0x00, 0x00, 0x00,
  0x00, 0x00, 0x00, 0x00, 0x00, 0x00, 0x00, 0x00, 0x00, 0x00, 0x00, 0x00, 0x00, 0x00, 0x00, 0x00,
  0x00, 0x00, 0x00, 0x00, 0x00, 0x00, 0x00, 0x00, 0x00, 0x00, 0x00, 0x00, 0x00, 0x00, 0x00, 0x00,
  0x00, 0x00, 0x00, 0x00, 0x00, 0x00, 0x00, 0x00, 0x00, 0x00, 0x00, 0x00, 0x00, 0x00, 0x00, 0x00,
  0x00, 0x00, 0x00, 0x00, 0x00, 0x00, 0x00, 0x00, 0x00, 0x00, 0x00, 0x00, 0x00, 0x00, 0x00, 0x00
};

const unsigned char gif_frame_22[] PROGMEM = {
  0x00, 0x00, 0x00, 0x00, 0x00, 0x00, 0x00, 0x00, 0x00, 0x00, 0x00, 0x00, 0x00, 0x00, 0x00, 0x00,
  0x00, 0x00, 0x00, 0x00, 0x00, 0x00, 0x00, 0x00, 0x00, 0x00, 0x00, 0x00, 0x00, 0x00, 0x00, 0x00,
  0x00, 0x00, 0x00, 0x00, 0x00, 0x00, 0x00, 0x00, 0x00, 0x00, 0x00, 0x00, 0x00, 0x00, 0x00, 0x00,
  0x00, 0x00, 0x00, 0x00, 0x00, 0x00, 0x00, 0x00, 0x00, 0x00, 0x00, 0x00, 0x00, 0x00, 0x00, 0x00,
  0x00, 0x00, 0x00, 0x00, 0x00, 0x00, 0x00, 0x00, 0x00, 0x00, 0x00, 0x00, 0x00, 0x00, 0x00, 0x00,
  0x00, 0x00, 0x00, 0x00, 0x00, 0x00, 0x00, 0x00, 0x00, 0x00, 0x00, 0x00, 0x00, 0x00, 0x00, 0x00,
  0x00, 0x00, 0x00, 0x00, 0x00, 0x00, 0x00, 0x00, 0x00, 0x00, 0x00, 0x00, 0x00, 0x00, 0x00, 0x00,
  0x00, 0x00, 0x00, 0x00, 0x00, 0x00, 0x00, 0x00, 0x00, 0x00, 0x00, 0x00, 0x00, 0x00, 0x00, 0x00,
  0x00, 0x00, 0x00, 0x00, 0x00, 0x00, 0x00, 0x00, 0x00, 0x00, 0x00, 0x00, 0x00, 0x00, 0x00, 0x00,
  0x00, 0x00, 0x00, 0x00, 0x00, 0x00, 0x00, 0x00, 0x00, 0x00, 0x00, 0x00, 0x00, 0x00, 0x00, 0x00,
  0x00, 0x00, 0x00, 0x00, 0x00, 0x00, 0x00, 0x00, 0x00, 0x00, 0x00, 0x00, 0x00, 0x00, 0x00, 0x00,
  0x00, 0x00, 0x00, 0x00, 0x00, 0x00, 0x00, 0x05, 0x40, 0x00, 0x00, 0x00, 0x00, 0x00, 0x00, 0x00,
  0x00, 0x00, 0x00, 0x00, 0x00, 0x00, 0x00, 0x3F, 0xBC, 0x00, 0x00, 0x00, 0x00, 0x00, 0x00, 0x00,
  0x00, 0x00, 0x54, 0x00, 0x00, 0x00, 0x00, 0xEA, 0xD6, 0x00, 0x00, 0x00, 0x00, 0x15, 0x00, 0x00,
  0x00, 0x00, 0x40, 0x00, 0x00, 0x00, 0x01, 0x7D, 0x75, 0x80, 0x00, 0x00, 0x00, 0x22, 0x00, 0x00,
  0x00, 0x00, 0x18, 0x00, 0x00, 0x00, 0x01, 0x45, 0x4A, 0x00, 0x00, 0x00, 0x00, 0x08, 0x00, 0x00,
  0x00, 0x00, 0x08, 0x00, 0x00, 0x00, 0x00, 0x00, 0x00, 0x80, 0x00, 0x00, 0x00, 0x10, 0x00, 0x00,
  0x00, 0x00, 0x08, 0x01, 0x55, 0x55, 0x5B, 0x76, 0xDA, 0xBA, 0xAA, 0xAA, 0x80, 0x30, 0x00, 0x00,
  0x00, 0x00, 0x0C, 0x0E, 0xAA, 0xAA, 0xAA, 0x95, 0x55, 0x4A, 0xAA, 0xAA, 0xE8, 0x10, 0x00, 0x00,
  0x00, 0x00, 0x04, 0x3E, 0xDD, 0xDD, 0xDD, 0xEE, 0xEF, 0xFD, 0xDD, 0xDD, 0x74, 0x20, 0x00, 0x00,
  0x00, 0x00, 0x04, 0x45, 0xF7, 0xF7, 0xF7, 0xBF, 0xFD, 0xB7, 0xFF, 0xF7, 0xAA, 0x20, 0x00, 0x00,
  0x00, 0x00, 0x04, 0x37, 0x7E, 0xDE, 0xDE, 0xF6, 0xB7, 0xFE, 0xD6, 0xBF, 0xD4, 0x60, 0x00, 0x00,
  0x00, 0x00, 0x06, 0x57, 0xDB, 0xFF, 0xFB, 0xFF, 0xFE, 0xDB, 0xFF, 0xF6, 0xD4, 0x20, 0x00, 0x00,
  0x00, 0x00, 0x02, 0x2A, 0xFF, 0x6D, 0xBF, 0x5B, 0x6F, 0xBF, 0x76, 0xDF, 0xEA, 0x40, 0x00, 0x00,
  0x00, 0x00, 0x02, 0x57, 0xB7, 0xF5, 0x57, 0xFF, 0xFA, 0xF5, 0x5F, 0xFA, 0xAA, 0x40, 0x00, 0x00,
  0x00, 0x00, 0x03, 0x2B, 0xFD, 0x02, 0x42, 0xD5, 0x5F, 0x81, 0x00, 0xDF, 0xE8, 0xC0, 0x00, 0x00,
  0x00, 0x00, 0x01, 0x2E, 0xAC, 0x7F, 0xFC, 0x7F, 0xF4, 0x3F, 0xFC, 0x36, 0xD6, 0x80, 0x00, 0x00,
  0x00, 0x00, 0x01, 0x53, 0xF1, 0xFF, 0xFF, 0x1B, 0x7A, 0xFF, 0xFF, 0x9F, 0xD0, 0x80, 0x00, 0x00,
  0x00, 0x00, 0x02, 0xAE, 0xD3, 0xAF, 0xFF, 0x9F, 0xD1, 0xD7, 0xFF, 0xC5, 0x6E, 0x90, 0x00, 0x00,
  0x00, 0x00, 0x14, 0x53, 0xC6, 0x03, 0xFF, 0xC5, 0x67, 0x01, 0xFF, 0xE7, 0xD1, 0x20, 0x00, 0x00,
  0x00, 0x00, 0x22, 0xAE, 0xCC, 0x01, 0xFF, 0xE7, 0xE4, 0x08, 0x7F, 0xF2, 0xD4, 0x8A, 0x00, 0x00,
  0x00, 0x00, 0x48, 0x47, 0x48, 0xA8, 0xFF, 0xE6, 0xA6, 0x40, 0xFF, 0xF3, 0xD6, 0x50, 0x00, 0x00,
  0x00, 0x00, 0x12, 0xB5, 0xCC, 0x01, 0xFF, 0xCF, 0xE6, 0x12, 0xFF, 0xF3, 0x69, 0x0A, 0x00, 0x00,
  0x00, 0x00, 0x44, 0x4B, 0x66, 0x07, 0xFF, 0xCA, 0xB3, 0x01, 0xFF, 0xE6, 0xD4, 0x41, 0x00, 0x00,
  0x00, 0x00, 0x21, 0x2B, 0xE3, 0xFF, 0xFF, 0x9F, 0xE9, 0xFF, 0xFF, 0xCB, 0xD2, 0x94, 0x00, 0x00,
  0x00, 0x00, 0x8A, 0x56, 0xB9, 0xFF, 0xFE, 0x35, 0x78, 0xFF, 0xFF, 0x1E, 0xD4, 0x22, 0x00, 0x00,
  0x00, 0x00, 0x20, 0x4B, 0xEC, 0x2F, 0xE8, 0xEF, 0xAE, 0x0F, 0xF4, 0x6B, 0x6A, 0x88, 0x00, 0x00,
  0x00, 0x00, 0x0A, 0x56, 0xBF, 0x80, 0x07, 0xBB, 0xFB, 0xD0, 0x03, 0xFD, 0xCA, 0x22, 0x00, 0x00,
  0x00, 0x00, 0x40, 0x55, 0xEA, 0xFF, 0xFD, 0x6E, 0xD7, 0x7D, 0xFE, 0xAF, 0x68, 0x80, 0x00, 0x00,
  0x00, 0x00, 0x12, 0x4B, 0x5F, 0xB5, 0x57, 0xDB, 0xFD, 0xD7, 0x55, 0xF5, 0xD4, 0x14, 0x00, 0x00,
  0x00, 0x00, 0x00, 0x57, 0xF5, 0x7F, 0xFA, 0xF7, 0x57, 0x7B, 0xFF, 0x5E, 0xA5, 0x00, 0x00, 0x00,
  0x00, 0x00, 0x0A, 0x55, 0x5E, 0xD5, 0x2D, 0x5A, 0xB5, 0x55, 0x55, 0xB5, 0xD4, 0x48, 0x00, 0x00,
  0x00, 0x00, 0x00, 0x26, 0xEB, 0xBA, 0x92, 0x85, 0x45, 0x4A, 0x3B, 0x6F, 0x6A, 0x00, 0x00, 0x00,
  0x00, 0x00, 0x00, 0x55, 0xBD, 0x6C, 0xF7, 0xF7, 0xEF, 0xCF, 0xAE, 0xF5, 0xA4, 0x00, 0x00, 0x00,
  0x00, 0x00, 0x00, 0x16, 0xD7, 0xB5, 0xF3, 0xE7, 0xE7, 0xEF, 0x35, 0xAE, 0xD2, 0x00, 0x00, 0x00,
  0x00, 0x00, 0x00, 0x4B, 0x75, 0x6C, 0x44, 0x52, 0x24, 0x09, 0x3B, 0xBB, 0x68, 0x00, 0x00, 0x00,
  0x00, 0x00, 0x00, 0x25, 0xAE, 0xF7, 0xBB, 0xAD, 0xDB, 0xF6, 0xD6, 0xD6, 0xCA, 0x00, 0x00, 0x00,
  0x00, 0x00, 0x00, 0x2B, 0x75, 0xAD, 0x6E, 0xF6, 0xB6, 0xBB, 0x7B, 0x7B, 0x64, 0x00, 0x00, 0x00,
  0x00, 0x00, 0x00, 0x56, 0xDE, 0xDB, 0xB5, 0xAD, 0xDB, 0xD6, 0xD6, 0xD6, 0xD2, 0x00, 0x00, 0x00,
  0x00, 0x00, 0x00, 0x09, 0xB5, 0xB6, 0xDE, 0xDB, 0x6D, 0x6D, 0xBB, 0x6D, 0x94, 0x00, 0x00, 0x00,
  0x00, 0x00, 0x00, 0x2E, 0xD6, 0xDA, 0xAB, 0x6D, 0xB6, 0xB6, 0xD5, 0xB6, 0x70, 0x00, 0x00, 0x00,
  0x00, 0x00, 0x00, 0x15, 0x11, 0x25, 0x50, 0x92, 0x49, 0x49, 0x24, 0x49, 0x68, 0x00, 0x00, 0x00,
  0x00, 0x00, 0x00, 0x02, 0x55, 0x52, 0x2A, 0x49, 0x24, 0x92, 0x95, 0x24, 0x80, 0x00, 0x00, 0x00,
  0x00, 0x00, 0x00, 0x00, 0x00, 0x00, 0x00, 0x00, 0x00, 0x00, 0x00, 0x00, 0x00, 0x00, 0x00, 0x00,
  0x00, 0x00, 0x00, 0x00, 0x00, 0x00, 0x00, 0x00, 0x00, 0x00, 0x00, 0x00, 0x00, 0x00, 0x00, 0x00,
  0x00, 0x00, 0x00, 0x00, 0x00, 0x00, 0x00, 0x00, 0x00, 0x00, 0x00, 0x00, 0x00, 0x00, 0x00, 0x00,
  0x00, 0x00, 0x00, 0x00, 0x00, 0x00, 0x00, 0x00, 0x00, 0x00, 0x00, 0x00, 0x00, 0x00, 0x00, 0x00,
  0x00, 0x00, 0x00, 0x00, 0x00, 0x00, 0x00, 0x00, 0x00, 0x00, 0x00, 0x00, 0x00, 0x00, 0x00, 0x00,
  0x00, 0x00, 0x00, 0x00, 0x00, 0x00, 0x00, 0x00, 0x00, 0x00, 0x00, 0x00, 0x00, 0x00, 0x00, 0x00,
  0x00, 0x00, 0x00, 0x00, 0x00, 0x00, 0x00, 0x00, 0x00, 0x00, 0x00, 0x00, 0x00, 0x00, 0x00, 0x00,
  0x00, 0x00, 0x00, 0x00, 0x00, 0x00, 0x00, 0x00, 0x00, 0x00, 0x00, 0x00, 0x00, 0x00, 0x00, 0x00,
  0x00, 0x00, 0x00, 0x00, 0x00, 0x00, 0x00, 0x00, 0x00, 0x00, 0x00, 0x00, 0x00, 0x00, 0x00, 0x00,
  0x00, 0x00, 0x00, 0x00, 0x00, 0x00, 0x00, 0x00, 0x00, 0x00, 0x00, 0x00, 0x00, 0x00, 0x00, 0x00,
  0x00, 0x00, 0x00, 0x00, 0x00, 0x00, 0x00, 0x00, 0x00, 0x00, 0x00, 0x00, 0x00, 0x00, 0x00, 0x00
};

const unsigned char gif_frame_23[] PROGMEM = {
  0x00, 0x00, 0x00, 0x00, 0x00, 0x00, 0x00, 0x00, 0x00, 0x00, 0x00, 0x00, 0x00, 0x00, 0x00, 0x00,
  0x00, 0x00, 0x00, 0x00, 0x00, 0x00, 0x00, 0x00, 0x00, 0x00, 0x00, 0x00, 0x00, 0x00, 0x00, 0x00,
  0x00, 0x00, 0x00, 0x00, 0x00, 0x00, 0x00, 0x00, 0x00, 0x00, 0x00, 0x00, 0x00, 0x00, 0x00, 0x00,
  0x00, 0x00, 0x00, 0x00, 0x00, 0x00, 0x00, 0x00, 0x00, 0x00, 0x00, 0x00, 0x00, 0x00, 0x00, 0x00,
  0x00, 0x00, 0x00, 0x00, 0x00, 0x00, 0x00, 0x00, 0x00, 0x00, 0x00, 0x00, 0x00, 0x00, 0x00, 0x00,
  0x00, 0x00, 0x00, 0x00, 0x00, 0x00, 0x00, 0x00, 0x00, 0x00, 0x00, 0x00, 0x00, 0x00, 0x00, 0x00,
  0x00, 0x00, 0x00, 0x00, 0x00, 0x00, 0x00, 0x00, 0x00, 0x00, 0x00, 0x00, 0x00, 0x00, 0x00, 0x00,
  0x00, 0x00, 0x00, 0x00, 0x00, 0x00, 0x00, 0x00, 0x00, 0x00, 0x00, 0x00, 0x00, 0x00, 0x00, 0x00,
  0x00, 0x00, 0x00, 0x00, 0x00, 0x00, 0x00, 0x00, 0x00, 0x00, 0x00, 0x00, 0x00, 0x00, 0x00, 0x00,
  0x00, 0x00, 0x00, 0x00, 0x00, 0x00, 0x00, 0x00, 0x00, 0x00, 0x00, 0x00, 0x00, 0x00, 0x00, 0x00,
  0x00, 0x00, 0x00, 0x00, 0x00, 0x00, 0x00, 0x00, 0x00, 0x00, 0x00, 0x00, 0x00, 0x00, 0x00, 0x00,
  0x00, 0x00, 0x00, 0x00, 0x00, 0x00, 0x00, 0x05, 0x40, 0x00, 0x00, 0x00, 0x00, 0x00, 0x00, 0x00,
  0x00, 0x00, 0x00, 0x00, 0x00, 0x00, 0x00, 0x3F, 0xBC, 0x00, 0x00, 0x00, 0x00, 0x00, 0x00, 0x00,
  0x00, 0x00, 0x54, 0x00, 0x00, 0x00, 0x00, 0xEA, 0xD6, 0x00, 0x00, 0x00, 0x00, 0x15, 0x00, 0x00,
  0x00, 0x00, 0x40, 0x00, 0x00, 0x00, 0x01, 0x7D, 0x75, 0x80, 0x00, 0x00, 0x00, 0x22, 0x00, 0x00,
  0x00, 0x00, 0x18, 0x00, 0x00, 0x00, 0x01, 0x45, 0x4A, 0x00, 0x00, 0x00, 0x00, 0x08, 0x00, 0x00,
  0x00, 0x00, 0x08, 0x00, 0x00, 0x00, 0x00, 0x00, 0x00, 0x80, 0x00, 0x00, 0x00, 0x10, 0x00, 0x00,
  0x00, 0x00, 0x08, 0x01, 0x55, 0x55, 0x5B, 0x76, 0xDA, 0xBA, 0xAA, 0xAA, 0x80, 0x30, 0x00, 0x00,
  0x00, 0x00, 0x0C, 0x0E, 0xAA, 0xAA, 0xAA, 0x95, 0x55, 0x4A, 0xAA, 0xAA, 0xE8, 0x10, 0x00, 0x00,
  0x00, 0x00, 0x04, 0x3E, 0xDD, 0xDD, 0xDD, 0xEE, 0xEF, 0xFD, 0xDD, 0xDD, 0x74, 0x20, 0x00, 0x00,
  0x00, 0x00, 0x04, 0x45, 0xF7, 0xF7, 0xF7, 0xBF, 0xFD, 0xB7, 0xFF, 0xF7, 0xAA, 0x20, 0x00, 0x00,
  0x00, 0x00, 0x04, 0x37, 0x7E, 0xDE, 0xDE, 0xF6, 0xB7, 0xFE, 0xD6, 0xBF, 0xD4, 0x60, 0x00, 0x00,
  0x00, 0x00, 0x06, 0x57, 0xDB, 0xFF, 0xFB, 0xFF, 0xFE, 0xDB, 0xFF, 0xF6, 0xD4, 0x20, 0x00, 0x00,
  0x00, 0x00, 0x02, 0x2A, 0xFF, 0x6D, 0xBF, 0x5B, 0x6F, 0xBF, 0x76, 0xDF, 0xEA, 0x40, 0x00, 0x00,
  0x00, 0x00, 0x02, 0x57, 0xB7, 0xF5, 0x57, 0xFF, 0xFA, 0xF5, 0x5F, 0xFA, 0xAA, 0x40, 0x00, 0x00,
  0x00, 0x00, 0x03, 0x2B, 0xFD, 0x02, 0x42, 0xD5, 0x5F, 0x81, 0x00, 0xDF, 0xE8, 0xC0, 0x00, 0x00,
  0x00, 0x00, 0x01, 0x2E, 0xAC, 0x7F, 0xFC, 0x7F, 0xF4, 0x3F, 0xFC, 0x36, 0xD6, 0x80, 0x00, 0x00,
  0x00, 0x00, 0x01, 0x53, 0xF1, 0xFF, 0xFF, 0x1B, 0x7A, 0xFF, 0xFF, 0x9F, 0xD0, 0x80, 0x00, 0x00,
  0x00, 0x00, 0x02, 0xAE, 0xD3, 0xAF, 0xFF, 0x9F, 0xD1, 0xD7, 0xFF, 0xC5, 0x6E, 0x90, 0x00, 0x00,
  0x00, 0x00, 0x14, 0x53, 0xC6, 0x03, 0xFF, 0xC5, 0x67, 0x01, 0xFF, 0xE7, 0xD1, 0x20, 0x00, 0x00,
  0x00, 0x00, 0x22, 0xAE, 0xCC, 0x01, 0xFF, 0xE7, 0xE4, 0x08, 0x7F, 0xF2, 0xD4, 0x8A, 0x00, 0x00,
  0x00, 0x00, 0x48, 0x47, 0x48, 0xA8, 0xFF, 0xE6, 0xA6, 0x40, 0xFF, 0xF3, 0xD6, 0x50, 0x00, 0x00,
  0x00, 0x00, 0x12, 0xB5, 0xCC, 0x01, 0xFF, 0xCF, 0xE6, 0x12, 0xFF, 0xF3, 0x69, 0x0A, 0x00, 0x00,
  0x00, 0x00, 0x44, 0x4B, 0x66, 0x07, 0xFF, 0xCA, 0xB3, 0x01, 0xFF, 0xE6, 0xD4, 0x41, 0x00, 0x00,
  0x00, 0x00, 0x21, 0x2B, 0xE3, 0xFF, 0xFF, 0x9F, 0xE9, 0xFF, 0xFF, 0xCB, 0xD2, 0x94, 0x00, 0x00,
  0x00, 0x00, 0x8A, 0x56, 0xB9, 0xFF, 0xFE, 0x35, 0x78, 0xFF, 0xFF, 0x1E, 0xD4, 0x22, 0x00, 0x00,
  0x00, 0x00, 0x20, 0x4B, 0xEC, 0x2F, 0xE8, 0xEF, 0xAE, 0x0F, 0xF4, 0x6B, 0x6A, 0x88, 0x00, 0x00,
  0x00, 0x00, 0x0A, 0x56, 0xBF, 0x80, 0x07, 0xBB, 0xFB, 0xD0, 0x03, 0xFD, 0xCA, 0x22, 0x00, 0x00,
  0x00, 0x00, 0x40, 0x55, 0xEA, 0xFF, 0xFD, 0x6E, 0xD7, 0x7D, 0xFE, 0xAF, 0x68, 0x80, 0x00, 0x00,
  0x00, 0x00, 0x12, 0x4B, 0x5F, 0xB5, 0x57, 0xDB, 0xFD, 0xD7, 0x55, 0xF5, 0xD4, 0x14, 0x00, 0x00,
  0x00, 0x00, 0x00, 0x57, 0xF5, 0x7F, 0xFA, 0xF7, 0x57, 0x7B, 0xFF, 0x5E, 0xA5, 0x00, 0x00, 0x00,
  0x00, 0x00, 0x0A, 0x55, 0x5E, 0xD5, 0x2D, 0x5A, 0xB5, 0x55, 0x55, 0xB5, 0xD4, 0x48, 0x00, 0x00,
  0x00, 0x00, 0x00, 0x26, 0xEB, 0xBA, 0x92, 0x85, 0x45, 0x4A, 0x3B, 0x6F, 0x6A, 0x00, 0x00, 0x00,
  0x00, 0x00, 0x00, 0x55, 0xBD, 0x6C, 0xF7, 0xF7, 0xEF, 0xCF, 0xAE, 0xF5, 0xA4, 0x00, 0x00, 0x00,
  0x00, 0x00, 0x00, 0x16, 0xD7, 0xB5, 0xF3, 0xE7, 0xE7, 0xEF, 0x35, 0xAE, 0xD2, 0x00, 0x00, 0x00,
  0x00, 0x00, 0x00, 0x4B, 0x75, 0x6C, 0x44, 0x52, 0x24, 0x09, 0x3B, 0xBB, 0x68, 0x00, 0x00, 0x00,
  0x00, 0x00, 0x00, 0x25, 0xAE, 0xF7, 0xBB, 0xAD, 0xDB, 0xF6, 0xD6, 0xD6, 0xCA, 0x00, 0x00, 0x00,
  0x00, 0x00, 0x00, 0x2B, 0x75, 0xAD, 0x6E, 0xF6, 0xB6, 0xBB, 0x7B, 0x7B, 0x64, 0x00, 0x00, 0x00,
  0x00, 0x00, 0x00, 0x56, 0xDE, 0xDB, 0xB5, 0xAD, 0xDB, 0xD6, 0xD6, 0xD6, 0xD2, 0x00, 0x00, 0x00,
  0x00, 0x00, 0x00, 0x09, 0xB5, 0xB6, 0xDE, 0xDB, 0x6D, 0x6D, 0xBB, 0x6D, 0x94, 0x00, 0x00, 0x00,
  0x00, 0x00, 0x00, 0x2E, 0xD6, 0xDA, 0xAB, 0x6D, 0xB6, 0xB6, 0xD5, 0xB6, 0x70, 0x00, 0x00, 0x00,
  0x00, 0x00, 0x00, 0x15, 0x11, 0x25, 0x50, 0x92, 0x49, 0x49, 0x24, 0x49, 0x68, 0x00, 0x00, 0x00,
  0x00, 0x00, 0x00, 0x02, 0x55, 0x52, 0x2A, 0x49, 0x24, 0x92, 0x95, 0x24, 0x80, 0x00, 0x00, 0x00,
  0x00, 0x00, 0x00, 0x00, 0x00, 0x00, 0x00, 0x00, 0x00, 0x00, 0x00, 0x00, 0x00, 0x00, 0x00, 0x00,
  0x00, 0x00, 0x00, 0x00, 0x00, 0x00, 0x00, 0x00, 0x00, 0x00, 0x00, 0x00, 0x00, 0x00, 0x00, 0x00,
  0x00, 0x00, 0x00, 0x00, 0x00, 0x00, 0x00, 0x00, 0x00, 0x00, 0x00, 0x00, 0x00, 0x00, 0x00, 0x00,
  0x00, 0x00, 0x00, 0x00, 0x00, 0x00, 0x00, 0x00, 0x00, 0x00, 0x00, 0x00, 0x00, 0x00, 0x00, 0x00,
  0x00, 0x00, 0x00, 0x00, 0x00, 0x00, 0x00, 0x00, 0x00, 0x00, 0x00, 0x00, 0x00, 0x00, 0x00, 0x00,
  0x00, 0x00, 0x00, 0x00, 0x00, 0x00, 0x00, 0x00, 0x00, 0x00, 0x00, 0x00, 0x00, 0x00, 0x00, 0x00,
  0x00, 0x00, 0x00, 0x00, 0x00, 0x00, 0x00, 0x00, 0x00, 0x00, 0x00, 0x00, 0x00, 0x00, 0x00, 0x00,
  0x00, 0x00, 0x00, 0x00, 0x00, 0x00, 0x00, 0x00, 0x00, 0x00, 0x00, 0x00, 0x00, 0x00, 0x00, 0x00,
  0x00, 0x00, 0x00, 0x00, 0x00, 0x00, 0x00, 0x00, 0x00, 0x00, 0x00, 0x00, 0x00, 0x00, 0x00, 0x00,
  0x00, 0x00, 0x00, 0x00, 0x00, 0x00, 0x00, 0x00, 0x00, 0x00, 0x00, 0x00, 0x00, 0x00, 0x00, 0x00,
  0x00, 0x00, 0x00, 0x00, 0x00, 0x00, 0x00, 0x00, 0x00, 0x00, 0x00, 0x00, 0x00, 0x00, 0x00, 0x00
};

const unsigned char gif_frame_24[] PROGMEM = {
  0x00, 0x00, 0x00, 0x00, 0x00, 0x00, 0x00, 0x00, 0x00, 0x00, 0x00, 0x00, 0x00, 0x00, 0x00, 0x00,
  0x00, 0x00, 0x00, 0x00, 0x00, 0x00, 0x00, 0x00, 0x00, 0x00, 0x00, 0x00, 0x00, 0x00, 0x00, 0x00,
  0x00, 0x00, 0x00, 0x00, 0x00, 0x00, 0x00, 0x00, 0x00, 0x00, 0x00, 0x00, 0x00, 0x00, 0x00, 0x00,
  0x00, 0x00, 0x00, 0x00, 0x00, 0x00, 0x00, 0x00, 0x00, 0x00, 0x00, 0x00, 0x00, 0x00, 0x00, 0x00,
  0x00, 0x00, 0x00, 0x00, 0x00, 0x00, 0x00, 0x00, 0x00, 0x00, 0x00, 0x00, 0x00, 0x00, 0x00, 0x00,
  0x00, 0x00, 0x00, 0x00, 0x00, 0x00, 0x00, 0x00, 0x00, 0x00, 0x00, 0x00, 0x00, 0x00, 0x00, 0x00,
  0x00, 0x00, 0x00, 0x00, 0x00, 0x00, 0x00, 0x00, 0x00, 0x00, 0x00, 0x00, 0x00, 0x00, 0x00, 0x00,
  0x00, 0x00, 0x00, 0x00, 0x00, 0x00, 0x00, 0x00, 0x00, 0x00, 0x00, 0x00, 0x00, 0x00, 0x00, 0x00,
  0x00, 0x00, 0x00, 0x00, 0x00, 0x00, 0x00, 0x00, 0x00, 0x00, 0x00, 0x00, 0x00, 0x00, 0x00, 0x00,
  0x00, 0x00, 0x00, 0x00, 0x00, 0x00, 0x00, 0x00, 0x00, 0x00, 0x00, 0x00, 0x00, 0x00, 0x00, 0x00,
  0x00, 0x00, 0x00, 0x00, 0x00, 0x00, 0x00, 0x00, 0x00, 0x00, 0x00, 0x00, 0x00, 0x00, 0x00, 0x00,
  0x00, 0x00, 0x00, 0x00, 0x00, 0x00, 0x00, 0x05, 0x20, 0x00, 0x00, 0x00, 0x00, 0x00, 0x00, 0x00,
  0x00, 0x00, 0x00, 0x00, 0x00, 0x00, 0x00, 0x35, 0x54, 0x00, 0x00, 0x00, 0x00, 0x00, 0x00, 0x00,
  0x00, 0x02, 0x90, 0x00, 0x00, 0x00, 0x00, 0xAA, 0xAA, 0x00, 0x00, 0x00, 0x00, 0x15, 0x00, 0x00,
  0x00, 0x00, 0x40, 0x00, 0x00, 0x00, 0x00, 0xD5, 0x55, 0x00, 0x00, 0x00, 0x00, 0x22, 0x00, 0x00,
  0x00, 0x02, 0x80, 0x00, 0x00, 0x00, 0x01, 0x2A, 0xA2, 0x80, 0x00, 0x00, 0x00, 0x08, 0x00, 0x00,
  0x00, 0x00, 0x60, 0x00, 0x00, 0x00, 0x00, 0x00, 0x08, 0x00, 0x00, 0x00, 0x00, 0x10, 0x00, 0x00,
  0x00, 0x00, 0x20, 0x01, 0x55, 0x55, 0x5B, 0x6D, 0x55, 0x75, 0x55, 0x55, 0x00, 0x30, 0x00, 0x00,
  0x00, 0x00, 0x20, 0x0E, 0xAA, 0xAA, 0xAA, 0xAA, 0xAA, 0x95, 0x55, 0x55, 0x70, 0x10, 0x00, 0x00,
  0x00, 0x00, 0x10, 0x3E, 0xBB, 0xBB, 0xB7, 0xB7, 0xF7, 0xFF, 0xBB, 0xBA, 0xF4, 0x20, 0x00, 0x00,
  0x00, 0x00, 0x18, 0x43, 0xEF, 0xEF, 0xFE, 0xFE, 0xDE, 0xD6, 0xFF, 0xEF, 0x94, 0x20, 0x00, 0x00,
  0x00, 0x00, 0x08, 0x3B, 0x7D, 0xBD, 0xB7, 0xEF, 0xFB, 0xFF, 0xDA, 0xFF, 0xEA, 0x60, 0x00, 0x00,
  0x00, 0x00, 0x08, 0x4F, 0xF7, 0xFF, 0xFD, 0xBB, 0x6F, 0x6D, 0xFF, 0xB6, 0xD4, 0x40, 0x00, 0x00,
  0x00, 0x00, 0x04, 0x25, 0xBE, 0xD6, 0xDF, 0xFF, 0xFD, 0xFF, 0x6D, 0xFF, 0xD4, 0x40, 0x00, 0x00,
  0x00, 0x00, 0x04, 0x57, 0xEF, 0xFA, 0xB6, 0xD5, 0x5F, 0xB5, 0x5F, 0xAA, 0xEA, 0x40, 0x00, 0x00,
  0x00, 0x00, 0x06, 0x56, 0xBA, 0x81, 0x03, 0xFF, 0xF6, 0xC0, 0x80, 0xFF, 0xAA, 0xC0, 0x00, 0x00,
  0x00, 0x00, 0x02, 0x2B, 0xFC, 0x3F, 0xF8, 0x5B, 0x7D, 0x1F, 0xFD, 0x36, 0xE8, 0x80, 0x00, 0x00,
  0x00, 0x00, 0x01, 0x57, 0x61, 0xFF, 0xFF, 0x3F, 0xD4, 0xFF, 0xFF, 0x8F, 0xD5, 0x00, 0x00, 0x00,
  0x00, 0x00, 0x05, 0x2B, 0xD7, 0xAF, 0xFF, 0x8A, 0xF1, 0xD7, 0xFF, 0xCB, 0x6A, 0xA0, 0x00, 0x00,
  0x00, 0x00, 0x10, 0xAB, 0x66, 0x03, 0xFF, 0xCF, 0xA7, 0x01, 0xFF, 0xE6, 0xD4, 0x94, 0x00, 0x00,
  0x00, 0x00, 0x25, 0x57, 0xCC, 0x21, 0xFF, 0xE5, 0xE4, 0x10, 0xFF, 0xF3, 0xD2, 0x40, 0x00, 0x00,
  0x00, 0x00, 0x48, 0x55, 0x48, 0x84, 0xFF, 0xE7, 0x66, 0x42, 0x7F, 0xF3, 0x6A, 0x2A, 0x00, 0x00,
  0x00, 0x00, 0x12, 0x97, 0xCC, 0x11, 0xFF, 0xCB, 0xA6, 0x08, 0xFF, 0xE5, 0xD5, 0x44, 0x00, 0x00,
  0x00, 0x00, 0x44, 0x55, 0x66, 0x03, 0xFF, 0xCE, 0xF3, 0x01, 0xFF, 0xE7, 0x6A, 0x11, 0x00, 0x00,
  0x00, 0x00, 0x21, 0x57, 0xD3, 0xFF, 0xFF, 0x9B, 0xB1, 0xFF, 0xFF, 0xCD, 0xC8, 0x88, 0x00, 0x00,
  0x00, 0x00, 0x88, 0x4A, 0xF1, 0xFF, 0xFE, 0x36, 0xDC, 0x7F, 0xFF, 0x1B, 0x6A, 0x45, 0x00, 0x00,
  0x00, 0x00, 0x25, 0x2B, 0x5C, 0x1F, 0xF0, 0xEF, 0x76, 0x97, 0xF4, 0x77, 0xD5, 0x10, 0x00, 0x00,
  0x00, 0x00, 0x00, 0x57, 0xEF, 0xA0, 0x07, 0xBB, 0xDF, 0xA0, 0x03, 0xDD, 0x64, 0x44, 0x00, 0x00,
  0x00, 0x00, 0x55, 0x25, 0x76, 0xFF, 0xFD, 0xDF, 0xF5, 0x7F, 0xFE, 0xB7, 0xAA, 0x11, 0x00, 0x00,
  0x00, 0x00, 0x00, 0x57, 0xBB, 0xAA, 0xAE, 0xEA, 0xDF, 0xD5, 0x5B, 0xED, 0xD2, 0x40, 0x00, 0x00,
  0x00, 0x00, 0x11, 0x2A, 0xD6, 0xF7, 0xF7, 0x7F, 0x6A, 0xBF, 0xED, 0x5E, 0xA8, 0x08, 0x00, 0x00,
  0x00, 0x00, 0x04, 0x4B, 0x7D, 0xAD, 0x29, 0x49, 0xB5, 0xD4, 0xB7, 0xF5, 0xD6, 0x80, 0x00, 0x00,
  0x00, 0x00, 0x00, 0x2B, 0xAB, 0x7A, 0x95, 0x54, 0x8A, 0x25, 0x3A, 0xAF, 0x62, 0x00, 0x00, 0x00,
  0x00, 0x00, 0x00, 0x55, 0xFD, 0xD4, 0xF3, 0xE7, 0xEF, 0xCF, 0xAF, 0x75, 0xA8, 0x00, 0x00, 0x00,
  0x00, 0x00, 0x00, 0x26, 0xAB, 0x7D, 0xF7, 0xF7, 0xE7, 0xEF, 0x35, 0xDE, 0xD4, 0x00, 0x00, 0x00,
  0x00, 0x00, 0x00, 0x2B, 0x6E, 0xD4, 0x42, 0x22, 0x49, 0x09, 0x2E, 0xB5, 0xAA, 0x00, 0x00, 0x00,
  0x00, 0x00, 0x00, 0x45, 0xB5, 0xB7, 0x7D, 0xDD, 0xB6, 0xF6, 0xF5, 0xDB, 0x64, 0x00, 0x00, 0x00,
  0x00, 0x00, 0x00, 0x2B, 0xDE, 0xDB, 0xAB, 0x6B, 0x6D, 0xBB, 0x5E, 0xB6, 0xD2, 0x00, 0x00, 0x00,
  0x00, 0x00, 0x00, 0x2A, 0xB5, 0xB5, 0x76, 0xBD, 0xBB, 0x56, 0xEB, 0xDB, 0xA8, 0x00, 0x00, 0x00,
  0x00, 0x00, 0x00, 0x4B, 0x6E, 0xDE, 0xDB, 0xD6, 0xD6, 0xFB, 0xB5, 0x6D, 0x4A, 0x00, 0x00, 0x00,
  0x00, 0x00, 0x00, 0x2D, 0x55, 0x6B, 0x55, 0x6B, 0x6D, 0xAD, 0x5E, 0xB6, 0xF4, 0x00, 0x00, 0x00,
  0x00, 0x00, 0x00, 0x0D, 0x2A, 0x90, 0xAA, 0x14, 0x92, 0x42, 0x41, 0x49, 0x20, 0x00, 0x00, 0x00,
  0x00, 0x00, 0x00, 0x00, 0xA4, 0x4A, 0x92, 0xC9, 0x49, 0x29, 0x2A, 0x24, 0x80, 0x00, 0x00, 0x00,
  0x00, 0x00, 0x00, 0x00, 0x00, 0x00, 0x00, 0x00, 0x00, 0x00, 0x00, 0x00, 0x00, 0x00, 0x00, 0x00,
  0x00, 0x00, 0x00, 0x00, 0x00, 0x00, 0x00, 0x00, 0x00, 0x00, 0x00, 0x00, 0x00, 0x00, 0x00, 0x00,
  0x00, 0x00, 0x00, 0x00, 0x00, 0x00, 0x00, 0x00, 0x00, 0x00, 0x00, 0x00, 0x00, 0x00, 0x00, 0x00,
  0x00, 0x00, 0x00, 0x00, 0x00, 0x00, 0x00, 0x00, 0x00, 0x00, 0x00, 0x00, 0x00, 0x00, 0x00, 0x00,
  0x00, 0x00, 0x00, 0x00, 0x00, 0x00, 0x00, 0x00, 0x00, 0x00, 0x00, 0x00, 0x00, 0x00, 0x00, 0x00,
  0x00, 0x00, 0x00, 0x00, 0x00, 0x00, 0x00, 0x00, 0x00, 0x00, 0x00, 0x00, 0x00, 0x00, 0x00, 0x00,
  0x00, 0x00, 0x00, 0x00, 0x00, 0x00, 0x00, 0x00, 0x00, 0x00, 0x00, 0x00, 0x00, 0x00, 0x00, 0x00,
  0x00, 0x00, 0x00, 0x00, 0x00, 0x00, 0x00, 0x00, 0x00, 0x00, 0x00, 0x00, 0x00, 0x00, 0x00, 0x00,
  0x00, 0x00, 0x00, 0x00, 0x00, 0x00, 0x00, 0x00, 0x00, 0x00, 0x00, 0x00, 0x00, 0x00, 0x00, 0x00,
  0x00, 0x00, 0x00, 0x00, 0x00, 0x00, 0x00, 0x00, 0x00, 0x00, 0x00, 0x00, 0x00, 0x00, 0x00, 0x00,
  0x00, 0x00, 0x00, 0x00, 0x00, 0x00, 0x00, 0x00, 0x00, 0x00, 0x00, 0x00, 0x00, 0x00, 0x00, 0x00
};

const unsigned char gif_frame_25[] PROGMEM = {
  0x00, 0x00, 0x00, 0x00, 0x00, 0x00, 0x00, 0x00, 0x00, 0x00, 0x00, 0x00, 0x00, 0x00, 0x00, 0x00,
  0x00, 0x00, 0x00, 0x00, 0x00, 0x00, 0x00, 0x00, 0x00, 0x00, 0x00, 0x00, 0x00, 0x00, 0x00, 0x00,
  0x00, 0x00, 0x00, 0x00, 0x00, 0x00, 0x00, 0x00, 0x00, 0x00, 0x00, 0x00, 0x00, 0x00, 0x00, 0x00,
  0x00, 0x00, 0x00, 0x00, 0x00, 0x00, 0x00, 0x00, 0x00, 0x00, 0x00, 0x00, 0x00, 0x00, 0x00, 0x00,
  0x00, 0x00, 0x00, 0x00, 0x00, 0x00, 0x00, 0x00, 0x00, 0x00, 0x00, 0x00, 0x00, 0x00, 0x00, 0x00,
  0x00, 0x00, 0x00, 0x00, 0x00, 0x00, 0x00, 0x00, 0x00, 0x00, 0x00, 0x00, 0x00, 0x00, 0x00, 0x00,
  0x00, 0x00, 0x00, 0x00, 0x00, 0x00, 0x00, 0x00, 0x00, 0x00, 0x00, 0x00, 0x00, 0x00, 0x00, 0x00,
  0x00, 0x00, 0x00, 0x00, 0x00, 0x00, 0x00, 0x00, 0x00, 0x00, 0x00, 0x00, 0x00, 0x00, 0x00, 0x00,
  0x00, 0x00, 0x00, 0x00, 0x00, 0x00, 0x00, 0x00, 0x00, 0x00, 0x00, 0x00, 0x00, 0x00, 0x00, 0x00,
  0x00, 0x00, 0x00, 0x00, 0x00, 0x00, 0x00, 0x00, 0x00, 0x00, 0x00, 0x00, 0x00, 0x00, 0x00, 0x00,
  0x00, 0x00, 0x00, 0x00, 0x00, 0x00, 0x00, 0x00, 0x00, 0x00, 0x00, 0x00, 0x00, 0x00, 0x00, 0x00,
  0x00, 0x00, 0x00, 0x00, 0x00, 0x00, 0x00, 0x05, 0x20, 0x00, 0x00, 0x00, 0x00, 0x00, 0x00, 0x00,
  0x00, 0x00, 0x00, 0x00, 0x00, 0x00, 0x00, 0x35, 0x54, 0x00, 0x00, 0x00, 0x00, 0x00, 0x00, 0x00,
  0x00, 0x00, 0x00, 0x00, 0x00, 0x00, 0x00, 0xAA, 0xAA, 0x00, 0x00, 0x00, 0x00, 0x15, 0x00, 0x00,
  0x00, 0x2A, 0x00, 0x00, 0x00, 0x00, 0x00, 0xD5, 0x55, 0x00, 0x00, 0x00, 0x00, 0x22, 0x00, 0x00,
  0x00, 0x10, 0x00, 0x00, 0x00, 0x00, 0x01, 0x2A, 0xA2, 0x80, 0x00, 0x00, 0x00, 0x08, 0x00, 0x00,
  0x00, 0x06, 0x00, 0x00, 0x00, 0x00, 0x00, 0x00, 0x08, 0x00, 0x00, 0x00, 0x00, 0x10, 0x00, 0x00,
  0x00, 0x03, 0x00, 0x01, 0x55, 0x55, 0x5B, 0x6D, 0x55, 0x75, 0x55, 0x55, 0x00, 0x30, 0x00, 0x00,
  0x00, 0x01, 0x00, 0x0E, 0xAA, 0xAA, 0xAA, 0xAA, 0xAA, 0x95, 0x55, 0x55, 0x70, 0x10, 0x00, 0x00,
  0x00, 0x00, 0x80, 0x3D, 0x77, 0x77, 0x6F, 0x77, 0xF7, 0xFF, 0xBB, 0xBA, 0xF4, 0x20, 0x00, 0x00,
  0x00, 0x00, 0xC0, 0x47, 0xDF, 0xDF, 0xFD, 0xFE, 0xDE, 0xD6, 0xFF, 0xEF, 0x94, 0x20, 0x00, 0x00,
  0x00, 0x00, 0x40, 0x35, 0xFB, 0x7B, 0x6F, 0xB7, 0xFB, 0xFF, 0xDA, 0xFF, 0xEA, 0x60, 0x00, 0x00,
  0x00, 0x00, 0x30, 0x4B, 0x6F, 0xFF, 0xFB, 0xFD, 0x6F, 0x6D, 0xFF, 0xB6, 0xD4, 0x40, 0x00, 0x00,
  0x00, 0x00, 0x10, 0x2F, 0xFD, 0xAD, 0xBE, 0xD7, 0xFD, 0xFF, 0x6D, 0xFF, 0xD4, 0x40, 0x00, 0x00,
  0x00, 0x00, 0x08, 0x55, 0xB7, 0xF6, 0xAF, 0xBF, 0x6F, 0xB5, 0x5F, 0xAA, 0xEA, 0x40, 0x00, 0x00,
  0x00, 0x00, 0x0C, 0x2B, 0xEE, 0x80, 0x41, 0xFB, 0xFB, 0x40, 0x80, 0xFF, 0xAA, 0xC0, 0x00, 0x00,
  0x00, 0x00, 0x04, 0x56, 0xBA, 0x3F, 0xFC, 0x6E, 0xAE, 0x3F, 0xFD, 0x36, 0xE8, 0x80, 0x00, 0x00,
  0x00, 0x00, 0x02, 0x2B, 0xF1, 0xFF, 0xFF, 0x1F, 0xF8, 0xFF, 0xFF, 0x8F, 0xD5, 0x00, 0x00, 0x00,
  0x00, 0x00, 0x02, 0xAF, 0x67, 0xAF, 0xFF, 0x95, 0xB3, 0xD7, 0xFF, 0xCB, 0x6A, 0xA0, 0x00, 0x00,
  0x00, 0x00, 0x14, 0xA5, 0xC4, 0x03, 0xFF, 0xCF, 0x63, 0x01, 0xFF, 0xE6, 0xD4, 0x94, 0x00, 0x00,
  0x00, 0x00, 0x22, 0x57, 0x4C, 0x41, 0xFF, 0xE5, 0xE6, 0x00, 0xFF, 0xF3, 0xD2, 0x40, 0x00, 0x00,
  0x00, 0x00, 0x49, 0x2B, 0xC9, 0x10, 0xFF, 0xE7, 0x64, 0x54, 0x7F, 0xF3, 0x6A, 0x2A, 0x00, 0x00,
  0x00, 0x00, 0x12, 0x56, 0xCC, 0x05, 0xFF, 0xCB, 0xD6, 0x00, 0xFF, 0xE5, 0xD5, 0x44, 0x00, 0x00,
  0x00, 0x00, 0x44, 0xAB, 0x66, 0x43, 0xFF, 0xCE, 0xE3, 0x03, 0xFF, 0xE7, 0x6A, 0x11, 0x00, 0x00,
  0x00, 0x00, 0x20, 0x4B, 0xD3, 0xFF, 0xFF, 0x9B, 0x71, 0xFF, 0xFF, 0xCD, 0xC8, 0x88, 0x00, 0x00,
  0x00, 0x00, 0x95, 0x2B, 0x74, 0xFF, 0xFE, 0x37, 0xBC, 0xFF, 0xFF, 0x1B, 0x6A, 0x45, 0x00, 0x00,
  0x00, 0x00, 0x00, 0xAB, 0xBA, 0x1F, 0xE8, 0xED, 0xD6, 0x17, 0xF4, 0x77, 0xD5, 0x10, 0x00, 0x00,
  0x00, 0x00, 0x54, 0x56, 0xEF, 0xA0, 0x07, 0xBF, 0x7F, 0xC0, 0x03, 0xDD, 0x64, 0x44, 0x00, 0x00,
  0x00, 0x00, 0x01, 0x27, 0x75, 0xFB, 0xFD, 0x6B, 0xEA, 0xFF, 0xFE, 0xB7, 0xAA, 0x11, 0x00, 0x00,
  0x00, 0x00, 0x24, 0x55, 0xAE, 0xAE, 0xB7, 0xDE, 0xDF, 0x5A, 0xAB, 0xED, 0xD2, 0x40, 0x00, 0x00,
  0x00, 0x00, 0x00, 0x4B, 0x7B, 0xDB, 0xDA, 0xF7, 0xB5, 0xEF, 0xFD, 0x5E, 0xA8, 0x08, 0x00, 0x00,
  0x00, 0x00, 0x09, 0x2B, 0xDD, 0x76, 0xAD, 0x54, 0xDA, 0xB4, 0xAB, 0xF5, 0xD6, 0x80, 0x00, 0x00,
  0x00, 0x00, 0x00, 0x55, 0x6B, 0xB8, 0xA2, 0x85, 0x25, 0x45, 0x3E, 0xAF, 0x62, 0x00, 0x00, 0x00,
  0x00, 0x00, 0x00, 0x27, 0xBE, 0xD5, 0xF7, 0xF7, 0xEF, 0xCF, 0xAB, 0x75, 0xA8, 0x00, 0x00, 0x00,
  0x00, 0x00, 0x00, 0x2A, 0xD5, 0xBC, 0xF7, 0xE7, 0xE7, 0xEF, 0x36, 0xDE, 0xD4, 0x00, 0x00, 0x00,
  0x00, 0x00, 0x00, 0x4B, 0x76, 0xEA, 0x90, 0x29, 0x24, 0x09, 0x2D, 0xB5, 0xAA, 0x00, 0x00, 0x00,
  0x00, 0x00, 0x00, 0x26, 0xDB, 0xB6, 0xDF, 0xD6, 0xDB, 0xF6, 0xF7, 0x6E, 0xD0, 0x00, 0x00, 0x00,
  0x00, 0x00, 0x00, 0x2B, 0x6D, 0x5B, 0x6A, 0xBD, 0xB6, 0xBB, 0xAD, 0xB5, 0xAA, 0x00, 0x00, 0x00,
  0x00, 0x00, 0x00, 0x4A, 0xDB, 0xED, 0xB6, 0xEB, 0x6D, 0xD6, 0xDA, 0xDE, 0xD4, 0x00, 0x00, 0x00,
  0x00, 0x00, 0x00, 0x25, 0xB6, 0xB6, 0xDB, 0x5D, 0xB6, 0xBB, 0x6F, 0x6B, 0x42, 0x00, 0x00, 0x00,
  0x00, 0x00, 0x00, 0x2E, 0xAD, 0x5B, 0x6D, 0xB6, 0xDB, 0x6D, 0x5A, 0xDA, 0xB8, 0x00, 0x00, 0x00,
  0x00, 0x00, 0x00, 0x0C, 0xA2, 0xA4, 0x92, 0x41, 0x24, 0x82, 0xA2, 0x24, 0xE4, 0x00, 0x00, 0x00,
  0x00, 0x00, 0x00, 0x02, 0x54, 0x92, 0x49, 0x2C, 0x92, 0x59, 0x15, 0x52, 0x00, 0x00, 0x00, 0x00,
  0x00, 0x00, 0x00, 0x00, 0x00, 0x00, 0x00, 0x00, 0x00, 0x00, 0x00, 0x00, 0x00, 0x00, 0x00, 0x00,
  0x00, 0x00, 0x00, 0x00, 0x00, 0x00, 0x00, 0x00, 0x00, 0x00, 0x00, 0x00, 0x00, 0x00, 0x00, 0x00,
  0x00, 0x00, 0x00, 0x00, 0x00, 0x00, 0x00, 0x00, 0x00, 0x00, 0x00, 0x00, 0x00, 0x00, 0x00, 0x00,
  0x00, 0x00, 0x00, 0x00, 0x00, 0x00, 0x00, 0x00, 0x00, 0x00, 0x00, 0x00, 0x00, 0x00, 0x00, 0x00,
  0x00, 0x00, 0x00, 0x00, 0x00, 0x00, 0x00, 0x00, 0x00, 0x00, 0x00, 0x00, 0x00, 0x00, 0x00, 0x00,
  0x00, 0x00, 0x00, 0x00, 0x00, 0x00, 0x00, 0x00, 0x00, 0x00, 0x00, 0x00, 0x00, 0x00, 0x00, 0x00,
  0x00, 0x00, 0x00, 0x00, 0x00, 0x00, 0x00, 0x00, 0x00, 0x00, 0x00, 0x00, 0x00, 0x00, 0x00, 0x00,
  0x00, 0x00, 0x00, 0x00, 0x00, 0x00, 0x00, 0x00, 0x00, 0x00, 0x00, 0x00, 0x00, 0x00, 0x00, 0x00,
  0x00, 0x00, 0x00, 0x00, 0x00, 0x00, 0x00, 0x00, 0x00, 0x00, 0x00, 0x00, 0x00, 0x00, 0x00, 0x00,
  0x00, 0x00, 0x00, 0x00, 0x00, 0x00, 0x00, 0x00, 0x00, 0x00, 0x00, 0x00, 0x00, 0x00, 0x00, 0x00,
  0x00, 0x00, 0x00, 0x00, 0x00, 0x00, 0x00, 0x00, 0x00, 0x00, 0x00, 0x00, 0x00, 0x00, 0x00, 0x00
};

const unsigned char gif_frame_26[] PROGMEM = {
  0x00, 0x00, 0x00, 0x00, 0x00, 0x00, 0x00, 0x00, 0x00, 0x00, 0x00, 0x00, 0x00, 0x00, 0x00, 0x00,
  0x00, 0x00, 0x00, 0x00, 0x00, 0x00, 0x00, 0x00, 0x00, 0x00, 0x00, 0x00, 0x00, 0x00, 0x00, 0x00,
  0x00, 0x00, 0x00, 0x00, 0x00, 0x00, 0x00, 0x00, 0x00, 0x00, 0x00, 0x00, 0x00, 0x00, 0x00, 0x00,
  0x00, 0x00, 0x00, 0x00, 0x00, 0x00, 0x00, 0x00, 0x00, 0x00, 0x00, 0x00, 0x00, 0x00, 0x00, 0x00,
  0x00, 0x00, 0x00, 0x00, 0x00, 0x00, 0x00, 0x00, 0x00, 0x00, 0x00, 0x00, 0x00, 0x00, 0x00, 0x00,
  0x00, 0x00, 0x00, 0x00, 0x00, 0x00, 0x00, 0x00, 0x00, 0x00, 0x00, 0x00, 0x00, 0x00, 0x00, 0x00,
  0x00, 0x00, 0x00, 0x00, 0x00, 0x00, 0x00, 0x00, 0x00, 0x00, 0x00, 0x00, 0x00, 0x00, 0x00, 0x00,
  0x00, 0x00, 0x00, 0x00, 0x00, 0x00, 0x00, 0x00, 0x00, 0x00, 0x00, 0x00, 0x00, 0x00, 0x00, 0x00,
  0x00, 0x00, 0x00, 0x00, 0x00, 0x00, 0x00, 0x00, 0x00, 0x00, 0x00, 0x00, 0x00, 0x00, 0x00, 0x00,
  0x00, 0x00, 0x00, 0x00, 0x00, 0x00, 0x00, 0x00, 0x00, 0x00, 0x00, 0x00, 0x00, 0x00, 0x00, 0x00,
  0x00, 0x00, 0x00, 0x00, 0x00, 0x00, 0x00, 0x00, 0x00, 0x00, 0x00, 0x00, 0x00, 0x00, 0x00, 0x00,
  0x00, 0x00, 0x00, 0x00, 0x00, 0x00, 0x00, 0x05, 0x20, 0x00, 0x00, 0x00, 0x00, 0x00, 0x00, 0x00,
  0x00, 0x00, 0x00, 0x00, 0x00, 0x00, 0x00, 0x35, 0x54, 0x00, 0x00, 0x00, 0x00, 0x00, 0x00, 0x00,
  0x00, 0x00, 0x00, 0x00, 0x00, 0x00, 0x00, 0xAA, 0xAA, 0x00, 0x00, 0x00, 0x00, 0x15, 0x00, 0x00,
  0x00, 0x50, 0x00, 0x00, 0x00, 0x00, 0x00, 0xD5, 0x55, 0x00, 0x00, 0x00, 0x00, 0x22, 0x00, 0x00,
  0x00, 0x0A, 0x00, 0x00, 0x00, 0x00, 0x01, 0x2A, 0xA2, 0x80, 0x00, 0x00, 0x00, 0x08, 0x00, 0x00,
  0x00, 0x24, 0x00, 0x00, 0x00, 0x00, 0x00, 0x00, 0x08, 0x00, 0x00, 0x00, 0x00, 0x10, 0x00, 0x00,
  0x00, 0x04, 0x00, 0x01, 0x55, 0x55, 0x5B, 0x6D, 0x55, 0x75, 0x55, 0x55, 0x00, 0x30, 0x00, 0x00,
  0x00, 0x02, 0x00, 0x0E, 0xAA, 0xAA, 0xAA, 0xAA, 0xAA, 0x95, 0x55, 0x55, 0x70, 0x10, 0x00, 0x00,
  0x00, 0x01, 0x00, 0x3D, 0x77, 0x77, 0x6F, 0x77, 0xF7, 0xFF, 0xBB, 0xBA, 0xF4, 0x20, 0x00, 0x00,
  0x00, 0x01, 0x80, 0x27, 0xDF, 0xDF, 0xFD, 0xFE, 0xDE, 0xD6, 0xFF, 0xEF, 0x94, 0x20, 0x00, 0x00,
  0x00, 0x00, 0x40, 0x55, 0xFB, 0x7B, 0x6F, 0xB7, 0xFB, 0xFF, 0xDA, 0xFF, 0xEA, 0x60, 0x00, 0x00,
  0x00, 0x00, 0x60, 0x2B, 0x6F, 0xFF, 0xFB, 0xFD, 0x6F, 0x6D, 0xFF, 0xB6, 0xD4, 0x40, 0x00, 0x00,
  0x00, 0x00, 0x20, 0x57, 0xFD, 0xAD, 0xBE, 0xD7, 0xFD, 0xFF, 0x6D, 0xFF, 0xD4, 0x40, 0x00, 0x00,
  0x00, 0x00, 0x18, 0x2B, 0x5F, 0xF6, 0xAF, 0xBF, 0x6F, 0xB5, 0x5F, 0xAA, 0xEA, 0x40, 0x00, 0x00,
  0x00, 0x00, 0x08, 0x57, 0xF5, 0x00, 0x81, 0xFB, 0xFB, 0x40, 0x80, 0xFF, 0xAA, 0xC0, 0x00, 0x00,
  0x00, 0x00, 0x04, 0x2A, 0xDC, 0x7F, 0xFC, 0x6E, 0xAE, 0x3F, 0xFD, 0x36, 0xE8, 0x80, 0x00, 0x00,
  0x00, 0x00, 0x06, 0x57, 0xF1, 0xFF, 0xFF, 0x1F, 0xF8, 0xFF, 0xFF, 0x8F, 0xD5, 0x00, 0x00, 0x00,
  0x00, 0x00, 0x01, 0x2B, 0x57, 0xAF, 0xFF, 0x95, 0xB3, 0xD7, 0xFF, 0xCB, 0x6A, 0xA0, 0x00, 0x00,
  0x00, 0x00, 0x14, 0xAB, 0xC4, 0x03, 0xFF, 0xCF, 0x63, 0x01, 0xFF, 0xE6, 0xD4, 0x94, 0x00, 0x00,
  0x00, 0x00, 0x49, 0x56, 0xCC, 0x41, 0xFF, 0xE5, 0xE6, 0x00, 0xFF, 0xF3, 0xD2, 0x40, 0x00, 0x00,
  0x00, 0x00, 0x22, 0x2B, 0xA9, 0x08, 0xFF, 0xE7, 0x64, 0x54, 0x7F, 0xF3, 0x6A, 0x2A, 0x00, 0x00,
  0x00, 0x00, 0x14, 0xA6, 0xCC, 0x21, 0xFF, 0xCB, 0xD6, 0x00, 0xFF, 0xE5, 0xD5, 0x44, 0x00, 0x00,
  0x00, 0x00, 0x80, 0x57, 0xC6, 0x07, 0xFF, 0xCE, 0xE3, 0x03, 0xFF, 0xE7, 0x6A, 0x11, 0x00, 0x00,
  0x00, 0x00, 0x55, 0x55, 0x73, 0xFF, 0xFF, 0x9B, 0x71, 0xFF, 0xFF, 0xCD, 0xC8, 0x88, 0x00, 0x00,
  0x00, 0x00, 0x00, 0x4B, 0xD8, 0xFF, 0xFE, 0x37, 0xBC, 0xFF, 0xFF, 0x1B, 0x6A, 0x45, 0x00, 0x00,
  0x00, 0x00, 0x55, 0x2E, 0xED, 0x1F, 0xE8, 0xED, 0xD6, 0x17, 0xF4, 0x77, 0xD5, 0x10, 0x00, 0x00,
  0x00, 0x00, 0x00, 0x53, 0x77, 0x40, 0x07, 0xBF, 0x7F, 0xC0, 0x03, 0xDD, 0x64, 0x44, 0x00, 0x00,
  0x00, 0x00, 0x52, 0x4D, 0xBD, 0xFD, 0xFD, 0x6B, 0xEA, 0xFF, 0xFE, 0xB7, 0xAA, 0x11, 0x00, 0x00,
  0x00, 0x00, 0x01, 0x27, 0xD7, 0x57, 0x57, 0xDF, 0xBF, 0x5A, 0xAB, 0xED, 0xD2, 0x40, 0x00, 0x00,
  0x00, 0x00, 0x14, 0x55, 0x7A, 0xFD, 0xFA, 0xF5, 0x6A, 0xEF, 0xFD, 0x5E, 0xA8, 0x08, 0x00, 0x00,
  0x00, 0x00, 0x00, 0x57, 0xAF, 0xAB, 0x2D, 0x56, 0xB5, 0xB4, 0xAB, 0xF5, 0xD6, 0x80, 0x00, 0x00,
  0x00, 0x00, 0x00, 0x25, 0x75, 0x7C, 0xA2, 0x85, 0x45, 0x45, 0x3E, 0xAF, 0x62, 0x00, 0x00, 0x00,
  0x00, 0x00, 0x00, 0x56, 0xDF, 0xA9, 0xF7, 0xF7, 0xEF, 0xCF, 0xAB, 0x75, 0xA8, 0x00, 0x00, 0x00,
  0x00, 0x00, 0x00, 0x25, 0xB5, 0x74, 0xF3, 0xE7, 0xE7, 0xEF, 0x36, 0xDE, 0xD4, 0x00, 0x00, 0x00,
  0x00, 0x00, 0x00, 0x57, 0x6D, 0xDD, 0x12, 0x28, 0x28, 0x09, 0x2D, 0xB5, 0xAA, 0x00, 0x00, 0x00,
  0x00, 0x00, 0x00, 0x12, 0xDB, 0x6B, 0xED, 0xD7, 0xD7, 0xF6, 0xF7, 0x6E, 0xD0, 0x00, 0x00, 0x00,
  0x00, 0x00, 0x00, 0x4F, 0x76, 0xBD, 0x5B, 0x7D, 0x7A, 0xBB, 0xAD, 0xB5, 0xAA, 0x00, 0x00, 0x00,
  0x00, 0x00, 0x00, 0x22, 0xDB, 0xD6, 0xED, 0xAB, 0xAF, 0xD6, 0xDB, 0x6E, 0xD4, 0x00, 0x00, 0x00,
  0x00, 0x00, 0x00, 0x55, 0xB6, 0xBB, 0x5B, 0x76, 0xD5, 0x6D, 0x6D, 0xBB, 0x42, 0x00, 0x00, 0x00,
  0x00, 0x00, 0x00, 0x1E, 0xAD, 0xD5, 0xB6, 0xDB, 0x7A, 0xB6, 0xB6, 0xD5, 0x78, 0x00, 0x00, 0x00,
  0x00, 0x00, 0x00, 0x0A, 0x52, 0x24, 0x49, 0x04, 0x05, 0x49, 0x49, 0x24, 0xA4, 0x00, 0x00, 0x00,
  0x00, 0x00, 0x00, 0x01, 0x29, 0x52, 0xA4, 0xB2, 0xD2, 0x24, 0xA4, 0x92, 0x40, 0x00, 0x00, 0x00,
  0x00, 0x00, 0x00, 0x00, 0x00, 0x00, 0x00, 0x00, 0x00, 0x00, 0x00, 0x00, 0x00, 0x00, 0x00, 0x00,
  0x00, 0x00, 0x00, 0x00, 0x00, 0x00, 0x00, 0x00, 0x00, 0x00, 0x00, 0x00, 0x00, 0x00, 0x00, 0x00,
  0x00, 0x00, 0x00, 0x00, 0x00, 0x00, 0x00, 0x00, 0x00, 0x00, 0x00, 0x00, 0x00, 0x00, 0x00, 0x00,
  0x00, 0x00, 0x00, 0x00, 0x00, 0x00, 0x00, 0x00, 0x00, 0x00, 0x00, 0x00, 0x00, 0x00, 0x00, 0x00,
  0x00, 0x00, 0x00, 0x00, 0x00, 0x00, 0x00, 0x00, 0x00, 0x00, 0x00, 0x00, 0x00, 0x00, 0x00, 0x00,
  0x00, 0x00, 0x00, 0x00, 0x00, 0x00, 0x00, 0x00, 0x00, 0x00, 0x00, 0x00, 0x00, 0x00, 0x00, 0x00,
  0x00, 0x00, 0x00, 0x00, 0x00, 0x00, 0x00, 0x00, 0x00, 0x00, 0x00, 0x00, 0x00, 0x00, 0x00, 0x00,
  0x00, 0x00, 0x00, 0x00, 0x00, 0x00, 0x00, 0x00, 0x00, 0x00, 0x00, 0x00, 0x00, 0x00, 0x00, 0x00,
  0x00, 0x00, 0x00, 0x00, 0x00, 0x00, 0x00, 0x00, 0x00, 0x00, 0x00, 0x00, 0x00, 0x00, 0x00, 0x00,
  0x00, 0x00, 0x00, 0x00, 0x00, 0x00, 0x00, 0x00, 0x00, 0x00, 0x00, 0x00, 0x00, 0x00, 0x00, 0x00,
  0x00, 0x00, 0x00, 0x00, 0x00, 0x00, 0x00, 0x00, 0x00, 0x00, 0x00, 0x00, 0x00, 0x00, 0x00, 0x00
};

const unsigned char gif_frame_27[] PROGMEM = {
  0x00, 0x00, 0x00, 0x00, 0x00, 0x00, 0x00, 0x00, 0x00, 0x00, 0x00, 0x00, 0x00, 0x00, 0x00, 0x00,
  0x00, 0x00, 0x00, 0x00, 0x00, 0x00, 0x00, 0x00, 0x00, 0x00, 0x00, 0x00, 0x00, 0x00, 0x00, 0x00,
  0x00, 0x00, 0x00, 0x00, 0x00, 0x00, 0x00, 0x00, 0x00, 0x00, 0x00, 0x00, 0x00, 0x00, 0x00, 0x00,
  0x00, 0x00, 0x00, 0x00, 0x00, 0x00, 0x00, 0x00, 0x00, 0x00, 0x00, 0x00, 0x00, 0x00, 0x00, 0x00,
  0x00, 0x00, 0x00, 0x00, 0x00, 0x00, 0x00, 0x00, 0x00, 0x00, 0x00, 0x00, 0x00, 0x00, 0x00, 0x00,
  0x00, 0x00, 0x00, 0x00, 0x00, 0x00, 0x00, 0x00, 0x00, 0x00, 0x00, 0x00, 0x00, 0x00, 0x00, 0x00,
  0x00, 0x00, 0x00, 0x00, 0x00, 0x00, 0x00, 0x00, 0x00, 0x00, 0x00, 0x00, 0x00, 0x00, 0x00, 0x00,
  0x00, 0x00, 0x00, 0x00, 0x00, 0x00, 0x00, 0x00, 0x00, 0x00, 0x00, 0x00, 0x00, 0x00, 0x00, 0x00,
  0x00, 0x00, 0x00, 0x00, 0x00, 0x00, 0x00, 0x00, 0x00, 0x00, 0x00, 0x00, 0x00, 0x00, 0x00, 0x00,
  0x00, 0x00, 0x00, 0x00, 0x00, 0x00, 0x00, 0x00, 0x00, 0x00, 0x00, 0x00, 0x00, 0x00, 0x00, 0x00,
  0x00, 0x00, 0x00, 0x00, 0x00, 0x00, 0x00, 0x00, 0x00, 0x00, 0x00, 0x00, 0x00, 0x00, 0x00, 0x00,
  0x00, 0x00, 0x00, 0x00, 0x00, 0x00, 0x00, 0x05, 0x20, 0x00, 0x00, 0x00, 0x00, 0x00, 0x00, 0x00,
  0x00, 0x00, 0x00, 0x00, 0x00, 0x00, 0x00, 0x35, 0x54, 0x00, 0x00, 0x00, 0x00, 0x00, 0x00, 0x00,
  0x00, 0x00, 0x00, 0x00, 0x00, 0x00, 0x00, 0xAA, 0xAA, 0x00, 0x00, 0x00, 0x00, 0x15, 0x00, 0x00,
  0x00, 0x50, 0x00, 0x00, 0x00, 0x00, 0x00, 0xD5, 0x55, 0x00, 0x00, 0x00, 0x00, 0x22, 0x00, 0x00,
  0x00, 0x84, 0x00, 0x00, 0x00, 0x00, 0x01, 0x2A, 0xA2, 0x80, 0x00, 0x00, 0x00, 0x08, 0x00, 0x00,
  0x00, 0x28, 0x00, 0x00, 0x00, 0x00, 0x00, 0x00, 0x08, 0x00, 0x00, 0x00, 0x00, 0x10, 0x00, 0x00,
  0x00, 0x04, 0x00, 0x01, 0x55, 0x55, 0x5B, 0x6D, 0x55, 0x75, 0x55, 0x55, 0x00, 0x30, 0x00, 0x00,
  0x00, 0x06, 0x00, 0x0E, 0xAA, 0xAA, 0xAA, 0xAA, 0xAA, 0x95, 0x55, 0x55, 0x70, 0x10, 0x00, 0x00,
  0x00, 0x01, 0x00, 0x3D, 0x77, 0x77, 0x6F, 0x77, 0xF7, 0xFF, 0xBB, 0xBA, 0xF4, 0x20, 0x00, 0x00,
  0x00, 0x01, 0x80, 0x27, 0xDF, 0xDF, 0xFD, 0xFE, 0xDE, 0xD6, 0xFF, 0xEF, 0x94, 0x20, 0x00, 0x00,
  0x00, 0x00, 0x80, 0x55, 0xFB, 0x7B, 0x6F, 0xB7, 0xFB, 0xFF, 0xDA, 0xFF, 0xEA, 0x60, 0x00, 0x00,
  0x00, 0x00, 0x40, 0x2B, 0x6F, 0xFF, 0xFB, 0xFD, 0x6F, 0x6D, 0xFF, 0xB6, 0xD4, 0x40, 0x00, 0x00,
  0x00, 0x00, 0x30, 0x57, 0xFD, 0xAD, 0xBE, 0xD7, 0xFD, 0xFF, 0x6D, 0xFF, 0xD4, 0x40, 0x00, 0x00,
  0x00, 0x00, 0x10, 0x2B, 0x5F, 0xF6, 0xAF, 0xBF, 0x6F, 0xB5, 0x5F, 0xAA, 0xEA, 0x40, 0x00, 0x00,
  0x00, 0x00, 0x08, 0x57, 0xF5, 0x00, 0x81, 0xFB, 0xFB, 0x40, 0x80, 0xFF, 0xAA, 0xC0, 0x00, 0x00,
  0x00, 0x00, 0x0C, 0x2A, 0xDC, 0x7F, 0xFC, 0x6E, 0xAE, 0x3F, 0xFD, 0x36, 0xE8, 0x80, 0x00, 0x00,
  0x00, 0x00, 0x02, 0x57, 0xF1, 0xFF, 0xFF, 0x1F, 0xF8, 0xFF, 0xFF, 0x8F, 0xD5, 0x00, 0x00, 0x00,
  0x00, 0x00, 0x05, 0x2B, 0x57, 0xAF, 0xFF, 0x95, 0xB3, 0xD7, 0xFF, 0xCB, 0x6A, 0xA0, 0x00, 0x00,
  0x00, 0x00, 0x10, 0xAB, 0xC4, 0x03, 0xFF, 0xCF, 0x63, 0x01, 0xFF, 0xE6, 0xD4, 0x94, 0x00, 0x00,
  0x00, 0x00, 0x25, 0x56, 0xCC, 0x41, 0xFF, 0xE5, 0xE6, 0x00, 0xFF, 0xF3, 0xD2, 0x40, 0x00, 0x00,
  0x00, 0x00, 0x48, 0x4B, 0xA9, 0x08, 0xFF, 0xE7, 0x64, 0x54, 0x7F, 0xF3, 0x6A, 0x2A, 0x00, 0x00,
  0x00, 0x00, 0x12, 0xAB, 0xCC, 0x21, 0xFF, 0xCB, 0xD6, 0x00, 0xFF, 0xE5, 0xD5, 0x44, 0x00, 0x00,
  0x00, 0x00, 0x44, 0x56, 0xA6, 0x07, 0xFF, 0xCE, 0xE3, 0x03, 0xFF, 0xE7, 0x6A, 0x11, 0x00, 0x00,
  0x00, 0x00, 0x21, 0x2B, 0xE3, 0xFF, 0xFF, 0x9B, 0x71, 0xFF, 0xFF, 0xCD, 0xC8, 0x88, 0x00, 0x00,
  0x00, 0x00, 0x8A, 0x56, 0xB9, 0xFF, 0xFE, 0x37, 0xBC, 0xFF, 0xFF, 0x1B, 0x6A, 0x45, 0x00, 0x00,
  0x00, 0x00, 0x20, 0x4B, 0xEC, 0x1F, 0xE8, 0xED, 0xD6, 0x17, 0xF4, 0x77, 0xD5, 0x10, 0x00, 0x00,
  0x00, 0x00, 0x0A, 0x56, 0xBF, 0xA0, 0x07, 0xBF, 0x7F, 0xC0, 0x03, 0xDD, 0x64, 0x44, 0x00, 0x00,
  0x00, 0x00, 0x40, 0xA5, 0xD5, 0xDD, 0xFD, 0x6B, 0xEA, 0xFF, 0xFE, 0xB7, 0xAA, 0x11, 0x00, 0x00,
  0x00, 0x00, 0x12, 0x2B, 0x7E, 0xB7, 0x57, 0xDF, 0xBF, 0x5A, 0xAB, 0xED, 0xD2, 0x40, 0x00, 0x00,
  0x00, 0x00, 0x00, 0x57, 0xAB, 0xED, 0xFA, 0xF5, 0x6A, 0xEF, 0xFD, 0x5E, 0xA8, 0x08, 0x00, 0x00,
  0x00, 0x00, 0x14, 0x95, 0x7D, 0x5E, 0x96, 0x9A, 0xD7, 0x5A, 0x57, 0xF5, 0xD6, 0x80, 0x00, 0x00,
  0x00, 0x00, 0x00, 0x4B, 0xD7, 0xF4, 0x51, 0x45, 0x24, 0xA5, 0x3A, 0xAF, 0x62, 0x00, 0x00, 0x00,
  0x00, 0x00, 0x00, 0x26, 0xBA, 0xAD, 0xF7, 0xF7, 0xEF, 0xCF, 0xAF, 0x75, 0xA8, 0x00, 0x00, 0x00,
  0x00, 0x00, 0x00, 0x2B, 0x6E, 0xD9, 0xF3, 0xE7, 0xE7, 0xEF, 0x35, 0xBE, 0xD4, 0x00, 0x00, 0x00,
  0x00, 0x00, 0x00, 0x55, 0xDB, 0x74, 0x14, 0x92, 0x48, 0x44, 0xAE, 0xD5, 0xAA, 0x00, 0x00, 0x00,
  0x00, 0x00, 0x00, 0x16, 0xB5, 0xAF, 0xEB, 0x6D, 0xB7, 0xBB, 0x75, 0xB6, 0xD0, 0x00, 0x00, 0x00,
  0x00, 0x00, 0x00, 0x4B, 0xDE, 0xFA, 0xBD, 0xBB, 0x6D, 0xD6, 0xDE, 0xDB, 0x6A, 0x00, 0x00, 0x00,
  0x00, 0x00, 0x00, 0x25, 0x6B, 0x57, 0x6B, 0x6D, 0xBA, 0xBB, 0x6B, 0x6D, 0xA4, 0x00, 0x00, 0x00,
  0x00, 0x00, 0x00, 0x2A, 0xBB, 0xBA, 0xDD, 0xB6, 0xD7, 0xD6, 0xDB, 0xB7, 0x52, 0x00, 0x00, 0x00,
  0x00, 0x00, 0x00, 0x2E, 0xD5, 0x57, 0x6A, 0xDB, 0x6D, 0x5B, 0x6C, 0xDA, 0xB4, 0x00, 0x00, 0x00,
  0x00, 0x00, 0x00, 0x0A, 0x2A, 0x48, 0x8A, 0x24, 0x92, 0x48, 0x92, 0x24, 0xE8, 0x00, 0x00, 0x00,
  0x00, 0x00, 0x00, 0x01, 0x45, 0x55, 0x25, 0x52, 0x49, 0x25, 0x49, 0x92, 0x00, 0x00, 0x00, 0x00,
  0x00, 0x00, 0x00, 0x00, 0x00, 0x00, 0x00, 0x00, 0x00, 0x00, 0x00, 0x00, 0x00, 0x00, 0x00, 0x00,
  0x00, 0x00, 0x00, 0x00, 0x00, 0x00, 0x00, 0x00, 0x00, 0x00, 0x00, 0x00, 0x00, 0x00, 0x00, 0x00,
  0x00, 0x00, 0x00, 0x00, 0x00, 0x00, 0x00, 0x00, 0x00, 0x00, 0x00, 0x00, 0x00, 0x00, 0x00, 0x00,
  0x00, 0x00, 0x00, 0x00, 0x00, 0x00, 0x00, 0x00, 0x00, 0x00, 0x00, 0x00, 0x00, 0x00, 0x00, 0x00,
  0x00, 0x00, 0x00, 0x00, 0x00, 0x00, 0x00, 0x00, 0x00, 0x00, 0x00, 0x00, 0x00, 0x00, 0x00, 0x00,
  0x00, 0x00, 0x00, 0x00, 0x00, 0x00, 0x00, 0x00, 0x00, 0x00, 0x00, 0x00, 0x00, 0x00, 0x00, 0x00,
  0x00, 0x00, 0x00, 0x00, 0x00, 0x00, 0x00, 0x00, 0x00, 0x00, 0x00, 0x00, 0x00, 0x00, 0x00, 0x00,
  0x00, 0x00, 0x00, 0x00, 0x00, 0x00, 0x00, 0x00, 0x00, 0x00, 0x00, 0x00, 0x00, 0x00, 0x00, 0x00,
  0x00, 0x00, 0x00, 0x00, 0x00, 0x00, 0x00, 0x00, 0x00, 0x00, 0x00, 0x00, 0x00, 0x00, 0x00, 0x00,
  0x00, 0x00, 0x00, 0x00, 0x00, 0x00, 0x00, 0x00, 0x00, 0x00, 0x00, 0x00, 0x00, 0x00, 0x00, 0x00,
  0x00, 0x00, 0x00, 0x00, 0x00, 0x00, 0x00, 0x00, 0x00, 0x00, 0x00, 0x00, 0x00, 0x00, 0x00, 0x00
};

const unsigned char gif_frame_28[] PROGMEM = {
  0x00, 0x00, 0x00, 0x00, 0x00, 0x00, 0x00, 0x00, 0x00, 0x00, 0x00, 0x00, 0x00, 0x00, 0x00, 0x00,
  0x00, 0x00, 0x00, 0x00, 0x00, 0x00, 0x00, 0x00, 0x00, 0x00, 0x00, 0x00, 0x00, 0x00, 0x00, 0x00,
  0x00, 0x00, 0x00, 0x00, 0x00, 0x00, 0x00, 0x00, 0x00, 0x00, 0x00, 0x00, 0x00, 0x00, 0x00, 0x00,
  0x00, 0x00, 0x00, 0x00, 0x00, 0x00, 0x00, 0x00, 0x00, 0x00, 0x00, 0x00, 0x00, 0x00, 0x00, 0x00,
  0x00, 0x00, 0x00, 0x00, 0x00, 0x00, 0x00, 0x00, 0x00, 0x00, 0x00, 0x00, 0x00, 0x00, 0x00, 0x00,
  0x00, 0x00, 0x00, 0x00, 0x00, 0x00, 0x00, 0x00, 0x00, 0x00, 0x00, 0x00, 0x00, 0x00, 0x00, 0x00,
  0x00, 0x00, 0x00, 0x00, 0x00, 0x00, 0x00, 0x00, 0x00, 0x00, 0x00, 0x00, 0x00, 0x00, 0x00, 0x00,
  0x00, 0x00, 0x00, 0x00, 0x00, 0x00, 0x00, 0x00, 0x00, 0x00, 0x00, 0x00, 0x00, 0x00, 0x00, 0x00,
  0x00, 0x00, 0x00, 0x00, 0x00, 0x00, 0x00, 0x00, 0x00, 0x00, 0x00, 0x00, 0x00, 0x00, 0x00, 0x00,
  0x00, 0x00, 0x00, 0x00, 0x00, 0x00, 0x00, 0x00, 0x00, 0x00, 0x00, 0x00, 0x00, 0x00, 0x00, 0x00,
  0x00, 0x00, 0x00, 0x00, 0x00, 0x00, 0x00, 0x00, 0x00, 0x00, 0x00, 0x00, 0x00, 0x00, 0x00, 0x00,
  0x00, 0x00, 0x00, 0x00, 0x00, 0x00, 0x00, 0x05, 0x20, 0x00, 0x00, 0x00, 0x00, 0x00, 0x00, 0x00,
  0x00, 0x00, 0x00, 0x00, 0x00, 0x00, 0x00, 0x35, 0x54, 0x00, 0x00, 0x00, 0x00, 0x00, 0x00, 0x00,
  0x00, 0x00, 0x00, 0x00, 0x00, 0x00, 0x00, 0xAA, 0xAA, 0x00, 0x00, 0x00, 0x00, 0x15, 0x00, 0x00,
  0x00, 0x50, 0x00, 0x00, 0x00, 0x00, 0x00, 0xD5, 0x55, 0x00, 0x00, 0x00, 0x00, 0x22, 0x00, 0x00,
  0x00, 0x84, 0x00, 0x00, 0x00, 0x00, 0x01, 0x2A, 0xA2, 0x80, 0x00, 0x00, 0x00, 0x08, 0x00, 0x00,
  0x00, 0x28, 0x00, 0x00, 0x00, 0x00, 0x00, 0x00, 0x08, 0x00, 0x00, 0x00, 0x00, 0x10, 0x00, 0x00,
  0x00, 0x04, 0x00, 0x01, 0x55, 0x55, 0x5B, 0x6D, 0x55, 0x75, 0x55, 0x55, 0x00, 0x30, 0x00, 0x00,
  0x00, 0x06, 0x00, 0x0E, 0xAA, 0xAA, 0xAA, 0xAA, 0xAA, 0x95, 0x55, 0x55, 0x70, 0x10, 0x00, 0x00,
  0x00, 0x01, 0x00, 0x3D, 0x77, 0x77, 0x6F, 0x77, 0xF7, 0xFF, 0xBB, 0xBA, 0xF4, 0x20, 0x00, 0x00,
  0x00, 0x01, 0x00, 0x27, 0xDF, 0xDF, 0xFD, 0xFE, 0xDE, 0xD6, 0xFF, 0xEF, 0x94, 0x20, 0x00, 0x00,
  0x00, 0x00, 0xC0, 0x55, 0xFB, 0x7B, 0x6F, 0xB7, 0xFB, 0xFF, 0xDA, 0xFF, 0xEA, 0x60, 0x00, 0x00,
  0x00, 0x00, 0x40, 0x2B, 0x6F, 0xFF, 0xFB, 0xFD, 0x6F, 0x6D, 0xFF, 0xB6, 0xD4, 0x40, 0x00, 0x00,
  0x00, 0x00, 0x20, 0x57, 0xFD, 0xAD, 0xBE, 0xD7, 0xFD, 0xFF, 0x6D, 0xFF, 0xD4, 0x40, 0x00, 0x00,
  0x00, 0x00, 0x10, 0x2B, 0x5F, 0xF6, 0xAF, 0xBF, 0x6F, 0xB5, 0x5F, 0xAA, 0xEA, 0x40, 0x00, 0x00,
  0x00, 0x00, 0x18, 0x57, 0xF5, 0x00, 0x81, 0xFB, 0xFB, 0x40, 0x80, 0xFF, 0xAA, 0xC0, 0x00, 0x00,
  0x00, 0x00, 0x04, 0x2A, 0xDC, 0x7F, 0xFC, 0x6E, 0xAE, 0x3F, 0xFD, 0x36, 0xE8, 0x80, 0x00, 0x00,
  0x00, 0x00, 0x06, 0x57, 0xF1, 0xFF, 0xFF, 0x1F, 0xF8, 0xFF, 0xFF, 0x8F, 0xD5, 0x00, 0x00, 0x00,
  0x00, 0x00, 0x02, 0x56, 0xA7, 0xAF, 0xFF, 0x95, 0xB3, 0xD7, 0xFF, 0xCB, 0x6A, 0xA0, 0x00, 0x00,
  0x00, 0x00, 0x14, 0xAB, 0xCC, 0x03, 0xFF, 0xCF, 0x63, 0x01, 0xFF, 0xE6, 0xD4, 0x94, 0x00, 0x00,
  0x00, 0x00, 0x49, 0x26, 0xC9, 0x01, 0xFF, 0xE5, 0xE6, 0x00, 0xFF, 0xF3, 0xD2, 0x40, 0x00, 0x00,
  0x00, 0x00, 0x22, 0x57, 0xAC, 0x28, 0xFF, 0xE7, 0x64, 0x54, 0x7F, 0xF3, 0x6A, 0x2A, 0x00, 0x00,
  0x00, 0x00, 0x10, 0xAA, 0xC8, 0x81, 0xFF, 0xCB, 0xD6, 0x00, 0xFF, 0xE5, 0xD5, 0x44, 0x00, 0x00,
  0x00, 0x00, 0x8A, 0x57, 0xC6, 0x07, 0xFF, 0xCE, 0xE3, 0x03, 0xFF, 0xE7, 0x6A, 0x11, 0x00, 0x00,
  0x00, 0x00, 0x41, 0x25, 0x73, 0xFF, 0xFF, 0x9B, 0x71, 0xFF, 0xFF, 0xCD, 0xC8, 0x88, 0x00, 0x00,
  0x00, 0x00, 0x28, 0x97, 0xD9, 0xFF, 0xFE, 0x37, 0xBC, 0xFF, 0xFF, 0x1B, 0x6A, 0x45, 0x00, 0x00,
  0x00, 0x00, 0x04, 0x55, 0x6C, 0x1F, 0xE8, 0xED, 0xD6, 0x17, 0xF4, 0x77, 0xD5, 0x10, 0x00, 0x00,
  0x00, 0x00, 0x51, 0x57, 0xFB, 0xA0, 0x07, 0xBF, 0x7F, 0xC0, 0x03, 0xDD, 0x64, 0x44, 0x00, 0x00,
  0x00, 0x00, 0x04, 0x25, 0x56, 0xFB, 0xFD, 0x6B, 0xEA, 0xFF, 0xFE, 0xB7, 0xAA, 0x11, 0x00, 0x00,
  0x00, 0x00, 0x40, 0xAB, 0xFF, 0xAE, 0xAB, 0xDF, 0xBF, 0x5A, 0xAB, 0xED, 0xD2, 0x40, 0x00, 0x00,
  0x00, 0x00, 0x12, 0x56, 0xAA, 0xF7, 0xFE, 0xF5, 0x6A, 0xEF, 0xFD, 0x5E, 0xA8, 0x08, 0x00, 0x00,
  0x00, 0x00, 0x00, 0x27, 0x77, 0x5A, 0x4A, 0x9A, 0xD7, 0x5A, 0x57, 0xF5, 0xD6, 0x80, 0x00, 0x00,
  0x00, 0x00, 0x00, 0x55, 0xDD, 0xEC, 0xA2, 0xA5, 0x24, 0xA5, 0x3A, 0xAF, 0x62, 0x00, 0x00, 0x00,
  0x00, 0x00, 0x00, 0x26, 0xB6, 0xB5, 0xF7, 0xE7, 0xEF, 0xCF, 0xAF, 0x75, 0xA8, 0x00, 0x00, 0x00,
  0x00, 0x00, 0x00, 0x55, 0xDB, 0xDC, 0xF7, 0xF7, 0xE7, 0xEF, 0x35, 0xBE, 0xD4, 0x00, 0x00, 0x00,
  0x00, 0x00, 0x00, 0x26, 0xED, 0x6A, 0x40, 0x22, 0x48, 0x44, 0xAE, 0xD5, 0xAA, 0x00, 0x00, 0x00,
  0x00, 0x00, 0x00, 0x55, 0xB7, 0x77, 0xBF, 0xDD, 0xB7, 0xBB, 0x75, 0xB6, 0xD0, 0x00, 0x00, 0x00,
  0x00, 0x00, 0x00, 0x16, 0xDA, 0xDA, 0xD5, 0x6B, 0x6D, 0xD6, 0xDE, 0xDB, 0x6A, 0x00, 0x00, 0x00,
  0x00, 0x00, 0x00, 0x4B, 0x6F, 0x6D, 0x7B, 0xBD, 0xBA, 0xBB, 0x6B, 0x6D, 0xA4, 0x00, 0x00, 0x00,
  0x00, 0x00, 0x00, 0x22, 0xDA, 0xB7, 0xAD, 0x6B, 0x6F, 0x6D, 0xB5, 0xB7, 0x52, 0x00, 0x00, 0x00,
  0x00, 0x00, 0x00, 0x2E, 0xAB, 0xDA, 0xD6, 0xD6, 0xD5, 0xB6, 0xDE, 0xDA, 0xB4, 0x00, 0x00, 0x00,
  0x00, 0x00, 0x00, 0x16, 0x54, 0x24, 0x29, 0x29, 0x28, 0x49, 0x21, 0x24, 0xE8, 0x00, 0x00, 0x00,
  0x00, 0x00, 0x00, 0x01, 0x22, 0x92, 0xA4, 0x94, 0x95, 0x24, 0x94, 0x92, 0x00, 0x00, 0x00, 0x00,
  0x00, 0x00, 0x00, 0x00, 0x00, 0x00, 0x00, 0x00, 0x00, 0x00, 0x00, 0x00, 0x00, 0x00, 0x00, 0x00,
  0x00, 0x00, 0x00, 0x00, 0x00, 0x00, 0x00, 0x00, 0x00, 0x00, 0x00, 0x00, 0x00, 0x00, 0x00, 0x00,
  0x00, 0x00, 0x00, 0x00, 0x00, 0x00, 0x00, 0x00, 0x00, 0x00, 0x00, 0x00, 0x00, 0x00, 0x00, 0x00,
  0x00, 0x00, 0x00, 0x00, 0x00, 0x00, 0x00, 0x00, 0x00, 0x00, 0x00, 0x00, 0x00, 0x00, 0x00, 0x00,
  0x00, 0x00, 0x00, 0x00, 0x00, 0x00, 0x00, 0x00, 0x00, 0x00, 0x00, 0x00, 0x00, 0x00, 0x00, 0x00,
  0x00, 0x00, 0x00, 0x00, 0x00, 0x00, 0x00, 0x00, 0x00, 0x00, 0x00, 0x00, 0x00, 0x00, 0x00, 0x00,
  0x00, 0x00, 0x00, 0x00, 0x00, 0x00, 0x00, 0x00, 0x00, 0x00, 0x00, 0x00, 0x00, 0x00, 0x00, 0x00,
  0x00, 0x00, 0x00, 0x00, 0x00, 0x00, 0x00, 0x00, 0x00, 0x00, 0x00, 0x00, 0x00, 0x00, 0x00, 0x00,
  0x00, 0x00, 0x00, 0x00, 0x00, 0x00, 0x00, 0x00, 0x00, 0x00, 0x00, 0x00, 0x00, 0x00, 0x00, 0x00,
  0x00, 0x00, 0x00, 0x00, 0x00, 0x00, 0x00, 0x00, 0x00, 0x00, 0x00, 0x00, 0x00, 0x00, 0x00, 0x00,
  0x00, 0x00, 0x00, 0x00, 0x00, 0x00, 0x00, 0x00, 0x00, 0x00, 0x00, 0x00, 0x00, 0x00, 0x00, 0x00
};

const unsigned char gif_frame_29[] PROGMEM = {
  0x00, 0x00, 0x00, 0x00, 0x00, 0x00, 0x00, 0x00, 0x00, 0x00, 0x00, 0x00, 0x00, 0x00, 0x00, 0x00,
  0x00, 0x00, 0x00, 0x00, 0x00, 0x00, 0x00, 0x00, 0x00, 0x00, 0x00, 0x00, 0x00, 0x00, 0x00, 0x00,
  0x00, 0x00, 0x00, 0x00, 0x00, 0x00, 0x00, 0x00, 0x00, 0x00, 0x00, 0x00, 0x00, 0x00, 0x00, 0x00,
  0x00, 0x00, 0x00, 0x00, 0x00, 0x00, 0x00, 0x00, 0x00, 0x00, 0x00, 0x00, 0x00, 0x00, 0x00, 0x00,
  0x00, 0x00, 0x00, 0x00, 0x00, 0x00, 0x00, 0x00, 0x00, 0x00, 0x00, 0x00, 0x00, 0x00, 0x00, 0x00,
  0x00, 0x00, 0x00, 0x00, 0x00, 0x00, 0x00, 0x00, 0x00, 0x00, 0x00, 0x00, 0x00, 0x00, 0x00, 0x00,
  0x00, 0x00, 0x00, 0x00, 0x00, 0x00, 0x00, 0x00, 0x00, 0x00, 0x00, 0x00, 0x00, 0x00, 0x00, 0x00,
  0x00, 0x00, 0x00, 0x00, 0x00, 0x00, 0x00, 0x00, 0x00, 0x00, 0x00, 0x00, 0x00, 0x00, 0x00, 0x00,
  0x00, 0x00, 0x00, 0x00, 0x00, 0x00, 0x00, 0x00, 0x00, 0x00, 0x00, 0x00, 0x00, 0x00, 0x00, 0x00,
  0x00, 0x00, 0x00, 0x00, 0x00, 0x00, 0x00, 0x00, 0x00, 0x00, 0x00, 0x00, 0x00, 0x00, 0x00, 0x00,
  0x00, 0x00, 0x00, 0x00, 0x00, 0x00, 0x00, 0x00, 0x00, 0x00, 0x00, 0x00, 0x00, 0x00, 0x00, 0x00,
  0x00, 0x00, 0x00, 0x00, 0x00, 0x00, 0x00, 0x05, 0x20, 0x00, 0x00, 0x00, 0x00, 0x00, 0x00, 0x00,
  0x00, 0x00, 0x00, 0x00, 0x00, 0x00, 0x00, 0x35, 0x54, 0x00, 0x00, 0x00, 0x00, 0x00, 0x00, 0x00,
  0x00, 0x04, 0x00, 0x00, 0x00, 0x00, 0x00, 0xAA, 0xAA, 0x00, 0x00, 0x00, 0x00, 0x15, 0x00, 0x00,
  0x00, 0x29, 0x00, 0x00, 0x00, 0x00, 0x00, 0xD5, 0x55, 0x00, 0x00, 0x00, 0x00, 0x22, 0x00, 0x00,
  0x00, 0x04, 0x00, 0x00, 0x00, 0x00, 0x01, 0x2A, 0xA2, 0x80, 0x00, 0x00, 0x00, 0x08, 0x00, 0x00,
  0x00, 0x02, 0x00, 0x00, 0x00, 0x00, 0x00, 0x00, 0x08, 0x00, 0x00, 0x00, 0x00, 0x10, 0x00, 0x00,
  0x00, 0x01, 0x80, 0x01, 0x55, 0x55, 0x5B, 0x6D, 0x55, 0x75, 0x55, 0x55, 0x00, 0x30, 0x00, 0x00,
  0x00, 0x00, 0x80, 0x0E, 0xAA, 0xAA, 0xAA, 0xAA, 0xAA, 0x95, 0x55, 0x55, 0x70, 0x10, 0x00, 0x00,
  0x00, 0x00, 0xC0, 0x3D, 0x77, 0x77, 0x6F, 0x77, 0xF7, 0xFF, 0xBB, 0xBA, 0xF4, 0x20, 0x00, 0x00,
  0x00, 0x00, 0x40, 0x47, 0xDF, 0xDF, 0xFD, 0xFE, 0xDE, 0xD6, 0xFF, 0xEF, 0x94, 0x20, 0x00, 0x00,
  0x00, 0x00, 0x20, 0x35, 0xFB, 0x7B, 0x6F, 0xB7, 0xFB, 0xFF, 0xDA, 0xFF, 0xEA, 0x60, 0x00, 0x00,
  0x00, 0x00, 0x30, 0x4B, 0x6F, 0xFF, 0xFB, 0xFD, 0x6F, 0x6D, 0xFF, 0xB6, 0xD4, 0x40, 0x00, 0x00,
  0x00, 0x00, 0x10, 0x2F, 0xFD, 0xAD, 0xBE, 0xD7, 0xFD, 0xFF, 0x6D, 0xFF, 0xD4, 0x40, 0x00, 0x00,
  0x00, 0x00, 0x08, 0x55, 0xB7, 0xF6, 0xAF, 0xBF, 0x6F, 0xB5, 0x5F, 0xAA, 0xEA, 0x40, 0x00, 0x00,
  0x00, 0x00, 0x0C, 0x2B, 0xEE, 0x80, 0x41, 0xFB, 0xFB, 0x40, 0x80, 0xFF, 0xAA, 0xC0, 0x00, 0x00,
  0x00, 0x00, 0x04, 0x56, 0xBA, 0x3F, 0xFC, 0x6E, 0xAE, 0x3F, 0xFD, 0x36, 0xE8, 0x80, 0x00, 0x00,
  0x00, 0x00, 0x03, 0x2B, 0xF1, 0xFF, 0xFF, 0x1F, 0xF8, 0xFF, 0xFF, 0x8F, 0xD5, 0x00, 0x00, 0x00,
  0x00, 0x00, 0x02, 0x57, 0x67, 0xAF, 0xFF, 0x95, 0xB3, 0xD7, 0xFF, 0xCB, 0x6A, 0xA0, 0x00, 0x00,
  0x00, 0x00, 0x14, 0xAB, 0xC4, 0x03, 0xFF, 0xCF, 0x63, 0x01, 0xFF, 0xE6, 0xD4, 0x94, 0x00, 0x00,
  0x00, 0x00, 0x22, 0x56, 0xCC, 0x41, 0xFF, 0xE5, 0xE6, 0x00, 0xFF, 0xF3, 0xD2, 0x40, 0x00, 0x00,
  0x00, 0x00, 0x49, 0x2B, 0x89, 0x10, 0xFF, 0xE7, 0x64, 0x54, 0x7F, 0xF3, 0x6A, 0x2A, 0x00, 0x00,
  0x00, 0x00, 0x10, 0xA6, 0xEC, 0x05, 0xFF, 0xCB, 0xD6, 0x00, 0xFF, 0xE5, 0xD5, 0x44, 0x00, 0x00,
  0x00, 0x00, 0x45, 0x2B, 0xA6, 0x43, 0xFF, 0xCE, 0xE3, 0x03, 0xFF, 0xE7, 0x6A, 0x11, 0x00, 0x00,
  0x00, 0x00, 0x20, 0xAB, 0xE3, 0xFF, 0xFF, 0x9B, 0x71, 0xFF, 0xFF, 0xCD, 0xC8, 0x88, 0x00, 0x00,
  0x00, 0x00, 0x8A, 0x56, 0xB9, 0xFF, 0xFE, 0x37, 0xBC, 0xFF, 0xFF, 0x1B, 0x6A, 0x45, 0x00, 0x00,
  0x00, 0x00, 0x20, 0x4B, 0xDC, 0x1F, 0xE8, 0xED, 0xD6, 0x17, 0xF4, 0x77, 0xD5, 0x10, 0x00, 0x00,
  0x00, 0x00, 0x0A, 0x56, 0xEF, 0x80, 0x07, 0xBF, 0x7F, 0xC0, 0x03, 0xDD, 0x64, 0x44, 0x00, 0x00,
  0x00, 0x00, 0x41, 0x25, 0xB5, 0xFF, 0xFD, 0x6B, 0xEA, 0xFF, 0xFE, 0xB7, 0xAA, 0x11, 0x00, 0x00,
  0x00, 0x00, 0x14, 0x57, 0x7E, 0xB5, 0x57, 0xDE, 0xDF, 0x5A, 0xAB, 0xED, 0xD2, 0x40, 0x00, 0x00,
  0x00, 0x00, 0x00, 0x55, 0xD5, 0xDF, 0xFD, 0x77, 0xB5, 0xEF, 0xFD, 0x5E, 0xA8, 0x08, 0x00, 0x00,
  0x00, 0x00, 0x09, 0x26, 0xBE, 0xEA, 0x4A, 0xAA, 0xDA, 0xB4, 0xAB, 0xF5, 0xD6, 0x80, 0x00, 0x00,
  0x00, 0x00, 0x00, 0x2B, 0xD5, 0xBC, 0xA2, 0xA4, 0x45, 0x45, 0x3E, 0xAF, 0x62, 0x00, 0x00, 0x00,
  0x00, 0x00, 0x00, 0x4A, 0xFB, 0x69, 0xF7, 0xF7, 0xEF, 0xCF, 0xAB, 0x75, 0xA8, 0x00, 0x00, 0x00,
  0x00, 0x00, 0x00, 0x27, 0x57, 0xB5, 0xF7, 0xE7, 0xE7, 0xEF, 0x36, 0xDE, 0xD4, 0x00, 0x00, 0x00,
  0x00, 0x00, 0x00, 0x2A, 0xDD, 0x6C, 0x10, 0x24, 0x88, 0x49, 0x2D, 0xB5, 0xAA, 0x00, 0x00, 0x00,
  0x00, 0x00, 0x00, 0x57, 0x76, 0xDF, 0xEF, 0xDB, 0x77, 0xB6, 0xF7, 0x6E, 0xD0, 0x00, 0x00, 0x00,
  0x00, 0x00, 0x00, 0x12, 0xDB, 0x75, 0x5A, 0xBD, 0xBD, 0x6D, 0xAD, 0xB5, 0xAA, 0x00, 0x00, 0x00,
  0x00, 0x00, 0x00, 0x4B, 0xAD, 0xAD, 0xB7, 0x6B, 0x6B, 0xB6, 0xDB, 0x6E, 0xD4, 0x00, 0x00, 0x00,
  0x00, 0x00, 0x00, 0x2A, 0xF6, 0xF6, 0xDA, 0xDD, 0xB6, 0xDB, 0x76, 0xDB, 0x42, 0x00, 0x00, 0x00,
  0x00, 0x00, 0x00, 0x2D, 0x2B, 0x55, 0x6D, 0xAA, 0xDB, 0x6D, 0xAD, 0x6D, 0x78, 0x00, 0x00, 0x00,
  0x00, 0x00, 0x00, 0x0E, 0x94, 0x95, 0x22, 0x55, 0x24, 0x92, 0x52, 0x91, 0x60, 0x00, 0x00, 0x00,
  0x00, 0x00, 0x00, 0x00, 0x52, 0x49, 0x55, 0x22, 0x49, 0x25, 0x09, 0x4A, 0x00, 0x00, 0x00, 0x00,
  0x00, 0x00, 0x00, 0x00, 0x00, 0x00, 0x00, 0x00, 0x00, 0x00, 0x20, 0x00, 0x00, 0x00, 0x00, 0x00,
  0x00, 0x00, 0x00, 0x00, 0x00, 0x00, 0x00, 0x00, 0x00, 0x00, 0x00, 0x00, 0x00, 0x00, 0x00, 0x00,
  0x00, 0x00, 0x00, 0x00, 0x00, 0x00, 0x00, 0x00, 0x00, 0x00, 0x00, 0x00, 0x00, 0x00, 0x00, 0x00,
  0x00, 0x00, 0x00, 0x00, 0x00, 0x00, 0x00, 0x00, 0x00, 0x00, 0x00, 0x00, 0x00, 0x00, 0x00, 0x00,
  0x00, 0x00, 0x00, 0x00, 0x00, 0x00, 0x00, 0x00, 0x00, 0x00, 0x00, 0x00, 0x00, 0x00, 0x00, 0x00,
  0x00, 0x00, 0x00, 0x00, 0x00, 0x00, 0x00, 0x00, 0x00, 0x00, 0x00, 0x00, 0x00, 0x00, 0x00, 0x00,
  0x00, 0x00, 0x00, 0x00, 0x00, 0x00, 0x00, 0x00, 0x00, 0x00, 0x00, 0x00, 0x00, 0x00, 0x00, 0x00,
  0x00, 0x00, 0x00, 0x00, 0x00, 0x00, 0x00, 0x00, 0x00, 0x00, 0x00, 0x00, 0x00, 0x00, 0x00, 0x00,
  0x00, 0x00, 0x00, 0x00, 0x00, 0x00, 0x00, 0x00, 0x00, 0x00, 0x00, 0x00, 0x00, 0x00, 0x00, 0x00,
  0x00, 0x00, 0x00, 0x00, 0x00, 0x00, 0x00, 0x00, 0x00, 0x00, 0x00, 0x00, 0x00, 0x00, 0x00, 0x00,
  0x00, 0x00, 0x00, 0x00, 0x00, 0x00, 0x00, 0x00, 0x00, 0x00, 0x00, 0x00, 0x00, 0x00, 0x00, 0x00
};

const unsigned char gif_frame_30[] PROGMEM = {
  0x00, 0x00, 0x00, 0x00, 0x00, 0x00, 0x00, 0x00, 0x00, 0x00, 0x00, 0x00, 0x00, 0x00, 0x00, 0x00,
  0x00, 0x00, 0x00, 0x00, 0x00, 0x00, 0x00, 0x00, 0x00, 0x00, 0x00, 0x00, 0x00, 0x00, 0x00, 0x00,
  0x00, 0x00, 0x00, 0x00, 0x00, 0x00, 0x00, 0x00, 0x00, 0x00, 0x00, 0x00, 0x00, 0x00, 0x00, 0x00,
  0x00, 0x00, 0x00, 0x00, 0x00, 0x00, 0x00, 0x00, 0x00, 0x00, 0x00, 0x00, 0x00, 0x00, 0x00, 0x00,
  0x00, 0x00, 0x00, 0x00, 0x00, 0x00, 0x00, 0x00, 0x00, 0x00, 0x00, 0x00, 0x00, 0x00, 0x00, 0x00,
  0x00, 0x00, 0x00, 0x00, 0x00, 0x00, 0x00, 0x00, 0x00, 0x00, 0x00, 0x00, 0x00, 0x00, 0x00, 0x00,
  0x00, 0x00, 0x00, 0x00, 0x00, 0x00, 0x00, 0x00, 0x00, 0x00, 0x00, 0x00, 0x00, 0x00, 0x00, 0x00,
  0x00, 0x00, 0x00, 0x00, 0x00, 0x00, 0x00, 0x00, 0x00, 0x00, 0x00, 0x00, 0x00, 0x00, 0x00, 0x00,
  0x00, 0x00, 0x00, 0x00, 0x00, 0x00, 0x00, 0x00, 0x00, 0x00, 0x00, 0x00, 0x00, 0x00, 0x00, 0x00,
  0x00, 0x00, 0x00, 0x00, 0x00, 0x00, 0x00, 0x00, 0x00, 0x00, 0x00, 0x00, 0x00, 0x00, 0x00, 0x00,
  0x00, 0x00, 0x00, 0x00, 0x00, 0x00, 0x00, 0x00, 0x00, 0x00, 0x00, 0x00, 0x00, 0x00, 0x00, 0x00,
  0x00, 0x00, 0x00, 0x00, 0x00, 0x00, 0x00, 0x05, 0x20, 0x00, 0x00, 0x00, 0x00, 0x00, 0x00, 0x00,
  0x00, 0x00, 0x00, 0x00, 0x00, 0x00, 0x00, 0x35, 0x54, 0x00, 0x00, 0x00, 0x00, 0x00, 0x00, 0x00,
  0x00, 0x01, 0x40, 0x00, 0x00, 0x00, 0x00, 0xAA, 0xAA, 0x00, 0x00, 0x00, 0x00, 0x15, 0x00, 0x00,
  0x00, 0x00, 0x28, 0x00, 0x00, 0x00, 0x00, 0xD5, 0x55, 0x00, 0x00, 0x00, 0x00, 0x22, 0x00, 0x00,
  0x00, 0x01, 0x40, 0x00, 0x00, 0x00, 0x01, 0x2A, 0xA2, 0x80, 0x00, 0x00, 0x00, 0x08, 0x00, 0x00,
  0x00, 0x00, 0x20, 0x00, 0x00, 0x00, 0x00, 0x00, 0x08, 0x00, 0x00, 0x00, 0x00, 0x10, 0x00, 0x00,
  0x00, 0x00, 0x30, 0x01, 0x55, 0x55, 0x5B, 0x6D, 0x55, 0x75, 0x55, 0x55, 0x00, 0x30, 0x00, 0x00,
  0x00, 0x00, 0x10, 0x0E, 0xAA, 0xAA, 0xAA, 0xAA, 0xAA, 0x95, 0x55, 0x55, 0x70, 0x10, 0x00, 0x00,
  0x00, 0x00, 0x10, 0x3E, 0xBB, 0xBB, 0xB7, 0xB7, 0xF7, 0xFF, 0xBB, 0xBA, 0xF4, 0x20, 0x00, 0x00,
  0x00, 0x00, 0x08, 0x43, 0xEF, 0xEF, 0xFE, 0xFE, 0xDE, 0xD6, 0xFF, 0xEF, 0x94, 0x20, 0x00, 0x00,
  0x00, 0x00, 0x0C, 0x3B, 0x7D, 0xBD, 0xB7, 0xEF, 0xFB, 0xFF, 0xDA, 0xFF, 0xEA, 0x60, 0x00, 0x00,
  0x00, 0x00, 0x04, 0x4F, 0xF7, 0xFF, 0xFD, 0xBB, 0x6F, 0x6D, 0xFF, 0xB6, 0xD4, 0x40, 0x00, 0x00,
  0x00, 0x00, 0x04, 0x25, 0xBE, 0xD6, 0xDF, 0xFF, 0xFD, 0xFF, 0x6D, 0xFF, 0xD4, 0x40, 0x00, 0x00,
  0x00, 0x00, 0x06, 0x5B, 0xEF, 0xFA, 0xB6, 0xD5, 0x5F, 0xB5, 0x5F, 0xAA, 0xEA, 0x40, 0x00, 0x00,
  0x00, 0x00, 0x02, 0x27, 0x7A, 0x81, 0x03, 0xFF, 0xF6, 0xC0, 0x80, 0xFF, 0xAA, 0xC0, 0x00, 0x00,
  0x00, 0x00, 0x02, 0x5B, 0xDC, 0x3F, 0xF8, 0x5B, 0x7D, 0x1F, 0xFD, 0x36, 0xE8, 0x80, 0x00, 0x00,
  0x00, 0x00, 0x01, 0x26, 0xF1, 0xFF, 0xFF, 0x3F, 0xD4, 0xFF, 0xFF, 0x8F, 0xD5, 0x00, 0x00, 0x00,
  0x00, 0x00, 0x02, 0xAB, 0xA7, 0xAF, 0xFF, 0x8A, 0xF1, 0xD7, 0xFF, 0xCB, 0x6A, 0xA0, 0x00, 0x00,
  0x00, 0x00, 0x14, 0xAE, 0xC6, 0x03, 0xFF, 0xCF, 0xA7, 0x01, 0xFF, 0xE6, 0xD4, 0x94, 0x00, 0x00,
  0x00, 0x00, 0x22, 0x53, 0xCC, 0x11, 0xFF, 0xE5, 0xE4, 0x10, 0xFF, 0xF3, 0xD2, 0x40, 0x00, 0x00,
  0x00, 0x00, 0x49, 0x2E, 0xC8, 0x80, 0xFF, 0xE7, 0x66, 0x42, 0x7F, 0xF3, 0x6A, 0x2A, 0x00, 0x00,
  0x00, 0x00, 0x12, 0x53, 0xAC, 0x25, 0xFF, 0xCB, 0xA6, 0x08, 0xFF, 0xE5, 0xD5, 0x44, 0x00, 0x00,
  0x00, 0x00, 0x44, 0x4E, 0xC6, 0x03, 0xFF, 0xCE, 0xF3, 0x01, 0xFF, 0xE7, 0x6A, 0x11, 0x00, 0x00,
  0x00, 0x00, 0x21, 0x53, 0xF3, 0xFF, 0xFF, 0x9B, 0xB1, 0xFF, 0xFF, 0xCD, 0xC8, 0x88, 0x00, 0x00,
  0x00, 0x00, 0x88, 0x56, 0xA9, 0xFF, 0xFE, 0x36, 0xDC, 0x7F, 0xFF, 0x1B, 0x6A, 0x45, 0x00, 0x00,
  0x00, 0x00, 0x25, 0x2B, 0xFC, 0x1F, 0xF0, 0xEF, 0x76, 0x97, 0xF4, 0x77, 0xD5, 0x10, 0x00, 0x00,
  0x00, 0x00, 0x00, 0x56, 0xAF, 0xA0, 0x07, 0xBB, 0xDF, 0xA0, 0x03, 0xDD, 0x64, 0x44, 0x00, 0x00,
  0x00, 0x00, 0x55, 0x27, 0xF5, 0xDF, 0xFD, 0xDF, 0xF5, 0x7F, 0xFE, 0xB7, 0xAA, 0x11, 0x00, 0x00,
  0x00, 0x00, 0x00, 0x55, 0x5E, 0xF5, 0x56, 0xEA, 0xDF, 0xD5, 0x5B, 0xED, 0xD2, 0x40, 0x00, 0x00,
  0x00, 0x00, 0x11, 0x26, 0xEB, 0x5F, 0xFF, 0x7F, 0x6A, 0xBF, 0xED, 0x5E, 0xA8, 0x08, 0x00, 0x00,
  0x00, 0x00, 0x04, 0x57, 0x7D, 0xEA, 0x25, 0x49, 0xB5, 0xD4, 0xB7, 0xF5, 0xD6, 0x80, 0x00, 0x00,
  0x00, 0x00, 0x00, 0x25, 0xAB, 0x5C, 0xA2, 0xA4, 0x8A, 0x25, 0x3A, 0xAF, 0x62, 0x00, 0x00, 0x00,
  0x00, 0x00, 0x00, 0x56, 0xF7, 0xB5, 0xF7, 0xF7, 0xEF, 0xCF, 0xAF, 0x75, 0xA8, 0x00, 0x00, 0x00,
  0x00, 0x00, 0x00, 0x13, 0x5D, 0x6C, 0xF7, 0xE7, 0xE7, 0xEF, 0x35, 0xDE, 0xD4, 0x00, 0x00, 0x00,
  0x00, 0x00, 0x00, 0x4D, 0xEB, 0xBA, 0x40, 0x24, 0x94, 0x89, 0x2E, 0xB5, 0xAA, 0x00, 0x00, 0x00,
  0x00, 0x00, 0x00, 0x26, 0xBD, 0x6D, 0xBF, 0xDB, 0x6B, 0x76, 0xF5, 0xDB, 0x64, 0x00, 0x00, 0x00,
  0x00, 0x00, 0x00, 0x2B, 0xD6, 0xDB, 0xD5, 0x6D, 0xBD, 0xBB, 0x5E, 0xB6, 0xD2, 0x00, 0x00, 0x00,
  0x00, 0x00, 0x00, 0x55, 0x6B, 0xB6, 0xBE, 0xDB, 0x6B, 0x56, 0xEB, 0xDB, 0xA8, 0x00, 0x00, 0x00,
  0x00, 0x00, 0x00, 0x0A, 0xBD, 0x6D, 0xD5, 0xB6, 0xDD, 0xFB, 0x5D, 0x6D, 0x4A, 0x00, 0x00, 0x00,
  0x00, 0x00, 0x00, 0x2E, 0xD5, 0xB6, 0xB6, 0xDB, 0x6A, 0x95, 0xB5, 0xB6, 0xF4, 0x00, 0x00, 0x00,
  0x00, 0x00, 0x00, 0x15, 0x12, 0x49, 0x09, 0x24, 0x92, 0x54, 0x8A, 0x49, 0x20, 0x00, 0x00, 0x00,
  0x00, 0x00, 0x00, 0x00, 0xA9, 0x24, 0xAA, 0x52, 0x4A, 0xA2, 0x61, 0x24, 0x80, 0x00, 0x00, 0x00,
  0x00, 0x00, 0x00, 0x00, 0x00, 0x00, 0x00, 0x00, 0x00, 0x00, 0x04, 0x00, 0x00, 0x00, 0x00, 0x00,
  0x00, 0x00, 0x00, 0x00, 0x00, 0x00, 0x00, 0x00, 0x00, 0x00, 0x00, 0x00, 0x00, 0x00, 0x00, 0x00,
  0x00, 0x00, 0x00, 0x00, 0x00, 0x00, 0x00, 0x00, 0x00, 0x00, 0x00, 0x00, 0x00, 0x00, 0x00, 0x00,
  0x00, 0x00, 0x00, 0x00, 0x00, 0x00, 0x00, 0x00, 0x00, 0x00, 0x00, 0x00, 0x00, 0x00, 0x00, 0x00,
  0x00, 0x00, 0x00, 0x00, 0x00, 0x00, 0x00, 0x00, 0x00, 0x00, 0x00, 0x00, 0x00, 0x00, 0x00, 0x00,
  0x00, 0x00, 0x00, 0x00, 0x00, 0x00, 0x00, 0x00, 0x00, 0x00, 0x00, 0x00, 0x00, 0x00, 0x00, 0x00,
  0x00, 0x00, 0x00, 0x00, 0x00, 0x00, 0x00, 0x00, 0x00, 0x00, 0x00, 0x00, 0x00, 0x00, 0x00, 0x00,
  0x00, 0x00, 0x00, 0x00, 0x00, 0x00, 0x00, 0x00, 0x00, 0x00, 0x00, 0x00, 0x00, 0x00, 0x00, 0x00,
  0x00, 0x00, 0x00, 0x00, 0x00, 0x00, 0x00, 0x00, 0x00, 0x00, 0x00, 0x00, 0x00, 0x00, 0x00, 0x00,
  0x00, 0x00, 0x00, 0x00, 0x00, 0x00, 0x00, 0x00, 0x00, 0x00, 0x00, 0x00, 0x00, 0x00, 0x00, 0x00,
  0x00, 0x00, 0x00, 0x00, 0x00, 0x00, 0x00, 0x00, 0x00, 0x00, 0x00, 0x00, 0x00, 0x00, 0x00, 0x00
};

const unsigned char gif_frame_31[] PROGMEM = {
  0x00, 0x00, 0x00, 0x00, 0x00, 0x00, 0x00, 0x00, 0x00, 0x00, 0x00, 0x00, 0x00, 0x00, 0x00, 0x00,
  0x00, 0x00, 0x00, 0x00, 0x00, 0x00, 0x00, 0x00, 0x00, 0x00, 0x00, 0x00, 0x00, 0x00, 0x00, 0x00,
  0x00, 0x00, 0x00, 0x00, 0x00, 0x00, 0x00, 0x00, 0x00, 0x00, 0x00, 0x00, 0x00, 0x00, 0x00, 0x00,
  0x00, 0x00, 0x00, 0x00, 0x00, 0x00, 0x00, 0x00, 0x00, 0x00, 0x00, 0x00, 0x00, 0x00, 0x00, 0x00,
  0x00, 0x00, 0x00, 0x00, 0x00, 0x00, 0x00, 0x00, 0x00, 0x00, 0x00, 0x00, 0x00, 0x00, 0x00, 0x00,
  0x00, 0x00, 0x00, 0x00, 0x00, 0x00, 0x00, 0x00, 0x00, 0x00, 0x00, 0x00, 0x00, 0x00, 0x00, 0x00,
  0x00, 0x00, 0x00, 0x00, 0x00, 0x00, 0x00, 0x00, 0x00, 0x00, 0x00, 0x00, 0x00, 0x00, 0x00, 0x00,
  0x00, 0x00, 0x00, 0x00, 0x00, 0x00, 0x00, 0x00, 0x00, 0x00, 0x00, 0x00, 0x00, 0x00, 0x00, 0x00,
  0x00, 0x00, 0x00, 0x00, 0x00, 0x00, 0x00, 0x00, 0x00, 0x00, 0x00, 0x00, 0x00, 0x00, 0x00, 0x00,
  0x00, 0x00, 0x00, 0x00, 0x00, 0x00, 0x00, 0x00, 0x00, 0x00, 0x00, 0x00, 0x00, 0x00, 0x00, 0x00,
  0x00, 0x00, 0x00, 0x00, 0x00, 0x00, 0x00, 0x00, 0x00, 0x00, 0x00, 0x00, 0x00, 0x00, 0x00, 0x00,
  0x00, 0x00, 0x00, 0x00, 0x00, 0x00, 0x00, 0x05, 0x20, 0x00, 0x00, 0x00, 0x00, 0x00, 0x00, 0x00,
  0x00, 0x00, 0x00, 0x00, 0x00, 0x00, 0x00, 0x35, 0x54, 0x00, 0x00, 0x00, 0x00, 0x00, 0x00, 0x00,
  0x00, 0x00, 0xA8, 0x00, 0x00, 0x00, 0x00, 0xAA, 0xAA, 0x00, 0x00, 0x00, 0x00, 0x15, 0x00, 0x00,
  0x00, 0x00, 0x04, 0x00, 0x00, 0x00, 0x00, 0xD5, 0x55, 0x00, 0x00, 0x00, 0x00, 0x22, 0x00, 0x00,
  0x00, 0x00, 0x50, 0x00, 0x00, 0x00, 0x01, 0x2A, 0xA2, 0x80, 0x00, 0x00, 0x00, 0x08, 0x00, 0x00,
  0x00, 0x00, 0x10, 0x00, 0x00, 0x00, 0x00, 0x00, 0x08, 0x00, 0x00, 0x00, 0x00, 0x10, 0x00, 0x00,
  0x00, 0x00, 0x18, 0x01, 0x55, 0x55, 0x5B, 0x6D, 0x55, 0x75, 0x55, 0x55, 0x00, 0x30, 0x00, 0x00,
  0x00, 0x00, 0x08, 0x0E, 0xAA, 0xAA, 0xAA, 0xAA, 0xAA, 0x95, 0x55, 0x55, 0x70, 0x10, 0x00, 0x00,
  0x00, 0x00, 0x08, 0x3E, 0xBB, 0xBB, 0xB7, 0xB7, 0xF7, 0xFF, 0xBB, 0xBA, 0xF4, 0x20, 0x00, 0x00,
  0x00, 0x00, 0x0C, 0x43, 0xEF, 0xEF, 0xFE, 0xFE, 0xDE, 0xD6, 0xFF, 0xEF, 0x94, 0x20, 0x00, 0x00,
  0x00, 0x00, 0x04, 0x3B, 0x7D, 0xBD, 0xB7, 0xEF, 0xFB, 0xFF, 0xDA, 0xFF, 0xEA, 0x60, 0x00, 0x00,
  0x00, 0x00, 0x04, 0x4F, 0xF7, 0xFF, 0xFD, 0xBB, 0x6F, 0x6D, 0xFF, 0xB6, 0xD4, 0x40, 0x00, 0x00,
  0x00, 0x00, 0x02, 0x25, 0xBE, 0xD6, 0xDF, 0xFF, 0xFD, 0xFF, 0x6D, 0xFF, 0xD4, 0x40, 0x00, 0x00,
  0x00, 0x00, 0x02, 0x5B, 0xEF, 0xFA, 0xB6, 0xD5, 0x5F, 0xB5, 0x5F, 0xAA, 0xEA, 0x40, 0x00, 0x00,
  0x00, 0x00, 0x03, 0x27, 0x7A, 0x82, 0x43, 0xFF, 0xF6, 0xC0, 0x80, 0xFF, 0xAA, 0xC0, 0x00, 0x00,
  0x00, 0x00, 0x01, 0x5B, 0xDC, 0x3F, 0xF8, 0x5B, 0x7D, 0x1F, 0xFD, 0x36, 0xE8, 0x80, 0x00, 0x00,
  0x00, 0x00, 0x01, 0x26, 0xF1, 0xFF, 0xFF, 0x3F, 0xD4, 0xFF, 0xFF, 0x8F, 0xD5, 0x00, 0x00, 0x00,
  0x00, 0x00, 0x05, 0x57, 0xA7, 0xAF, 0xFF, 0x8A, 0xF1, 0xD7, 0xFF, 0xCB, 0x6A, 0xA0, 0x00, 0x00,
  0x00, 0x00, 0x10, 0xAA, 0xC6, 0x03, 0xFF, 0xCF, 0xA7, 0x01, 0xFF, 0xE6, 0xD4, 0x94, 0x00, 0x00,
  0x00, 0x00, 0x25, 0x2B, 0xCC, 0x11, 0xFF, 0xE5, 0xE4, 0x10, 0xFF, 0xF3, 0xD2, 0x40, 0x00, 0x00,
  0x00, 0x00, 0x48, 0xAE, 0xC8, 0x80, 0xFF, 0xE7, 0x66, 0x42, 0x7F, 0xF3, 0x6A, 0x2A, 0x00, 0x00,
  0x00, 0x00, 0x12, 0x53, 0xAC, 0x25, 0xFF, 0xCB, 0xA6, 0x08, 0xFF, 0xE5, 0xD5, 0x44, 0x00, 0x00,
  0x00, 0x00, 0x44, 0x96, 0xC6, 0x03, 0xFF, 0xCE, 0xF3, 0x01, 0xFF, 0xE7, 0x6A, 0x11, 0x00, 0x00,
  0x00, 0x00, 0x20, 0x57, 0xF3, 0xFF, 0xFF, 0x9B, 0xB1, 0xFF, 0xFF, 0xCD, 0xC8, 0x88, 0x00, 0x00,
  0x00, 0x00, 0x8A, 0xA5, 0x51, 0xFF, 0xFE, 0x36, 0xDC, 0x7F, 0xFF, 0x1B, 0x6A, 0x45, 0x00, 0x00,
  0x00, 0x00, 0x20, 0x57, 0xFE, 0x1F, 0xE8, 0xEF, 0x76, 0x97, 0xF4, 0x77, 0xD5, 0x10, 0x00, 0x00,
  0x00, 0x00, 0x0A, 0x4A, 0xAD, 0xA0, 0x07, 0xBB, 0xDF, 0xA0, 0x03, 0xDD, 0x64, 0x44, 0x00, 0x00,
  0x00, 0x00, 0x40, 0x57, 0xF7, 0xDF, 0xFD, 0x6F, 0xF5, 0x7F, 0xFE, 0xB7, 0xAA, 0x11, 0x00, 0x00,
  0x00, 0x00, 0x12, 0x55, 0x5D, 0x75, 0x57, 0xDA, 0xDF, 0xD5, 0x5B, 0xED, 0xD2, 0x40, 0x00, 0x00,
  0x00, 0x00, 0x00, 0x4B, 0xB7, 0xBB, 0xFD, 0x7F, 0x6A, 0xBF, 0xED, 0x5E, 0xA8, 0x08, 0x00, 0x00,
  0x00, 0x00, 0x0A, 0x56, 0xED, 0x6E, 0x4A, 0xA5, 0xB5, 0xD4, 0xB7, 0xF5, 0xD6, 0x80, 0x00, 0x00,
  0x00, 0x00, 0x00, 0x25, 0xBB, 0xB4, 0xA2, 0xA4, 0x44, 0x45, 0x3A, 0xAF, 0x62, 0x00, 0x00, 0x00,
  0x00, 0x00, 0x00, 0x56, 0xD6, 0xDD, 0xF7, 0xF7, 0xEF, 0xEF, 0xAF, 0x75, 0xA8, 0x00, 0x00, 0x00,
  0x00, 0x00, 0x00, 0x15, 0xBD, 0xB4, 0xF7, 0xE7, 0xEF, 0xCF, 0x35, 0xDE, 0xD4, 0x00, 0x00, 0x00,
  0x00, 0x00, 0x00, 0x4B, 0x6B, 0x6C, 0x90, 0x24, 0x81, 0x24, 0xAE, 0xB5, 0xAA, 0x00, 0x00, 0x00,
  0x00, 0x00, 0x00, 0x26, 0xF6, 0xF7, 0x6F, 0xDB, 0x7E, 0xDB, 0x75, 0xDB, 0x64, 0x00, 0x00, 0x00,
  0x00, 0x00, 0x00, 0x55, 0xAD, 0xAD, 0xB5, 0x76, 0xD5, 0xBD, 0xAE, 0xB6, 0xD2, 0x00, 0x00, 0x00,
  0x00, 0x00, 0x00, 0x16, 0xDB, 0x76, 0xDE, 0xDB, 0x7B, 0x6B, 0x77, 0x6D, 0xA8, 0x00, 0x00, 0x00,
  0x00, 0x00, 0x00, 0x49, 0xB6, 0xDB, 0x6B, 0x6D, 0xAD, 0xDD, 0xAD, 0xB7, 0x4A, 0x00, 0x00, 0x00,
  0x00, 0x00, 0x00, 0x2E, 0xDB, 0x6D, 0xB5, 0xB6, 0xD6, 0xAA, 0xDA, 0xDA, 0xF4, 0x00, 0x00, 0x00,
  0x00, 0x00, 0x00, 0x0A, 0x24, 0x92, 0x4A, 0x49, 0x29, 0x55, 0x25, 0x24, 0x50, 0x00, 0x00, 0x00,
  0x00, 0x00, 0x00, 0x01, 0x52, 0x49, 0x24, 0x92, 0x92, 0x22, 0x92, 0x52, 0x80, 0x00, 0x00, 0x00,
  0x00, 0x00, 0x00, 0x00, 0x00, 0x00, 0x00, 0x00, 0x00, 0x00, 0x00, 0x00, 0x00, 0x00, 0x00, 0x00,
  0x00, 0x00, 0x00, 0x00, 0x00, 0x00, 0x00, 0x00, 0x00, 0x00, 0x00, 0x00, 0x00, 0x00, 0x00, 0x00,
  0x00, 0x00, 0x00, 0x00, 0x00, 0x00, 0x00, 0x00, 0x00, 0x00, 0x00, 0x00, 0x00, 0x00, 0x00, 0x00,
  0x00, 0x00, 0x00, 0x00, 0x00, 0x00, 0x00, 0x00, 0x00, 0x00, 0x00, 0x00, 0x00, 0x00, 0x00, 0x00,
  0x00, 0x00, 0x00, 0x00, 0x00, 0x00, 0x00, 0x00, 0x00, 0x00, 0x00, 0x00, 0x00, 0x00, 0x00, 0x00,
  0x00, 0x00, 0x00, 0x00, 0x00, 0x00, 0x00, 0x00, 0x00, 0x00, 0x00, 0x00, 0x00, 0x00, 0x00, 0x00,
  0x00, 0x00, 0x00, 0x00, 0x00, 0x00, 0x00, 0x00, 0x00, 0x00, 0x00, 0x00, 0x00, 0x00, 0x00, 0x00,
  0x00, 0x00, 0x00, 0x00, 0x00, 0x00, 0x00, 0x00, 0x00, 0x00, 0x00, 0x00, 0x00, 0x00, 0x00, 0x00,
  0x00, 0x00, 0x00, 0x00, 0x00, 0x00, 0x00, 0x00, 0x00, 0x00, 0x00, 0x00, 0x00, 0x00, 0x00, 0x00,
  0x00, 0x00, 0x00, 0x00, 0x00, 0x00, 0x00, 0x00, 0x00, 0x00, 0x00, 0x00, 0x00, 0x00, 0x00, 0x00,
  0x00, 0x00, 0x00, 0x00, 0x00, 0x00, 0x00, 0x00, 0x00, 0x00, 0x00, 0x00, 0x00, 0x00, 0x00, 0x00
};

const unsigned char gif_frame_32[] PROGMEM = {
  0x00, 0x00, 0x00, 0x00, 0x00, 0x00, 0x00, 0x00, 0x00, 0x00, 0x00, 0x00, 0x00, 0x00, 0x00, 0x00,
  0x00, 0x00, 0x00, 0x00, 0x00, 0x00, 0x00, 0x00, 0x00, 0x00, 0x00, 0x00, 0x00, 0x00, 0x00, 0x00,
  0x00, 0x00, 0x00, 0x00, 0x00, 0x00, 0x00, 0x00, 0x00, 0x00, 0x00, 0x00, 0x00, 0x00, 0x00, 0x00,
  0x00, 0x00, 0x00, 0x00, 0x00, 0x00, 0x00, 0x00, 0x00, 0x00, 0x00, 0x00, 0x00, 0x00, 0x00, 0x00,
  0x00, 0x00, 0x00, 0x00, 0x00, 0x00, 0x00, 0x00, 0x00, 0x00, 0x00, 0x00, 0x00, 0x00, 0x00, 0x00,
  0x00, 0x00, 0x00, 0x00, 0x00, 0x00, 0x00, 0x00, 0x00, 0x00, 0x00, 0x00, 0x00, 0x00, 0x00, 0x00,
  0x00, 0x00, 0x00, 0x00, 0x00, 0x00, 0x00, 0x00, 0x00, 0x00, 0x00, 0x00, 0x00, 0x00, 0x00, 0x00,
  0x00, 0x00, 0x00, 0x00, 0x00, 0x00, 0x00, 0x00, 0x00, 0x00, 0x00, 0x00, 0x00, 0x00, 0x00, 0x00,
  0x00, 0x00, 0x00, 0x00, 0x00, 0x00, 0x00, 0x00, 0x00, 0x00, 0x00, 0x00, 0x00, 0x00, 0x00, 0x00,
  0x00, 0x00, 0x00, 0x00, 0x00, 0x00, 0x00, 0x00, 0x00, 0x00, 0x00, 0x00, 0x00, 0x00, 0x00, 0x00,
  0x00, 0x00, 0x00, 0x00, 0x00, 0x00, 0x00, 0x00, 0x00, 0x00, 0x00, 0x00, 0x00, 0x00, 0x00, 0x00,
  0x00, 0x00, 0x00, 0x00, 0x00, 0x00, 0x00, 0x05, 0x20, 0x00, 0x00, 0x00, 0x00, 0x00, 0x00, 0x00,
  0x00, 0x00, 0x00, 0x00, 0x00, 0x00, 0x00, 0x35, 0x54, 0x00, 0x00, 0x00, 0x00, 0x00, 0x00, 0x00,
  0x00, 0x00, 0x54, 0x00, 0x00, 0x00, 0x00, 0xAA, 0xAA, 0x00, 0x00, 0x00, 0x00, 0x15, 0x00, 0x00,
  0x00, 0x00, 0x40, 0x00, 0x00, 0x00, 0x00, 0xD5, 0x55, 0x00, 0x00, 0x00, 0x00, 0x22, 0x00, 0x00,
  0x00, 0x00, 0x18, 0x00, 0x00, 0x00, 0x01, 0x2A, 0xA2, 0x80, 0x00, 0x00, 0x00, 0x08, 0x00, 0x00,
  0x00, 0x00, 0x08, 0x00, 0x00, 0x00, 0x00, 0x00, 0x08, 0x00, 0x00, 0x00, 0x00, 0x10, 0x00, 0x00,
  0x00, 0x00, 0x08, 0x01, 0x55, 0x55, 0x5B, 0x6D, 0x55, 0x75, 0x55, 0x55, 0x00, 0x30, 0x00, 0x00,
  0x00, 0x00, 0x08, 0x0E, 0xAA, 0xAA, 0xAA, 0xAA, 0xAA, 0x95, 0x55, 0x55, 0x70, 0x10, 0x00, 0x00,
  0x00, 0x00, 0x0C, 0x3E, 0xBB, 0xBB, 0xB7, 0xB7, 0xF7, 0xFF, 0xBB, 0xBA, 0xF4, 0x20, 0x00, 0x00,
  0x00, 0x00, 0x04, 0x45, 0xFE, 0xFE, 0xFE, 0xFE, 0xDE, 0xD6, 0xFF, 0xEF, 0x94, 0x20, 0x00, 0x00,
  0x00, 0x00, 0x04, 0x5B, 0xD7, 0xDB, 0xEF, 0xDB, 0xFB, 0xFF, 0xDA, 0xFF, 0xEA, 0x60, 0x00, 0x00,
  0x00, 0x00, 0x06, 0x2E, 0xFE, 0xFF, 0xBB, 0x7F, 0x6F, 0x6D, 0xFF, 0xB6, 0xD4, 0x40, 0x00, 0x00,
  0x00, 0x00, 0x02, 0x53, 0xDB, 0xDB, 0xFF, 0xED, 0xFD, 0xFF, 0x6D, 0xFF, 0xD4, 0x40, 0x00, 0x00,
  0x00, 0x00, 0x02, 0x2F, 0x7F, 0x74, 0xAD, 0xBF, 0xB7, 0xB5, 0x5F, 0xAA, 0xEA, 0x40, 0x00, 0x00,
  0x00, 0x00, 0x02, 0x55, 0xED, 0x85, 0x03, 0xF6, 0xFE, 0xC0, 0x80, 0xFF, 0xAA, 0xC0, 0x00, 0x00,
  0x00, 0x00, 0x01, 0x57, 0xBA, 0x7F, 0xF8, 0x5F, 0xAD, 0x1F, 0xFD, 0x36, 0xE8, 0x80, 0x00, 0x00,
  0x00, 0x00, 0x01, 0x2A, 0xF1, 0xFF, 0xFF, 0x35, 0xF8, 0xFF, 0xFF, 0x8F, 0xD5, 0x00, 0x00, 0x00,
  0x00, 0x00, 0x02, 0xA7, 0xA7, 0x4F, 0xFF, 0x8F, 0x63, 0xD7, 0xFF, 0xCB, 0x6A, 0xA0, 0x00, 0x00,
  0x00, 0x00, 0x14, 0xAB, 0xCC, 0x03, 0xFF, 0xCD, 0xF3, 0x01, 0xFF, 0xE6, 0xD4, 0x94, 0x00, 0x00,
  0x00, 0x00, 0x22, 0x56, 0xC9, 0x21, 0xFF, 0xE7, 0x46, 0x08, 0xFF, 0xF3, 0xD2, 0x40, 0x00, 0x00,
  0x00, 0x00, 0x49, 0x2B, 0xAC, 0x08, 0xFF, 0xE7, 0xE4, 0x40, 0x7F, 0xF3, 0x6A, 0x2A, 0x00, 0x00,
  0x00, 0x00, 0x12, 0x56, 0xC8, 0x81, 0xFF, 0xE5, 0x66, 0x12, 0xFF, 0xE5, 0xD5, 0x44, 0x00, 0x00,
  0x00, 0x00, 0x44, 0xAB, 0xC6, 0x27, 0xFF, 0xCF, 0xB3, 0x41, 0xFF, 0xE7, 0x6A, 0x11, 0x00, 0x00,
  0x00, 0x00, 0x20, 0x4B, 0x73, 0xDF, 0xFF, 0x95, 0xE9, 0xFF, 0xFF, 0xCD, 0xC8, 0x88, 0x00, 0x00,
  0x00, 0x00, 0x8A, 0x56, 0xD9, 0xFF, 0xFE, 0x3E, 0xBA, 0x7F, 0xFF, 0x1B, 0x6A, 0x45, 0x00, 0x00,
  0x00, 0x00, 0x21, 0x2B, 0xEC, 0x2F, 0xE8, 0xD7, 0xED, 0x0F, 0xF8, 0x77, 0xD5, 0x10, 0x00, 0x00,
  0x00, 0x00, 0x08, 0x56, 0xBB, 0x90, 0x07, 0xFB, 0x77, 0xD0, 0x03, 0xDD, 0x64, 0x44, 0x00, 0x00,
  0x00, 0x00, 0x42, 0x4B, 0xDE, 0xF7, 0xFD, 0x57, 0xDD, 0x7B, 0xFE, 0xEF, 0xAA, 0x11, 0x00, 0x00,
  0x00, 0x00, 0x11, 0x2A, 0xEB, 0xBD, 0x57, 0xBD, 0xEF, 0xAE, 0xAB, 0x75, 0x64, 0x80, 0x00, 0x00,
  0x00, 0x00, 0x04, 0x57, 0x5D, 0xD7, 0xFA, 0xEF, 0x75, 0xF7, 0xDD, 0xAF, 0xD4, 0x24, 0x00, 0x00,
  0x00, 0x00, 0x00, 0x4A, 0xF6, 0xBA, 0x4D, 0x55, 0x5A, 0x99, 0x77, 0xFA, 0xAA, 0x00, 0x00, 0x00,
  0x00, 0x00, 0x00, 0x2B, 0xAF, 0xDC, 0xA2, 0xA2, 0x85, 0x45, 0x2D, 0x57, 0x64, 0x00, 0x00, 0x00,
  0x00, 0x00, 0x00, 0x56, 0xF5, 0x69, 0xF7, 0xF7, 0xEF, 0xEF, 0x3B, 0xBB, 0xD2, 0x00, 0x00, 0x00,
  0x00, 0x00, 0x00, 0x25, 0xAE, 0xDC, 0xF7, 0xE7, 0xE7, 0xCF, 0xAD, 0x6D, 0x54, 0x00, 0x00, 0x00,
  0x00, 0x00, 0x00, 0x56, 0xDB, 0x75, 0x20, 0x24, 0x48, 0x49, 0x37, 0xB7, 0x64, 0x00, 0x00, 0x00,
  0x00, 0x00, 0x00, 0x25, 0xB6, 0xDE, 0xDF, 0xDB, 0xB7, 0xB6, 0xDA, 0xDA, 0xD2, 0x00, 0x00, 0x00,
  0x00, 0x00, 0x00, 0x56, 0xED, 0xAB, 0x6A, 0xBD, 0xDD, 0xDD, 0xB7, 0x6F, 0x54, 0x00, 0x00, 0x00,
  0x00, 0x00, 0x00, 0x25, 0xB7, 0x75, 0xBD, 0xD6, 0xB6, 0xB6, 0xDD, 0xB5, 0xC8, 0x00, 0x00, 0x00,
  0x00, 0x00, 0x00, 0x4A, 0xDA, 0xDE, 0xD6, 0xEB, 0x6B, 0x6B, 0x6A, 0xDE, 0xA4, 0x00, 0x00, 0x00,
  0x00, 0x00, 0x00, 0x2E, 0xAD, 0xAB, 0x6B, 0x3D, 0xBD, 0xBD, 0xB7, 0x6A, 0xB4, 0x00, 0x00, 0x00,
  0x00, 0x00, 0x00, 0x0A, 0x52, 0x50, 0x94, 0x82, 0x42, 0x42, 0x48, 0x91, 0x70, 0x00, 0x00, 0x00,
  0x00, 0x00, 0x00, 0x01, 0x25, 0x2A, 0x49, 0x55, 0x29, 0x29, 0x25, 0x4A, 0x00, 0x00, 0x00, 0x00,
  0x00, 0x00, 0x00, 0x00, 0x00, 0x00, 0x00, 0x00, 0x00, 0x00, 0x00, 0x00, 0x00, 0x00, 0x00, 0x00,
  0x00, 0x00, 0x00, 0x00, 0x00, 0x00, 0x00, 0x00, 0x00, 0x00, 0x00, 0x00, 0x00, 0x00, 0x00, 0x00,
  0x00, 0x00, 0x00, 0x00, 0x00, 0x00, 0x00, 0x00, 0x00, 0x00, 0x00, 0x00, 0x00, 0x00, 0x00, 0x00,
  0x00, 0x00, 0x00, 0x00, 0x00, 0x00, 0x00, 0x00, 0x00, 0x00, 0x00, 0x00, 0x00, 0x00, 0x00, 0x00,
  0x00, 0x00, 0x00, 0x00, 0x00, 0x00, 0x00, 0x00, 0x00, 0x00, 0x00, 0x00, 0x00, 0x00, 0x00, 0x00,
  0x00, 0x00, 0x00, 0x00, 0x00, 0x00, 0x00, 0x00, 0x00, 0x00, 0x00, 0x00, 0x00, 0x00, 0x00, 0x00,
  0x00, 0x00, 0x00, 0x00, 0x00, 0x00, 0x00, 0x00, 0x00, 0x00, 0x00, 0x00, 0x00, 0x00, 0x00, 0x00,
  0x00, 0x00, 0x00, 0x00, 0x00, 0x00, 0x00, 0x00, 0x00, 0x00, 0x00, 0x00, 0x00, 0x00, 0x00, 0x00,
  0x00, 0x00, 0x00, 0x00, 0x00, 0x00, 0x00, 0x00, 0x00, 0x00, 0x00, 0x00, 0x00, 0x00, 0x00, 0x00,
  0x00, 0x00, 0x00, 0x00, 0x00, 0x00, 0x00, 0x00, 0x00, 0x00, 0x00, 0x00, 0x00, 0x00, 0x00, 0x00,
  0x00, 0x00, 0x00, 0x00, 0x00, 0x00, 0x00, 0x00, 0x00, 0x00, 0x00, 0x00, 0x00, 0x00, 0x00, 0x00
};

const unsigned char gif_frame_33[] PROGMEM = {
  0x00, 0x00, 0x00, 0x00, 0x00, 0x00, 0x00, 0x00, 0x00, 0x00, 0x00, 0x00, 0x00, 0x00, 0x00, 0x00,
  0x00, 0x00, 0x00, 0x00, 0x00, 0x00, 0x00, 0x00, 0x00, 0x00, 0x00, 0x00, 0x00, 0x00, 0x00, 0x00,
  0x00, 0x00, 0x00, 0x00, 0x00, 0x00, 0x00, 0x00, 0x00, 0x00, 0x00, 0x00, 0x00, 0x00, 0x00, 0x00,
  0x00, 0x00, 0x00, 0x00, 0x00, 0x00, 0x00, 0x00, 0x00, 0x00, 0x00, 0x00, 0x00, 0x00, 0x00, 0x00,
  0x00, 0x00, 0x00, 0x00, 0x00, 0x00, 0x00, 0x00, 0x00, 0x00, 0x00, 0x00, 0x00, 0x00, 0x00, 0x00,
  0x00, 0x00, 0x00, 0x00, 0x00, 0x00, 0x00, 0x00, 0x00, 0x00, 0x00, 0x00, 0x00, 0x00, 0x00, 0x00,
  0x00, 0x00, 0x00, 0x00, 0x00, 0x00, 0x00, 0x00, 0x00, 0x00, 0x00, 0x00, 0x00, 0x00, 0x00, 0x00,
  0x00, 0x00, 0x00, 0x00, 0x00, 0x00, 0x00, 0x00, 0x00, 0x00, 0x00, 0x00, 0x00, 0x00, 0x00, 0x00,
  0x00, 0x00, 0x00, 0x00, 0x00, 0x00, 0x00, 0x00, 0x00, 0x00, 0x00, 0x00, 0x00, 0x00, 0x00, 0x00,
  0x00, 0x00, 0x00, 0x00, 0x00, 0x00, 0x00, 0x00, 0x00, 0x00, 0x00, 0x00, 0x00, 0x00, 0x00, 0x00,
  0x00, 0x00, 0x00, 0x00, 0x00, 0x00, 0x00, 0x00, 0x00, 0x00, 0x00, 0x00, 0x00, 0x00, 0x00, 0x00,
  0x00, 0x00, 0x00, 0x00, 0x00, 0x00, 0x00, 0x05, 0x20, 0x00, 0x00, 0x00, 0x00, 0x00, 0x00, 0x00,
  0x00, 0x00, 0x00, 0x00, 0x00, 0x00, 0x00, 0x35, 0x54, 0x00, 0x00, 0x00, 0x00, 0x00, 0x00, 0x00,
  0x00, 0x00, 0x54, 0x00, 0x00, 0x00, 0x00, 0xAA, 0xAA, 0x00, 0x00, 0x00, 0x00, 0x15, 0x00, 0x00,
  0x00, 0x00, 0x40, 0x00, 0x00, 0x00, 0x00, 0xD5, 0x55, 0x00, 0x00, 0x00, 0x00, 0x22, 0x00, 0x00,
  0x00, 0x00, 0x18, 0x00, 0x00, 0x00, 0x01, 0x2A, 0xA2, 0x80, 0x00, 0x00, 0x00, 0x08, 0x00, 0x00,
  0x00, 0x00, 0x08, 0x00, 0x00, 0x00, 0x00, 0x00, 0x08, 0x00, 0x00, 0x00, 0x00, 0x10, 0x00, 0x00,
  0x00, 0x00, 0x08, 0x01, 0x55, 0x55, 0x5B, 0x6D, 0x55, 0x75, 0x55, 0x55, 0x00, 0x30, 0x00, 0x00,
  0x00, 0x00, 0x0C, 0x0E, 0xAA, 0xAA, 0xAA, 0xAA, 0xAA, 0x95, 0x55, 0x55, 0x70, 0x10, 0x00, 0x00,
  0x00, 0x00, 0x04, 0x3E, 0xDD, 0xDD, 0xDD, 0xDD, 0xF7, 0xFF, 0xBB, 0xBA, 0xF4, 0x20, 0x00, 0x00,
  0x00, 0x00, 0x04, 0x45, 0xF7, 0xF7, 0xF7, 0xF7, 0xBE, 0xD6, 0xFF, 0xEF, 0x94, 0x20, 0x00, 0x00,
  0x00, 0x00, 0x04, 0x37, 0x7E, 0xDE, 0xDF, 0x7F, 0xF7, 0xFF, 0xDA, 0xFF, 0xEA, 0x60, 0x00, 0x00,
  0x00, 0x00, 0x06, 0x57, 0xDB, 0xFF, 0xFD, 0xDA, 0xDE, 0xB6, 0xFF, 0xB6, 0xD4, 0x40, 0x00, 0x00,
  0x00, 0x00, 0x02, 0x2A, 0xFF, 0x6D, 0xB7, 0xFF, 0xFB, 0xFF, 0xDB, 0xFF, 0xD4, 0x40, 0x00, 0x00,
  0x00, 0x00, 0x02, 0x57, 0xB7, 0xF5, 0x5E, 0xAD, 0xBF, 0x6A, 0x6E, 0xDA, 0xEA, 0x40, 0x00, 0x00,
  0x00, 0x00, 0x03, 0x2B, 0xFD, 0x02, 0x43, 0xFF, 0xEB, 0x91, 0x01, 0xF7, 0xAA, 0xC0, 0x00, 0x00,
  0x00, 0x00, 0x01, 0x2E, 0xAC, 0x7F, 0xF8, 0x6A, 0xBE, 0x2F, 0xFC, 0x3E, 0xE8, 0x80, 0x00, 0x00,
  0x00, 0x00, 0x01, 0x53, 0xF1, 0xFF, 0xFF, 0x1F, 0xE8, 0xFF, 0xFF, 0x8B, 0xD5, 0x00, 0x00, 0x00,
  0x00, 0x00, 0x02, 0xAE, 0xD3, 0xAF, 0xFF, 0x9B, 0x73, 0xD7, 0xFF, 0xCF, 0x6A, 0xA0, 0x00, 0x00,
  0x00, 0x00, 0x14, 0x53, 0xC6, 0x03, 0xFF, 0xC7, 0xD2, 0x01, 0xFF, 0xE3, 0xD4, 0x94, 0x00, 0x00,
  0x00, 0x00, 0x22, 0xAE, 0xCC, 0x01, 0xFF, 0xED, 0x66, 0x20, 0xFF, 0xF2, 0xD2, 0x40, 0x00, 0x00,
  0x00, 0x00, 0x48, 0x47, 0x48, 0xA8, 0xFF, 0xE7, 0xE4, 0x88, 0x7F, 0xF3, 0xD5, 0x2A, 0x00, 0x00,
  0x00, 0x00, 0x12, 0xB5, 0xCC, 0x01, 0xFF, 0xC5, 0x56, 0x02, 0xFF, 0xF3, 0x6A, 0x04, 0x00, 0x00,
  0x00, 0x00, 0x44, 0x4B, 0x66, 0x07, 0xFF, 0xCF, 0xE3, 0x21, 0xFF, 0xE7, 0xD4, 0xA9, 0x00, 0x00,
  0x00, 0x00, 0x21, 0x2B, 0xE3, 0xFF, 0xFF, 0x9A, 0xB9, 0xFF, 0xFF, 0xCA, 0xCA, 0x00, 0x00, 0x00,
  0x00, 0x00, 0x8A, 0x56, 0xB9, 0xFF, 0xFE, 0x3F, 0xE8, 0xFF, 0xFF, 0x1F, 0x69, 0x55, 0x00, 0x00,
  0x00, 0x00, 0x20, 0x4B, 0xEC, 0x2F, 0xE8, 0xEA, 0xBF, 0x0F, 0xF8, 0x6B, 0xD4, 0x00, 0x00, 0x00,
  0x00, 0x00, 0x0A, 0x56, 0xBF, 0x80, 0x07, 0xBF, 0xED, 0xA0, 0x03, 0xFD, 0x52, 0xAA, 0x00, 0x00,
  0x00, 0x00, 0x40, 0x55, 0xEA, 0xFF, 0xFD, 0x6B, 0xF6, 0xFF, 0xFE, 0xAF, 0xD4, 0x00, 0x00, 0x00,
  0x00, 0x00, 0x12, 0x4B, 0x5F, 0xB5, 0x57, 0xDE, 0xAF, 0xAA, 0xAB, 0xF5, 0x6A, 0x92, 0x00, 0x00,
  0x00, 0x00, 0x00, 0x57, 0xF5, 0x7F, 0xFA, 0xF7, 0xFA, 0xFF, 0xDE, 0xAE, 0xC8, 0x00, 0x00, 0x00,
  0x00, 0x00, 0x0A, 0x55, 0x5E, 0xD5, 0x2D, 0x54, 0x95, 0x52, 0x75, 0xF7, 0x66, 0x48, 0x00, 0x00,
  0x00, 0x00, 0x00, 0x26, 0xEB, 0xBA, 0x92, 0x85, 0x45, 0x49, 0x2F, 0x5B, 0xA8, 0x00, 0x00, 0x00,
  0x00, 0x00, 0x00, 0x55, 0xBD, 0x6C, 0xF7, 0xF7, 0xEF, 0xCF, 0xBA, 0xED, 0x6A, 0x00, 0x00, 0x00,
  0x00, 0x00, 0x00, 0x16, 0xD7, 0xB5, 0xF3, 0xE7, 0xEF, 0xEF, 0x2F, 0x5B, 0xC8, 0x00, 0x00, 0x00,
  0x00, 0x00, 0x00, 0x4B, 0x75, 0x6C, 0x44, 0x52, 0x20, 0x89, 0x35, 0xEE, 0xAA, 0x00, 0x00, 0x00,
  0x00, 0x00, 0x00, 0x25, 0xAE, 0xF7, 0xBB, 0xAD, 0xDF, 0x76, 0xEE, 0xB5, 0xD2, 0x00, 0x00, 0x00,
  0x00, 0x00, 0x00, 0x2B, 0x75, 0xAD, 0x6E, 0xF7, 0x6A, 0xDB, 0xB5, 0xDE, 0xA8, 0x00, 0x00, 0x00,
  0x00, 0x00, 0x00, 0x56, 0xDE, 0xDB, 0xB5, 0xAD, 0xBB, 0x6D, 0x6E, 0xB5, 0xD4, 0x00, 0x00, 0x00,
  0x00, 0x00, 0x00, 0x09, 0xB5, 0xB6, 0xDE, 0xDA, 0xD7, 0xB7, 0xB5, 0xDB, 0x44, 0x00, 0x00, 0x00,
  0x00, 0x00, 0x00, 0x2E, 0xD6, 0xDA, 0xAB, 0x6F, 0x6C, 0xDA, 0xDB, 0x6D, 0x74, 0x00, 0x00, 0x00,
  0x00, 0x00, 0x00, 0x15, 0x11, 0x25, 0x50, 0x90, 0x92, 0x24, 0x24, 0x11, 0x50, 0x00, 0x00, 0x00,
  0x00, 0x00, 0x00, 0x02, 0x55, 0x52, 0x2A, 0x4A, 0x49, 0x92, 0x92, 0xCA, 0x00, 0x00, 0x00, 0x00,
  0x00, 0x00, 0x00, 0x00, 0x00, 0x00, 0x00, 0x00, 0x00, 0x00, 0x00, 0x00, 0x00, 0x00, 0x00, 0x00,
  0x00, 0x00, 0x00, 0x00, 0x00, 0x00, 0x00, 0x00, 0x00, 0x00, 0x00, 0x00, 0x00, 0x00, 0x00, 0x00,
  0x00, 0x00, 0x00, 0x00, 0x00, 0x00, 0x00, 0x00, 0x00, 0x00, 0x00, 0x00, 0x00, 0x00, 0x00, 0x00,
  0x00, 0x00, 0x00, 0x00, 0x00, 0x00, 0x00, 0x00, 0x00, 0x00, 0x00, 0x00, 0x00, 0x00, 0x00, 0x00,
  0x00, 0x00, 0x00, 0x00, 0x00, 0x00, 0x00, 0x00, 0x00, 0x00, 0x00, 0x00, 0x00, 0x00, 0x00, 0x00,
  0x00, 0x00, 0x00, 0x00, 0x00, 0x00, 0x00, 0x00, 0x00, 0x00, 0x00, 0x00, 0x00, 0x00, 0x00, 0x00,
  0x00, 0x00, 0x00, 0x00, 0x00, 0x00, 0x00, 0x00, 0x00, 0x00, 0x00, 0x00, 0x00, 0x00, 0x00, 0x00,
  0x00, 0x00, 0x00, 0x00, 0x00, 0x00, 0x00, 0x00, 0x00, 0x00, 0x00, 0x00, 0x00, 0x00, 0x00, 0x00,
  0x00, 0x00, 0x00, 0x00, 0x00, 0x00, 0x00, 0x00, 0x00, 0x00, 0x00, 0x00, 0x00, 0x00, 0x00, 0x00,
  0x00, 0x00, 0x00, 0x00, 0x00, 0x00, 0x00, 0x00, 0x00, 0x00, 0x00, 0x00, 0x00, 0x00, 0x00, 0x00,
  0x00, 0x00, 0x00, 0x00, 0x00, 0x00, 0x00, 0x00, 0x00, 0x00, 0x00, 0x00, 0x00, 0x00, 0x00, 0x00
};

const unsigned char gif_frame_34[] PROGMEM = {
  0x00, 0x00, 0x00, 0x00, 0x00, 0x00, 0x00, 0x00, 0x00, 0x00, 0x00, 0x00, 0x00, 0x00, 0x00, 0x00,
  0x00, 0x00, 0x00, 0x00, 0x00, 0x00, 0x00, 0x00, 0x00, 0x00, 0x00, 0x00, 0x00, 0x00, 0x00, 0x00,
  0x00, 0x00, 0x00, 0x00, 0x00, 0x00, 0x00, 0x00, 0x00, 0x00, 0x00, 0x00, 0x00, 0x00, 0x00, 0x00,
  0x00, 0x00, 0x00, 0x00, 0x00, 0x00, 0x00, 0x00, 0x00, 0x00, 0x00, 0x00, 0x00, 0x00, 0x00, 0x00,
  0x00, 0x00, 0x00, 0x00, 0x00, 0x00, 0x00, 0x00, 0x00, 0x00, 0x00, 0x00, 0x00, 0x00, 0x00, 0x00,
  0x00, 0x00, 0x00, 0x00, 0x00, 0x00, 0x00, 0x00, 0x00, 0x00, 0x00, 0x00, 0x00, 0x00, 0x00, 0x00,
  0x00, 0x00, 0x00, 0x00, 0x00, 0x00, 0x00, 0x00, 0x00, 0x00, 0x00, 0x00, 0x00, 0x00, 0x00, 0x00,
  0x00, 0x00, 0x00, 0x00, 0x00, 0x00, 0x00, 0x00, 0x00, 0x00, 0x00, 0x00, 0x00, 0x00, 0x00, 0x00,
  0x00, 0x00, 0x00, 0x00, 0x00, 0x00, 0x00, 0x00, 0x00, 0x00, 0x00, 0x00, 0x00, 0x00, 0x00, 0x00,
  0x00, 0x00, 0x00, 0x00, 0x00, 0x00, 0x00, 0x00, 0x00, 0x00, 0x00, 0x00, 0x00, 0x00, 0x00, 0x00,
  0x00, 0x00, 0x00, 0x00, 0x00, 0x00, 0x00, 0x00, 0x00, 0x00, 0x00, 0x00, 0x00, 0x00, 0x00, 0x00,
  0x00, 0x00, 0x00, 0x00, 0x00, 0x00, 0x00, 0x05, 0x20, 0x00, 0x00, 0x00, 0x00, 0x00, 0x00, 0x00,
  0x00, 0x00, 0x00, 0x00, 0x00, 0x00, 0x00, 0x35, 0x54, 0x00, 0x00, 0x00, 0x00, 0x00, 0x00, 0x00,
  0x00, 0x00, 0x54, 0x00, 0x00, 0x00, 0x00, 0xAA, 0xAA, 0x00, 0x00, 0x00, 0x00, 0x15, 0x00, 0x00,
  0x00, 0x00, 0x40, 0x00, 0x00, 0x00, 0x00, 0xD5, 0x55, 0x00, 0x00, 0x00, 0x00, 0x22, 0x00, 0x00,
  0x00, 0x00, 0x18, 0x00, 0x00, 0x00, 0x01, 0x2A, 0xA2, 0x80, 0x00, 0x00, 0x00, 0x08, 0x00, 0x00,
  0x00, 0x00, 0x08, 0x00, 0x00, 0x00, 0x00, 0x00, 0x08, 0x00, 0x00, 0x00, 0x00, 0x10, 0x00, 0x00,
  0x00, 0x00, 0x08, 0x01, 0x55, 0x55, 0x5B, 0x6D, 0x55, 0x75, 0x55, 0x55, 0x00, 0x30, 0x00, 0x00,
  0x00, 0x00, 0x0C, 0x0E, 0xAA, 0xAA, 0xAA, 0xAA, 0xAA, 0x95, 0x55, 0x55, 0x70, 0x10, 0x00, 0x00,
  0x00, 0x00, 0x04, 0x3E, 0xDD, 0xDD, 0xDD, 0xDD, 0xF7, 0xFF, 0xBB, 0xBA, 0xF4, 0x20, 0x00, 0x00,
  0x00, 0x00, 0x04, 0x45, 0xF7, 0xF7, 0xF7, 0xF7, 0xBE, 0xD6, 0xFF, 0xEF, 0x94, 0x20, 0x00, 0x00,
  0x00, 0x00, 0x04, 0x37, 0x7E, 0xDE, 0xDF, 0x7F, 0xF7, 0xFF, 0xDA, 0xFF, 0xEA, 0x60, 0x00, 0x00,
  0x00, 0x00, 0x06, 0x57, 0xDB, 0xFF, 0xFD, 0xDA, 0xDE, 0xB6, 0xFF, 0xB6, 0xD4, 0x40, 0x00, 0x00,
  0x00, 0x00, 0x02, 0x2A, 0xFF, 0x6D, 0xB7, 0xFF, 0xFB, 0xFF, 0xDB, 0xFF, 0xD4, 0x40, 0x00, 0x00,
  0x00, 0x00, 0x02, 0x57, 0xB7, 0xF5, 0x5E, 0xAD, 0xBF, 0x6A, 0x6E, 0xDA, 0xEA, 0x40, 0x00, 0x00,
  0x00, 0x00, 0x03, 0x2B, 0xFD, 0x02, 0x43, 0xFF, 0xEB, 0x91, 0x01, 0xF7, 0xAA, 0xC0, 0x00, 0x00,
  0x00, 0x00, 0x01, 0x2E, 0xAC, 0x7F, 0xF8, 0x6A, 0xBE, 0x2F, 0xFC, 0x3E, 0xE8, 0x80, 0x00, 0x00,
  0x00, 0x00, 0x01, 0x53, 0xF1, 0xFF, 0xFF, 0x1F, 0xE8, 0xFF, 0xFF, 0x8B, 0xD5, 0x00, 0x00, 0x00,
  0x00, 0x00, 0x02, 0xAE, 0xD3, 0xAF, 0xFF, 0x9B, 0x73, 0xD7, 0xFF, 0xCF, 0x6A, 0xA0, 0x00, 0x00,
  0x00, 0x00, 0x14, 0x53, 0xC6, 0x03, 0xFF, 0xC7, 0xD2, 0x01, 0xFF, 0xE3, 0xD4, 0x94, 0x00, 0x00,
  0x00, 0x00, 0x22, 0xAE, 0xCC, 0x01, 0xFF, 0xED, 0x66, 0x20, 0xFF, 0xF2, 0xD2, 0x40, 0x00, 0x00,
  0x00, 0x00, 0x48, 0x47, 0x48, 0xA8, 0xFF, 0xE7, 0xE4, 0x88, 0x7F, 0xF3, 0xD5, 0x2A, 0x00, 0x00,
  0x00, 0x00, 0x12, 0xB5, 0xCC, 0x01, 0xFF, 0xC5, 0x56, 0x02, 0xFF, 0xF3, 0x6A, 0x04, 0x00, 0x00,
  0x00, 0x00, 0x44, 0x4B, 0x66, 0x07, 0xFF, 0xCF, 0xE3, 0x21, 0xFF, 0xE7, 0xD4, 0xA9, 0x00, 0x00,
  0x00, 0x00, 0x21, 0x2B, 0xE3, 0xFF, 0xFF, 0x9A, 0xB9, 0xFF, 0xFF, 0xCA, 0xCA, 0x00, 0x00, 0x00,
  0x00, 0x00, 0x8A, 0x56, 0xB9, 0xFF, 0xFE, 0x3F, 0xE8, 0xFF, 0xFF, 0x1F, 0x69, 0x55, 0x00, 0x00,
  0x00, 0x00, 0x20, 0x4B, 0xEC, 0x2F, 0xE8, 0xEA, 0xBF, 0x0F, 0xF8, 0x6B, 0xD4, 0x00, 0x00, 0x00,
  0x00, 0x00, 0x0A, 0x56, 0xBF, 0x80, 0x07, 0xBF, 0xED, 0xA0, 0x03, 0xFD, 0x52, 0xAA, 0x00, 0x00,
  0x00, 0x00, 0x40, 0x55, 0xEA, 0xFF, 0xFD, 0x6B, 0xF6, 0xFF, 0xFE, 0xAF, 0xD4, 0x00, 0x00, 0x00,
  0x00, 0x00, 0x12, 0x4B, 0x5F, 0xB5, 0x57, 0xDE, 0xAF, 0xAA, 0xAB, 0xF5, 0x6A, 0x92, 0x00, 0x00,
  0x00, 0x00, 0x00, 0x57, 0xF5, 0x7F, 0xFA, 0xF7, 0xFA, 0xFF, 0xDE, 0xAE, 0xC8, 0x00, 0x00, 0x00,
  0x00, 0x00, 0x0A, 0x55, 0x5E, 0xD5, 0x2D, 0x54, 0x95, 0x52, 0x75, 0xF7, 0x66, 0x48, 0x00, 0x00,
  0x00, 0x00, 0x00, 0x26, 0xEB, 0xBA, 0x92, 0x85, 0x45, 0x49, 0x2F, 0x5B, 0xA8, 0x00, 0x00, 0x00,
  0x00, 0x00, 0x00, 0x55, 0xBD, 0x6C, 0xF7, 0xF7, 0xEF, 0xCF, 0xBA, 0xED, 0x6A, 0x00, 0x00, 0x00,
  0x00, 0x00, 0x00, 0x16, 0xD7, 0xB5, 0xF3, 0xE7, 0xEF, 0xEF, 0x2F, 0x5B, 0xC8, 0x00, 0x00, 0x00,
  0x00, 0x00, 0x00, 0x4B, 0x75, 0x6C, 0x44, 0x52, 0x20, 0x89, 0x35, 0xEE, 0xAA, 0x00, 0x00, 0x00,
  0x00, 0x00, 0x00, 0x25, 0xAE, 0xF7, 0xBB, 0xAD, 0xDF, 0x76, 0xEE, 0xB5, 0xD2, 0x00, 0x00, 0x00,
  0x00, 0x00, 0x00, 0x2B, 0x75, 0xAD, 0x6E, 0xF7, 0x6A, 0xDB, 0xB5, 0xDE, 0xA8, 0x00, 0x00, 0x00,
  0x00, 0x00, 0x00, 0x56, 0xDE, 0xDB, 0xB5, 0xAD, 0xBB, 0x6D, 0x6E, 0xB5, 0xD4, 0x00, 0x00, 0x00,
  0x00, 0x00, 0x00, 0x09, 0xB5, 0xB6, 0xDE, 0xDA, 0xD7, 0xB7, 0xB5, 0xDB, 0x44, 0x00, 0x00, 0x00,
  0x00, 0x00, 0x00, 0x2E, 0xD6, 0xDA, 0xAB, 0x6F, 0x6C, 0xDA, 0xDB, 0x6D, 0x74, 0x00, 0x00, 0x00,
  0x00, 0x00, 0x00, 0x15, 0x11, 0x25, 0x50, 0x90, 0x92, 0x24, 0x24, 0x11, 0x50, 0x00, 0x00, 0x00,
  0x00, 0x00, 0x00, 0x02, 0x55, 0x52, 0x2A, 0x4A, 0x49, 0x92, 0x92, 0xCA, 0x00, 0x00, 0x00, 0x00,
  0x00, 0x00, 0x00, 0x00, 0x00, 0x00, 0x00, 0x00, 0x00, 0x00, 0x00, 0x00, 0x00, 0x00, 0x00, 0x00,
  0x00, 0x00, 0x00, 0x00, 0x00, 0x00, 0x00, 0x00, 0x00, 0x00, 0x00, 0x00, 0x00, 0x00, 0x00, 0x00,
  0x00, 0x00, 0x00, 0x00, 0x00, 0x00, 0x00, 0x00, 0x00, 0x00, 0x00, 0x00, 0x00, 0x00, 0x00, 0x00,
  0x00, 0x00, 0x00, 0x00, 0x00, 0x00, 0x00, 0x00, 0x00, 0x00, 0x00, 0x00, 0x00, 0x00, 0x00, 0x00,
  0x00, 0x00, 0x00, 0x00, 0x00, 0x00, 0x00, 0x00, 0x00, 0x00, 0x00, 0x00, 0x00, 0x00, 0x00, 0x00,
  0x00, 0x00, 0x00, 0x00, 0x00, 0x00, 0x00, 0x00, 0x00, 0x00, 0x00, 0x00, 0x00, 0x00, 0x00, 0x00,
  0x00, 0x00, 0x00, 0x00, 0x00, 0x00, 0x00, 0x00, 0x00, 0x00, 0x00, 0x00, 0x00, 0x00, 0x00, 0x00,
  0x00, 0x00, 0x00, 0x00, 0x00, 0x00, 0x00, 0x00, 0x00, 0x00, 0x00, 0x00, 0x00, 0x00, 0x00, 0x00,
  0x00, 0x00, 0x00, 0x00, 0x00, 0x00, 0x00, 0x00, 0x00, 0x00, 0x00, 0x00, 0x00, 0x00, 0x00, 0x00,
  0x00, 0x00, 0x00, 0x00, 0x00, 0x00, 0x00, 0x00, 0x00, 0x00, 0x00, 0x00, 0x00, 0x00, 0x00, 0x00,
  0x00, 0x00, 0x00, 0x00, 0x00, 0x00, 0x00, 0x00, 0x00, 0x00, 0x00, 0x00, 0x00, 0x00, 0x00, 0x00
};

const unsigned char gif_frame_35[] PROGMEM = {
  0x00, 0x00, 0x00, 0x00, 0x00, 0x00, 0x00, 0x00, 0x00, 0x00, 0x00, 0x00, 0x00, 0x00, 0x00, 0x00,
  0x00, 0x00, 0x00, 0x00, 0x00, 0x00, 0x00, 0x00, 0x00, 0x00, 0x00, 0x00, 0x00, 0x00, 0x00, 0x00,
  0x00, 0x00, 0x00, 0x00, 0x00, 0x00, 0x00, 0x00, 0x00, 0x00, 0x00, 0x00, 0x00, 0x00, 0x00, 0x00,
  0x00, 0x00, 0x00, 0x00, 0x00, 0x00, 0x00, 0x00, 0x00, 0x00, 0x00, 0x00, 0x00, 0x00, 0x00, 0x00,
  0x00, 0x00, 0x00, 0x00, 0x00, 0x00, 0x00, 0x00, 0x00, 0x00, 0x00, 0x00, 0x00, 0x00, 0x00, 0x00,
  0x00, 0x00, 0x00, 0x00, 0x00, 0x00, 0x00, 0x00, 0x00, 0x00, 0x00, 0x00, 0x00, 0x00, 0x00, 0x00,
  0x00, 0x00, 0x00, 0x00, 0x00, 0x00, 0x00, 0x00, 0x00, 0x00, 0x00, 0x00, 0x00, 0x00, 0x00, 0x00,
  0x00, 0x00, 0x00, 0x00, 0x00, 0x00, 0x00, 0x00, 0x00, 0x00, 0x00, 0x00, 0x00, 0x00, 0x00, 0x00,
  0x00, 0x00, 0x00, 0x00, 0x00, 0x00, 0x00, 0x00, 0x00, 0x00, 0x00, 0x00, 0x00, 0x00, 0x00, 0x00,
  0x00, 0x00, 0x00, 0x00, 0x00, 0x00, 0x00, 0x00, 0x00, 0x00, 0x00, 0x00, 0x00, 0x00, 0x00, 0x00,
  0x00, 0x00, 0x00, 0x00, 0x00, 0x00, 0x00, 0x00, 0x00, 0x00, 0x00, 0x00, 0x00, 0x00, 0x00, 0x00,
  0x00, 0x00, 0x00, 0x00, 0x00, 0x00, 0x00, 0x05, 0x20, 0x00, 0x00, 0x00, 0x00, 0x00, 0x00, 0x00,
  0x00, 0x00, 0x00, 0x00, 0x00, 0x00, 0x00, 0x35, 0x54, 0x00, 0x00, 0x00, 0x00, 0x00, 0x00, 0x00,
  0x00, 0x00, 0x54, 0x00, 0x00, 0x00, 0x00, 0xAA, 0xAA, 0x00, 0x00, 0x00, 0x00, 0x15, 0x00, 0x00,
  0x00, 0x00, 0x40, 0x00, 0x00, 0x00, 0x00, 0xD5, 0x55, 0x00, 0x00, 0x00, 0x00, 0x22, 0x00, 0x00,
  0x00, 0x00, 0x18, 0x00, 0x00, 0x00, 0x01, 0x2A, 0xA2, 0x80, 0x00, 0x00, 0x00, 0x08, 0x00, 0x00,
  0x00, 0x00, 0x08, 0x00, 0x00, 0x00, 0x00, 0x00, 0x08, 0x00, 0x00, 0x00, 0x00, 0x10, 0x00, 0x00,
  0x00, 0x00, 0x08, 0x01, 0x55, 0x55, 0x5B, 0x6D, 0x55, 0x75, 0x55, 0x55, 0x00, 0x30, 0x00, 0x00,
  0x00, 0x00, 0x0C, 0x0E, 0xAA, 0xAA, 0xAA, 0xAA, 0xAA, 0x95, 0x55, 0x55, 0x70, 0x10, 0x00, 0x00,
  0x00, 0x00, 0x04, 0x3E, 0xDD, 0xDD, 0xDD, 0xDD, 0xF7, 0xFF, 0xBB, 0xBA, 0xF4, 0x20, 0x00, 0x00,
  0x00, 0x00, 0x04, 0x45, 0xF7, 0xF7, 0xF7, 0xF7, 0xBE, 0xD6, 0xFF, 0xEF, 0x94, 0x20, 0x00, 0x00,
  0x00, 0x00, 0x04, 0x37, 0x7E, 0xDE, 0xDF, 0x7F, 0xF7, 0xFF, 0xDA, 0xFF, 0xEA, 0x60, 0x00, 0x00,
  0x00, 0x00, 0x06, 0x57, 0xDB, 0xFF, 0xFD, 0xDA, 0xDE, 0xB6, 0xFF, 0xB6, 0xD4, 0x40, 0x00, 0x00,
  0x00, 0x00, 0x02, 0x2A, 0xFF, 0x6D, 0xB7, 0xFF, 0xFB, 0xFF, 0xDB, 0xFF, 0xD4, 0x40, 0x00, 0x00,
  0x00, 0x00, 0x02, 0x57, 0xB7, 0xF5, 0x5E, 0xAD, 0xBF, 0x6A, 0x6E, 0xDA, 0xEA, 0x40, 0x00, 0x00,
  0x00, 0x00, 0x03, 0x2B, 0xFD, 0x02, 0x43, 0xFF, 0xEB, 0x91, 0x01, 0xF7, 0xAA, 0xC0, 0x00, 0x00,
  0x00, 0x00, 0x01, 0x2E, 0xAC, 0x7F, 0xF8, 0x6A, 0xBE, 0x2F, 0xFC, 0x3E, 0xE8, 0x80, 0x00, 0x00,
  0x00, 0x00, 0x01, 0x53, 0xF1, 0xFF, 0xFF, 0x1F, 0xE8, 0xFF, 0xFF, 0x8B, 0xD5, 0x00, 0x00, 0x00,
  0x00, 0x00, 0x02, 0xAE, 0xD3, 0xEB, 0xFF, 0x9B, 0x73, 0xF5, 0xFF, 0xCF, 0x6A, 0xA0, 0x00, 0x00,
  0x00, 0x00, 0x14, 0x53, 0xC7, 0x80, 0x7F, 0xC7, 0xD3, 0xC0, 0x3F, 0xE3, 0xD4, 0x94, 0x00, 0x00,
  0x00, 0x00, 0x22, 0xAE, 0xCF, 0x08, 0x3F, 0xED, 0x67, 0x88, 0x1F, 0xF2, 0xD2, 0x40, 0x00, 0x00,
  0x00, 0x00, 0x48, 0x47, 0x4F, 0x21, 0x3F, 0xE7, 0xE7, 0x82, 0x9F, 0xF3, 0xD5, 0x2A, 0x00, 0x00,
  0x00, 0x00, 0x12, 0xB5, 0xCF, 0x04, 0x7F, 0xC5, 0x57, 0x90, 0x3F, 0xF3, 0x6A, 0x04, 0x00, 0x00,
  0x00, 0x00, 0x44, 0x4B, 0x67, 0xC0, 0xFF, 0xCF, 0xE3, 0xE0, 0xBF, 0xE7, 0xD4, 0xA9, 0x00, 0x00,
  0x00, 0x00, 0x21, 0x2B, 0xE3, 0xFF, 0xFF, 0x9A, 0xB9, 0xFF, 0xFF, 0xCA, 0xCA, 0x00, 0x00, 0x00,
  0x00, 0x00, 0x8A, 0x56, 0xB8, 0xFF, 0xFE, 0x3F, 0xE8, 0x7F, 0xFF, 0x1F, 0x69, 0x55, 0x00, 0x00,
  0x00, 0x00, 0x20, 0x4B, 0xEE, 0x2F, 0xE8, 0xEA, 0xBF, 0x17, 0xF4, 0x6B, 0xD4, 0x00, 0x00, 0x00,
  0x00, 0x00, 0x0A, 0x56, 0xBB, 0x90, 0x07, 0xBF, 0xED, 0xC0, 0x03, 0xFD, 0x52, 0xAA, 0x00, 0x00,
  0x00, 0x00, 0x40, 0x55, 0xEE, 0xF7, 0xFA, 0xD7, 0xDB, 0x7F, 0xFE, 0xAB, 0xD4, 0x00, 0x00, 0x00,
  0x00, 0x00, 0x12, 0x4B, 0x5B, 0xBD, 0x5F, 0x7A, 0xF7, 0xDA, 0xAB, 0xDE, 0xD5, 0x24, 0x00, 0x00,
  0x00, 0x00, 0x00, 0x57, 0xF6, 0xD7, 0xEB, 0xDF, 0x5D, 0x7F, 0xFD, 0x77, 0x64, 0x00, 0x00, 0x00,
  0x00, 0x00, 0x0A, 0x55, 0x5D, 0xFA, 0x5A, 0x52, 0xD5, 0xA4, 0xAF, 0xBA, 0xD5, 0x20, 0x00, 0x00,
  0x00, 0x00, 0x00, 0x26, 0xEB, 0x54, 0xA2, 0xA5, 0x24, 0x8A, 0x35, 0x6F, 0x52, 0x00, 0x00, 0x00,
  0x00, 0x00, 0x00, 0x55, 0xBE, 0xED, 0xF7, 0xF7, 0xEF, 0xEF, 0xBB, 0xB5, 0xD4, 0x00, 0x00, 0x00,
  0x00, 0x00, 0x00, 0x16, 0xD5, 0xB9, 0xF3, 0xE7, 0xE7, 0xCF, 0x2D, 0xDE, 0xC8, 0x00, 0x00, 0x00,
  0x00, 0x00, 0x00, 0x4B, 0x7B, 0x6C, 0xF7, 0xF7, 0xEF, 0xEF, 0xB6, 0xB5, 0x6A, 0x00, 0x00, 0x00,
  0x00, 0x00, 0x00, 0x25, 0xAE, 0xDA, 0x10, 0x04, 0x22, 0x08, 0x2D, 0xDB, 0xA4, 0x00, 0x00, 0x00,
  0x00, 0x00, 0x00, 0x2B, 0x75, 0xB7, 0xEF, 0xFB, 0xDD, 0xF7, 0xF6, 0xEE, 0xD2, 0x00, 0x00, 0x00,
  0x00, 0x00, 0x00, 0x56, 0xDB, 0x6D, 0x5A, 0xAD, 0x6B, 0x5D, 0x5B, 0x5B, 0x54, 0x00, 0x00, 0x00,
  0x00, 0x00, 0x00, 0x09, 0xAE, 0xDB, 0xB7, 0xF7, 0xBD, 0xEB, 0xB6, 0xED, 0xA4, 0x00, 0x00, 0x00,
  0x00, 0x00, 0x00, 0x2E, 0xDB, 0x6D, 0x6A, 0x55, 0x56, 0xAD, 0x5B, 0x55, 0x74, 0x00, 0x00, 0x00,
  0x00, 0x00, 0x00, 0x15, 0x20, 0x92, 0x29, 0x29, 0x48, 0x52, 0xA4, 0x94, 0xA8, 0x00, 0x00, 0x00,
  0x00, 0x00, 0x00, 0x02, 0x56, 0x49, 0x4A, 0x94, 0xA5, 0x24, 0x52, 0x52, 0x40, 0x00, 0x00, 0x00,
  0x00, 0x00, 0x00, 0x00, 0x00, 0x00, 0x00, 0x00, 0x00, 0x00, 0x00, 0x00, 0x00, 0x00, 0x00, 0x00,
  0x00, 0x00, 0x00, 0x00, 0x00, 0x00, 0x00, 0x00, 0x00, 0x00, 0x00, 0x00, 0x00, 0x00, 0x00, 0x00,
  0x00, 0x00, 0x00, 0x00, 0x00, 0x00, 0x00, 0x00, 0x00, 0x00, 0x00, 0x00, 0x00, 0x00, 0x00, 0x00,
  0x00, 0x00, 0x00, 0x00, 0x00, 0x00, 0x00, 0x00, 0x00, 0x00, 0x00, 0x00, 0x00, 0x00, 0x00, 0x00,
  0x00, 0x00, 0x00, 0x00, 0x00, 0x00, 0x00, 0x00, 0x00, 0x00, 0x00, 0x00, 0x00, 0x00, 0x00, 0x00,
  0x00, 0x00, 0x00, 0x00, 0x00, 0x00, 0x00, 0x00, 0x00, 0x00, 0x00, 0x00, 0x00, 0x00, 0x00, 0x00,
  0x00, 0x00, 0x00, 0x00, 0x00, 0x00, 0x00, 0x00, 0x00, 0x00, 0x00, 0x00, 0x00, 0x00, 0x00, 0x00,
  0x00, 0x00, 0x00, 0x00, 0x00, 0x00, 0x00, 0x00, 0x00, 0x00, 0x00, 0x00, 0x00, 0x00, 0x00, 0x00,
  0x00, 0x00, 0x00, 0x00, 0x00, 0x00, 0x00, 0x00, 0x00, 0x00, 0x00, 0x00, 0x00, 0x00, 0x00, 0x00,
  0x00, 0x00, 0x00, 0x00, 0x00, 0x00, 0x00, 0x00, 0x00, 0x00, 0x00, 0x00, 0x00, 0x00, 0x00, 0x00,
  0x00, 0x00, 0x00, 0x00, 0x00, 0x00, 0x00, 0x00, 0x00, 0x00, 0x00, 0x00, 0x00, 0x00, 0x00, 0x00
};

const unsigned char gif_frame_36[] PROGMEM = {
  0x00, 0x00, 0x00, 0x00, 0x00, 0x00, 0x00, 0x00, 0x00, 0x00, 0x00, 0x00, 0x00, 0x00, 0x00, 0x00,
  0x00, 0x00, 0x00, 0x00, 0x00, 0x00, 0x00, 0x00, 0x00, 0x00, 0x00, 0x00, 0x00, 0x00, 0x00, 0x00,
  0x00, 0x00, 0x00, 0x00, 0x00, 0x00, 0x00, 0x00, 0x00, 0x00, 0x00, 0x00, 0x00, 0x00, 0x00, 0x00,
  0x00, 0x00, 0x00, 0x00, 0x00, 0x00, 0x00, 0x00, 0x00, 0x00, 0x00, 0x00, 0x00, 0x00, 0x00, 0x00,
  0x00, 0x00, 0x00, 0x00, 0x00, 0x00, 0x00, 0x00, 0x00, 0x00, 0x00, 0x00, 0x00, 0x00, 0x00, 0x00,
  0x00, 0x00, 0x00, 0x00, 0x00, 0x00, 0x00, 0x00, 0x00, 0x00, 0x00, 0x00, 0x00, 0x00, 0x00, 0x00,
  0x00, 0x00, 0x00, 0x00, 0x00, 0x00, 0x00, 0x00, 0x00, 0x00, 0x00, 0x00, 0x00, 0x00, 0x00, 0x00,
  0x00, 0x00, 0x00, 0x00, 0x00, 0x00, 0x00, 0x00, 0x00, 0x00, 0x00, 0x00, 0x00, 0x00, 0x00, 0x00,
  0x00, 0x00, 0x00, 0x00, 0x00, 0x00, 0x00, 0x00, 0x00, 0x00, 0x00, 0x00, 0x00, 0x00, 0x00, 0x00,
  0x00, 0x00, 0x00, 0x00, 0x00, 0x00, 0x00, 0x00, 0x00, 0x00, 0x00, 0x00, 0x00, 0x00, 0x00, 0x00,
  0x00, 0x00, 0x00, 0x00, 0x00, 0x00, 0x00, 0x00, 0x00, 0x00, 0x00, 0x00, 0x00, 0x00, 0x00, 0x00,
  0x00, 0x00, 0x00, 0x00, 0x00, 0x00, 0x00, 0x05, 0x40, 0x00, 0x00, 0x00, 0x00, 0x00, 0x00, 0x00,
  0x00, 0x00, 0x00, 0x00, 0x00, 0x00, 0x00, 0x3F, 0xBC, 0x00, 0x00, 0x00, 0x00, 0x00, 0x00, 0x00,
  0x00, 0x00, 0x54, 0x00, 0x00, 0x00, 0x00, 0xEA, 0xD6, 0x00, 0x00, 0x00, 0x00, 0x15, 0x00, 0x00,
  0x00, 0x00, 0x40, 0x00, 0x00, 0x00, 0x01, 0x7D, 0x75, 0x80, 0x00, 0x00, 0x00, 0x22, 0x00, 0x00,
  0x00, 0x00, 0x18, 0x00, 0x00, 0x00, 0x01, 0x45, 0x4A, 0x00, 0x00, 0x00, 0x00, 0x08, 0x00, 0x00,
  0x00, 0x00, 0x08, 0x00, 0x00, 0x00, 0x00, 0x00, 0x00, 0x80, 0x00, 0x00, 0x00, 0x10, 0x00, 0x00,
  0x00, 0x00, 0x08, 0x01, 0x55, 0x55, 0x5B, 0x76, 0xDA, 0xBA, 0xAA, 0xAA, 0x80, 0x30, 0x00, 0x00,
  0x00, 0x00, 0x0C, 0x0E, 0xAA, 0xAA, 0xAA, 0x95, 0x55, 0x4A, 0xAA, 0xAA, 0xE8, 0x10, 0x00, 0x00,
  0x00, 0x00, 0x04, 0x3E, 0xDD, 0xDD, 0xDD, 0xEE, 0xEF, 0xFD, 0xDD, 0xDD, 0x74, 0x20, 0x00, 0x00,
  0x00, 0x00, 0x04, 0x45, 0xF7, 0xF7, 0xF7, 0xBF, 0xFD, 0xB7, 0xFF, 0xF7, 0xAA, 0x20, 0x00, 0x00,
  0x00, 0x00, 0x04, 0x37, 0x7E, 0xDE, 0xDE, 0xF6, 0xB7, 0xFE, 0xD6, 0xBF, 0xD4, 0x60, 0x00, 0x00,
  0x00, 0x00, 0x06, 0x57, 0xDB, 0xFF, 0xFB, 0xFF, 0xFE, 0xDB, 0xFF, 0xF6, 0xD4, 0x20, 0x00, 0x00,
  0x00, 0x00, 0x02, 0x2A, 0xFF, 0x6D, 0xBF, 0x5B, 0x6F, 0xBF, 0x76, 0xDF, 0xEA, 0x40, 0x00, 0x00,
  0x00, 0x00, 0x02, 0x57, 0xB7, 0xF5, 0x57, 0xFF, 0xFA, 0xF5, 0x5F, 0xFA, 0xAA, 0x40, 0x00, 0x00,
  0x00, 0x00, 0x03, 0x2B, 0xFD, 0x02, 0x42, 0xD5, 0x5F, 0x81, 0x00, 0xDF, 0xE8, 0xC0, 0x00, 0x00,
  0x00, 0x00, 0x01, 0x2E, 0xAC, 0x7F, 0xFC, 0x7F, 0xF4, 0x3F, 0xFC, 0x36, 0xD6, 0x80, 0x00, 0x00,
  0x00, 0x00, 0x01, 0x53, 0xF1, 0xFF, 0xFF, 0x1B, 0x7A, 0xFF, 0xFF, 0x9F, 0xD0, 0x80, 0x00, 0x00,
  0x00, 0x00, 0x02, 0xAE, 0xD3, 0xFD, 0x7F, 0x9F, 0xD1, 0xFE, 0xBF, 0xC5, 0x6E, 0x90, 0x00, 0x00,
  0x00, 0x00, 0x14, 0x53, 0xC7, 0xE0, 0x1F, 0xC5, 0x67, 0xF0, 0x0F, 0xE7, 0xD1, 0x20, 0x00, 0x00,
  0x00, 0x00, 0x22, 0xAE, 0xCF, 0xE1, 0x07, 0xE7, 0xE7, 0xF1, 0x07, 0xF2, 0xD4, 0x8A, 0x00, 0x00,
  0x00, 0x00, 0x48, 0x47, 0x4F, 0xC8, 0x4F, 0xE6, 0xA7, 0xE4, 0x43, 0xF3, 0xD6, 0x50, 0x00, 0x00,
  0x00, 0x00, 0x12, 0xB5, 0xCF, 0xE2, 0x0F, 0xCF, 0xE7, 0xF0, 0x17, 0xE5, 0x69, 0x0A, 0x00, 0x00,
  0x00, 0x00, 0x44, 0x4B, 0x67, 0xF0, 0x3F, 0xCA, 0xB3, 0xF9, 0x0F, 0xE7, 0xD4, 0x41, 0x00, 0x00,
  0x00, 0x00, 0x21, 0x2B, 0xE3, 0xFF, 0xFF, 0x9F, 0xE9, 0xFF, 0xFF, 0xCD, 0x65, 0x2A, 0x00, 0x00,
  0x00, 0x00, 0x8A, 0x56, 0xB8, 0xFF, 0xFE, 0x35, 0x78, 0x7F, 0xFF, 0x1B, 0xD4, 0x80, 0x00, 0x00,
  0x00, 0x00, 0x20, 0x4B, 0xEE, 0x2F, 0xE8, 0xDF, 0xAF, 0x17, 0xF4, 0x77, 0x6A, 0x2A, 0x00, 0x00,
  0x00, 0x00, 0x0A, 0x56, 0xBB, 0x90, 0x07, 0x75, 0xFB, 0xC8, 0x03, 0xDD, 0xA4, 0x80, 0x00, 0x00,
  0x00, 0x00, 0x40, 0x55, 0xEE, 0xFF, 0x7B, 0xDF, 0xD6, 0xFB, 0xBE, 0xB7, 0x6A, 0x12, 0x00, 0x00,
  0x00, 0x00, 0x12, 0x4B, 0x5B, 0xAA, 0xED, 0x6B, 0x7D, 0xAE, 0xEB, 0xED, 0xD2, 0x40, 0x00, 0x00,
  0x00, 0x00, 0x00, 0x57, 0xF6, 0xF7, 0xBF, 0xBD, 0xD7, 0x7B, 0xBD, 0x7B, 0x54, 0x08, 0x00, 0x00,
  0x00, 0x00, 0x0A, 0x55, 0x5D, 0xAD, 0x52, 0xD6, 0xB5, 0xAA, 0xD7, 0xAE, 0xEA, 0x40, 0x00, 0x00,
  0x00, 0x00, 0x00, 0x26, 0xEB, 0x7A, 0x52, 0x22, 0x44, 0x8A, 0x3D, 0x77, 0xA4, 0x00, 0x00, 0x00,
  0x00, 0x00, 0x00, 0x55, 0xBE, 0xDD, 0xF7, 0xF7, 0xEF, 0xEF, 0xAB, 0xDA, 0xD2, 0x00, 0x00, 0x00,
  0x00, 0x00, 0x00, 0x16, 0xD5, 0xE8, 0xF3, 0xE7, 0xE7, 0xCF, 0x3D, 0x6F, 0x54, 0x00, 0x00, 0x00,
  0x00, 0x00, 0x00, 0x4B, 0x7B, 0x5D, 0xF7, 0xF7, 0xEF, 0xEF, 0xAB, 0xB5, 0xD2, 0x00, 0x00, 0x00,
  0x00, 0x00, 0x00, 0x25, 0xAE, 0xE9, 0xF3, 0xE7, 0xEF, 0xCF, 0x36, 0xDD, 0x48, 0x00, 0x00, 0x00,
  0x00, 0x00, 0x00, 0x2B, 0x75, 0xB4, 0x0A, 0x28, 0x20, 0x51, 0x5B, 0x6B, 0xEA, 0x00, 0x00, 0x00,
  0x00, 0x00, 0x00, 0x56, 0xDB, 0x5F, 0xF5, 0xD7, 0xDF, 0xAE, 0xDD, 0xBD, 0x48, 0x00, 0x00, 0x00,
  0x00, 0x00, 0x00, 0x09, 0xAD, 0xEA, 0xBE, 0xFD, 0x6A, 0xFB, 0x6B, 0x6B, 0xA4, 0x00, 0x00, 0x00,
  0x00, 0x00, 0x00, 0x2E, 0xDA, 0xB6, 0xCB, 0x26, 0xDB, 0x4D, 0xB5, 0xAC, 0x74, 0x00, 0x00, 0x00,
  0x00, 0x00, 0x00, 0x15, 0x25, 0x09, 0x24, 0x91, 0x24, 0xA2, 0x4A, 0x52, 0xB0, 0x00, 0x00, 0x00,
  0x00, 0x00, 0x00, 0x02, 0x52, 0xAA, 0x92, 0x55, 0x52, 0x55, 0x25, 0x25, 0x00, 0x00, 0x00, 0x00,
  0x00, 0x00, 0x00, 0x00, 0x00, 0x00, 0x00, 0x00, 0x00, 0x00, 0x00, 0x00, 0x00, 0x00, 0x00, 0x00,
  0x00, 0x00, 0x00, 0x00, 0x00, 0x00, 0x00, 0x00, 0x00, 0x00, 0x00, 0x00, 0x00, 0x00, 0x00, 0x00,
  0x00, 0x00, 0x00, 0x00, 0x00, 0x00, 0x00, 0x00, 0x00, 0x00, 0x00, 0x00, 0x00, 0x00, 0x00, 0x00,
  0x00, 0x00, 0x00, 0x00, 0x00, 0x00, 0x00, 0x00, 0x00, 0x00, 0x00, 0x00, 0x00, 0x00, 0x00, 0x00,
  0x00, 0x00, 0x00, 0x00, 0x00, 0x00, 0x00, 0x00, 0x00, 0x00, 0x00, 0x00, 0x00, 0x00, 0x00, 0x00,
  0x00, 0x00, 0x00, 0x00, 0x00, 0x00, 0x00, 0x00, 0x00, 0x00, 0x00, 0x00, 0x00, 0x00, 0x00, 0x00,
  0x00, 0x00, 0x00, 0x00, 0x00, 0x00, 0x00, 0x00, 0x00, 0x00, 0x00, 0x00, 0x00, 0x00, 0x00, 0x00,
  0x00, 0x00, 0x00, 0x00, 0x00, 0x00, 0x00, 0x00, 0x00, 0x00, 0x00, 0x00, 0x00, 0x00, 0x00, 0x00,
  0x00, 0x00, 0x00, 0x00, 0x00, 0x00, 0x00, 0x00, 0x00, 0x00, 0x00, 0x00, 0x00, 0x00, 0x00, 0x00,
  0x00, 0x00, 0x00, 0x00, 0x00, 0x00, 0x00, 0x00, 0x00, 0x00, 0x00, 0x00, 0x00, 0x00, 0x00, 0x00,
  0x00, 0x00, 0x00, 0x00, 0x00, 0x00, 0x00, 0x00, 0x00, 0x00, 0x00, 0x00, 0x00, 0x00, 0x00, 0x00
};

const unsigned char gif_frame_37[] PROGMEM = {
  0x00, 0x00, 0x00, 0x00, 0x00, 0x00, 0x00, 0x00, 0x00, 0x00, 0x00, 0x00, 0x00, 0x00, 0x00, 0x00,
  0x00, 0x00, 0x00, 0x00, 0x00, 0x00, 0x00, 0x00, 0x00, 0x00, 0x00, 0x00, 0x00, 0x00, 0x00, 0x00,
  0x00, 0x00, 0x00, 0x00, 0x00, 0x00, 0x00, 0x00, 0x00, 0x00, 0x00, 0x00, 0x00, 0x00, 0x00, 0x00,
  0x00, 0x00, 0x00, 0x00, 0x00, 0x00, 0x00, 0x00, 0x00, 0x00, 0x00, 0x00, 0x00, 0x00, 0x00, 0x00,
  0x00, 0x00, 0x00, 0x00, 0x00, 0x00, 0x00, 0x00, 0x00, 0x00, 0x00, 0x00, 0x00, 0x00, 0x00, 0x00,
  0x00, 0x00, 0x00, 0x00, 0x00, 0x00, 0x00, 0x00, 0x00, 0x00, 0x00, 0x00, 0x00, 0x00, 0x00, 0x00,
  0x00, 0x00, 0x00, 0x00, 0x00, 0x00, 0x00, 0x00, 0x00, 0x00, 0x00, 0x00, 0x00, 0x00, 0x00, 0x00,
  0x00, 0x00, 0x00, 0x00, 0x00, 0x00, 0x00, 0x00, 0x00, 0x00, 0x00, 0x00, 0x00, 0x00, 0x00, 0x00,
  0x00, 0x00, 0x00, 0x00, 0x00, 0x00, 0x00, 0x00, 0x00, 0x00, 0x00, 0x00, 0x00, 0x00, 0x00, 0x00,
  0x00, 0x00, 0x00, 0x00, 0x00, 0x00, 0x00, 0x00, 0x00, 0x00, 0x00, 0x00, 0x00, 0x00, 0x00, 0x00,
  0x00, 0x00, 0x00, 0x00, 0x00, 0x00, 0x00, 0x00, 0x00, 0x00, 0x00, 0x00, 0x00, 0x00, 0x00, 0x00,
  0x00, 0x00, 0x00, 0x00, 0x00, 0x00, 0x00, 0x05, 0x40, 0x00, 0x00, 0x00, 0x00, 0x00, 0x00, 0x00,
  0x00, 0x00, 0x00, 0x00, 0x00, 0x00, 0x00, 0x3F, 0xBC, 0x00, 0x00, 0x00, 0x00, 0x00, 0x00, 0x00,
  0x00, 0x00, 0x54, 0x00, 0x00, 0x00, 0x00, 0xEA, 0xD6, 0x00, 0x00, 0x00, 0x00, 0x15, 0x00, 0x00,
  0x00, 0x00, 0x40, 0x00, 0x00, 0x00, 0x01, 0x7D, 0x75, 0x80, 0x00, 0x00, 0x00, 0x22, 0x00, 0x00,
  0x00, 0x00, 0x18, 0x00, 0x00, 0x00, 0x01, 0x45, 0x4A, 0x00, 0x00, 0x00, 0x00, 0x08, 0x00, 0x00,
  0x00, 0x00, 0x08, 0x00, 0x00, 0x00, 0x00, 0x00, 0x00, 0x80, 0x00, 0x00, 0x00, 0x10, 0x00, 0x00,
  0x00, 0x00, 0x08, 0x01, 0x55, 0x55, 0x5B, 0x76, 0xDA, 0xBA, 0xAA, 0xAA, 0x80, 0x30, 0x00, 0x00,
  0x00, 0x00, 0x0C, 0x0E, 0xAA, 0xAA, 0xAA, 0x95, 0x55, 0x4A, 0xAA, 0xAA, 0xE8, 0x10, 0x00, 0x00,
  0x00, 0x00, 0x04, 0x3E, 0xDD, 0xDD, 0xDD, 0xEE, 0xEF, 0xFD, 0xDD, 0xDD, 0x74, 0x20, 0x00, 0x00,
  0x00, 0x00, 0x04, 0x45, 0xF7, 0xF7, 0xF7, 0xBF, 0xFD, 0xB7, 0xFF, 0xF7, 0xAA, 0x20, 0x00, 0x00,
  0x00, 0x00, 0x04, 0x37, 0x7E, 0xDE, 0xDE, 0xF6, 0xB7, 0xFE, 0xD6, 0xBF, 0xD4, 0x60, 0x00, 0x00,
  0x00, 0x00, 0x06, 0x57, 0xDB, 0xFF, 0xFB, 0xFF, 0xFE, 0xDB, 0xFF, 0xF6, 0xD4, 0x20, 0x00, 0x00,
  0x00, 0x00, 0x02, 0x2A, 0xFF, 0x6D, 0xBF, 0x5B, 0x6F, 0xBF, 0x76, 0xDF, 0xEA, 0x40, 0x00, 0x00,
  0x00, 0x00, 0x02, 0x57, 0xB7, 0xF5, 0x57, 0xFF, 0xFA, 0xF5, 0x5F, 0xFA, 0xAA, 0x40, 0x00, 0x00,
  0x00, 0x00, 0x03, 0x2B, 0xFD, 0x02, 0x42, 0xD5, 0x5F, 0x81, 0x00, 0xDF, 0xE8, 0xC0, 0x00, 0x00,
  0x00, 0x00, 0x01, 0x2E, 0xAC, 0x7F, 0xFC, 0x7F, 0xF4, 0x3F, 0xFC, 0x36, 0xD6, 0x80, 0x00, 0x00,
  0x00, 0x00, 0x01, 0x53, 0xF1, 0xFF, 0xFF, 0x1B, 0x7A, 0xFF, 0xFF, 0x9F, 0xD0, 0x80, 0x00, 0x00,
  0x00, 0x00, 0x02, 0xAE, 0xD3, 0xFD, 0x7F, 0x9F, 0xD1, 0xFE, 0xBF, 0xC5, 0x6E, 0x90, 0x00, 0x00,
  0x00, 0x00, 0x14, 0x53, 0xC7, 0xE0, 0x1F, 0xC5, 0x67, 0xF0, 0x0F, 0xE7, 0xD1, 0x20, 0x00, 0x00,
  0x00, 0x00, 0x22, 0xAE, 0xCF, 0xE1, 0x07, 0xE7, 0xE7, 0xF1, 0x07, 0xF2, 0xD4, 0x8A, 0x00, 0x00,
  0x00, 0x00, 0x48, 0x47, 0x4F, 0xC8, 0x4F, 0xE6, 0xA7, 0xE4, 0x43, 0xF3, 0xD6, 0x50, 0x00, 0x00,
  0x00, 0x00, 0x12, 0xB5, 0xCF, 0xE2, 0x0F, 0xCF, 0xE7, 0xF0, 0x17, 0xE5, 0x69, 0x0A, 0x00, 0x00,
  0x00, 0x00, 0x44, 0x4B, 0x67, 0xF0, 0x3F, 0xCA, 0xB3, 0xF9, 0x0F, 0xE7, 0xD4, 0x41, 0x00, 0x00,
  0x00, 0x00, 0x21, 0x2B, 0xE3, 0xFF, 0xFF, 0x9F, 0xE9, 0xFF, 0xFF, 0xCD, 0x65, 0x2A, 0x00, 0x00,
  0x00, 0x00, 0x8A, 0x56, 0xB8, 0xFF, 0xFE, 0x35, 0x78, 0x7F, 0xFF, 0x1B, 0xD4, 0x80, 0x00, 0x00,
  0x00, 0x00, 0x20, 0x4B, 0xEE, 0x2F, 0xE8, 0xDF, 0xAF, 0x17, 0xF4, 0x77, 0x6A, 0x2A, 0x00, 0x00,
  0x00, 0x00, 0x0A, 0x56, 0xBB, 0x90, 0x07, 0x75, 0xFB, 0xC8, 0x03, 0xDD, 0xA4, 0x80, 0x00, 0x00,
  0x00, 0x00, 0x40, 0x55, 0xEE, 0xFF, 0x7B, 0xDF, 0xD6, 0xFB, 0xBE, 0xB7, 0x6A, 0x12, 0x00, 0x00,
  0x00, 0x00, 0x12, 0x4B, 0x5B, 0xAA, 0xED, 0x6B, 0x7D, 0xAE, 0xEB, 0xED, 0xD2, 0x40, 0x00, 0x00,
  0x00, 0x00, 0x00, 0x57, 0xF6, 0xF7, 0xBF, 0xBD, 0xD7, 0x7B, 0xBD, 0x7B, 0x54, 0x08, 0x00, 0x00,
  0x00, 0x00, 0x0A, 0x55, 0x5D, 0xAD, 0x52, 0xD6, 0xB5, 0xAA, 0xD7, 0xAE, 0xEA, 0x40, 0x00, 0x00,
  0x00, 0x00, 0x00, 0x26, 0xEB, 0x7A, 0x52, 0x22, 0x44, 0x8A, 0x3D, 0x77, 0xA4, 0x00, 0x00, 0x00,
  0x00, 0x00, 0x00, 0x55, 0xBE, 0xDD, 0xF7, 0xF7, 0xEF, 0xEF, 0xAB, 0xDA, 0xD2, 0x00, 0x00, 0x00,
  0x00, 0x00, 0x00, 0x16, 0xD5, 0xE8, 0xF3, 0xE7, 0xE7, 0xCF, 0x3D, 0x6F, 0x54, 0x00, 0x00, 0x00,
  0x00, 0x00, 0x00, 0x4B, 0x7B, 0x5D, 0xF7, 0xF7, 0xEF, 0xEF, 0xAB, 0xB5, 0xD2, 0x00, 0x00, 0x00,
  0x00, 0x00, 0x00, 0x25, 0xAE, 0xE9, 0xF3, 0xE7, 0xEF, 0xCF, 0x36, 0xDD, 0x48, 0x00, 0x00, 0x00,
  0x00, 0x00, 0x00, 0x2B, 0x75, 0xB4, 0x0A, 0x28, 0x20, 0x51, 0x5B, 0x6B, 0xEA, 0x00, 0x00, 0x00,
  0x00, 0x00, 0x00, 0x56, 0xDB, 0x5F, 0xF5, 0xD7, 0xDF, 0xAE, 0xDD, 0xBD, 0x48, 0x00, 0x00, 0x00,
  0x00, 0x00, 0x00, 0x09, 0xAD, 0xEA, 0xBE, 0xFD, 0x6A, 0xFB, 0x6B, 0x6B, 0xA4, 0x00, 0x00, 0x00,
  0x00, 0x00, 0x00, 0x2E, 0xDA, 0xB6, 0xCB, 0x26, 0xDB, 0x4D, 0xB5, 0xAC, 0x74, 0x00, 0x00, 0x00,
  0x00, 0x00, 0x00, 0x15, 0x25, 0x09, 0x24, 0x91, 0x24, 0xA2, 0x4A, 0x52, 0xB0, 0x00, 0x00, 0x00,
  0x00, 0x00, 0x00, 0x02, 0x52, 0xAA, 0x92, 0x55, 0x52, 0x55, 0x25, 0x25, 0x00, 0x00, 0x00, 0x00,
  0x00, 0x00, 0x00, 0x00, 0x00, 0x00, 0x00, 0x00, 0x00, 0x00, 0x00, 0x00, 0x00, 0x00, 0x00, 0x00,
  0x00, 0x00, 0x00, 0x00, 0x00, 0x00, 0x00, 0x00, 0x00, 0x00, 0x00, 0x00, 0x00, 0x00, 0x00, 0x00,
  0x00, 0x00, 0x00, 0x00, 0x00, 0x00, 0x00, 0x00, 0x00, 0x00, 0x00, 0x00, 0x00, 0x00, 0x00, 0x00,
  0x00, 0x00, 0x00, 0x00, 0x00, 0x00, 0x00, 0x00, 0x00, 0x00, 0x00, 0x00, 0x00, 0x00, 0x00, 0x00,
  0x00, 0x00, 0x00, 0x00, 0x00, 0x00, 0x00, 0x00, 0x00, 0x00, 0x00, 0x00, 0x00, 0x00, 0x00, 0x00,
  0x00, 0x00, 0x00, 0x00, 0x00, 0x00, 0x00, 0x00, 0x00, 0x00, 0x00, 0x00, 0x00, 0x00, 0x00, 0x00,
  0x00, 0x00, 0x00, 0x00, 0x00, 0x00, 0x00, 0x00, 0x00, 0x00, 0x00, 0x00, 0x00, 0x00, 0x00, 0x00,
  0x00, 0x00, 0x00, 0x00, 0x00, 0x00, 0x00, 0x00, 0x00, 0x00, 0x00, 0x00, 0x00, 0x00, 0x00, 0x00,
  0x00, 0x00, 0x00, 0x00, 0x00, 0x00, 0x00, 0x00, 0x00, 0x00, 0x00, 0x00, 0x00, 0x00, 0x00, 0x00,
  0x00, 0x00, 0x00, 0x00, 0x00, 0x00, 0x00, 0x00, 0x00, 0x00, 0x00, 0x00, 0x00, 0x00, 0x00, 0x00,
  0x00, 0x00, 0x00, 0x00, 0x00, 0x00, 0x00, 0x00, 0x00, 0x00, 0x00, 0x00, 0x00, 0x00, 0x00, 0x00
};

const unsigned char gif_frame_38[] PROGMEM = {
  0x00, 0x00, 0x00, 0x00, 0x00, 0x00, 0x00, 0x00, 0x00, 0x00, 0x00, 0x00, 0x00, 0x00, 0x00, 0x00,
  0x00, 0x00, 0x00, 0x00, 0x00, 0x00, 0x00, 0x00, 0x00, 0x00, 0x00, 0x00, 0x00, 0x00, 0x00, 0x00,
  0x00, 0x00, 0x00, 0x00, 0x00, 0x00, 0x00, 0x00, 0x00, 0x00, 0x00, 0x00, 0x00, 0x00, 0x00, 0x00,
  0x00, 0x00, 0x00, 0x00, 0x00, 0x00, 0x00, 0x00, 0x00, 0x00, 0x00, 0x00, 0x00, 0x00, 0x00, 0x00,
  0x00, 0x00, 0x00, 0x00, 0x00, 0x00, 0x00, 0x00, 0x00, 0x00, 0x00, 0x00, 0x00, 0x00, 0x00, 0x00,
  0x00, 0x00, 0x00, 0x00, 0x00, 0x00, 0x00, 0x00, 0x00, 0x00, 0x00, 0x00, 0x00, 0x00, 0x00, 0x00,
  0x00, 0x00, 0x00, 0x00, 0x00, 0x00, 0x00, 0x00, 0x00, 0x00, 0x00, 0x00, 0x00, 0x00, 0x00, 0x00,
  0x00, 0x00, 0x00, 0x00, 0x00, 0x00, 0x00, 0x00, 0x00, 0x00, 0x00, 0x00, 0x00, 0x00, 0x00, 0x00,
  0x00, 0x00, 0x00, 0x00, 0x00, 0x00, 0x00, 0x00, 0x00, 0x00, 0x00, 0x00, 0x00, 0x00, 0x00, 0x00,
  0x00, 0x00, 0x00, 0x00, 0x00, 0x00, 0x00, 0x00, 0x00, 0x00, 0x00, 0x00, 0x00, 0x00, 0x00, 0x00,
  0x00, 0x00, 0x00, 0x00, 0x00, 0x00, 0x00, 0x00, 0x00, 0x00, 0x00, 0x00, 0x00, 0x00, 0x00, 0x00,
  0x00, 0x00, 0x00, 0x00, 0x00, 0x00, 0x00, 0x05, 0x40, 0x00, 0x00, 0x00, 0x00, 0x00, 0x00, 0x00,
  0x00, 0x00, 0x00, 0x00, 0x00, 0x00, 0x00, 0x3F, 0xBC, 0x00, 0x00, 0x00, 0x00, 0x00, 0x00, 0x00,
  0x00, 0x00, 0x54, 0x00, 0x00, 0x00, 0x00, 0xEA, 0xD6, 0x00, 0x00, 0x00, 0x00, 0x15, 0x00, 0x00,
  0x00, 0x00, 0x40, 0x00, 0x00, 0x00, 0x01, 0x7D, 0x75, 0x80, 0x00, 0x00, 0x00, 0x22, 0x00, 0x00,
  0x00, 0x00, 0x18, 0x00, 0x00, 0x00, 0x01, 0x45, 0x4A, 0x00, 0x00, 0x00, 0x00, 0x08, 0x00, 0x00,
  0x00, 0x00, 0x08, 0x00, 0x00, 0x00, 0x00, 0x00, 0x00, 0x80, 0x00, 0x00, 0x00, 0x10, 0x00, 0x00,
  0x00, 0x00, 0x08, 0x01, 0x55, 0x55, 0x5B, 0x76, 0xDA, 0xBA, 0xAA, 0xAA, 0x80, 0x30, 0x00, 0x00,
  0x00, 0x00, 0x0C, 0x0E, 0xAA, 0xAA, 0xAA, 0x95, 0x55, 0x4A, 0xAA, 0xAA, 0xE8, 0x10, 0x00, 0x00,
  0x00, 0x00, 0x04, 0x3E, 0xDD, 0xDD, 0xDD, 0xEE, 0xEF, 0xFD, 0xDD, 0xDD, 0x74, 0x20, 0x00, 0x00,
  0x00, 0x00, 0x04, 0x45, 0xF7, 0xF7, 0xF7, 0xBF, 0xFD, 0xB7, 0xFF, 0xF7, 0xAA, 0x20, 0x00, 0x00,
  0x00, 0x00, 0x04, 0x37, 0x7E, 0xDE, 0xDE, 0xF6, 0xB7, 0xFE, 0xD6, 0xBF, 0xD4, 0x60, 0x00, 0x00,
  0x00, 0x00, 0x06, 0x57, 0xDB, 0xFF, 0xFB, 0xFF, 0xFE, 0xDB, 0xFF, 0xF6, 0xD4, 0x20, 0x00, 0x00,
  0x00, 0x00, 0x02, 0x2A, 0xFF, 0x6D, 0xBF, 0x5B, 0x6F, 0xBF, 0x76, 0xDF, 0xEA, 0x40, 0x00, 0x00,
  0x00, 0x00, 0x02, 0x57, 0xB7, 0xF5, 0x57, 0xFF, 0xFA, 0xF5, 0x5F, 0xFA, 0xAA, 0x40, 0x00, 0x00,
  0x00, 0x00, 0x03, 0x2B, 0xFD, 0x02, 0x42, 0xD5, 0x5F, 0x81, 0x00, 0xDF, 0xE8, 0xC0, 0x00, 0x00,
  0x00, 0x00, 0x01, 0x2E, 0xAC, 0x7F, 0xFC, 0x7F, 0xF4, 0x3F, 0xFC, 0x36, 0xD6, 0x80, 0x00, 0x00,
  0x00, 0x00, 0x01, 0x53, 0xF1, 0xFF, 0xFF, 0x1B, 0x7A, 0xFF, 0xFF, 0x9F, 0xD0, 0x80, 0x00, 0x00,
  0x00, 0x00, 0x02, 0xAE, 0xD3, 0xFD, 0x7F, 0x9F, 0xD1, 0xFE, 0xBF, 0xC5, 0x6E, 0x90, 0x00, 0x00,
  0x00, 0x00, 0x14, 0x53, 0xC7, 0xE0, 0x1F, 0xC5, 0x67, 0xF0, 0x0F, 0xE7, 0xD1, 0x20, 0x00, 0x00,
  0x00, 0x00, 0x22, 0xAE, 0xCF, 0xE1, 0x07, 0xE7, 0xE7, 0xF1, 0x07, 0xF2, 0xD4, 0x8A, 0x00, 0x00,
  0x00, 0x00, 0x48, 0x47, 0x4F, 0xC8, 0x4F, 0xE6, 0xA7, 0xE4, 0x43, 0xF3, 0xD6, 0x50, 0x00, 0x00,
  0x00, 0x00, 0x12, 0xB5, 0xCF, 0xE2, 0x0F, 0xCF, 0xE7, 0xF0, 0x17, 0xE5, 0x69, 0x0A, 0x00, 0x00,
  0x00, 0x00, 0x44, 0x4B, 0x67, 0xF0, 0x3F, 0xCA, 0xB3, 0xF9, 0x0F, 0xE7, 0xD4, 0x41, 0x00, 0x00,
  0x00, 0x00, 0x21, 0x2B, 0xE3, 0xFF, 0xFF, 0x9F, 0xE9, 0xFF, 0xFF, 0xCD, 0x65, 0x2A, 0x00, 0x00,
  0x00, 0x00, 0x8A, 0x56, 0xB8, 0xFF, 0xFE, 0x35, 0x78, 0x7F, 0xFF, 0x1B, 0xD4, 0x80, 0x00, 0x00,
  0x00, 0x00, 0x20, 0x4B, 0xEE, 0x2F, 0xE8, 0xDF, 0xAF, 0x17, 0xF4, 0x77, 0x6A, 0x2A, 0x00, 0x00,
  0x00, 0x00, 0x0A, 0x56, 0xBB, 0x90, 0x07, 0x75, 0xFB, 0xC8, 0x03, 0xDD, 0xA4, 0x80, 0x00, 0x00,
  0x00, 0x00, 0x40, 0x55, 0xEE, 0xFF, 0x7B, 0xDF, 0xD6, 0xFB, 0xBE, 0xB7, 0x6A, 0x12, 0x00, 0x00,
  0x00, 0x00, 0x12, 0x4B, 0x5B, 0xAA, 0xED, 0x6B, 0x7D, 0xAE, 0xEB, 0xED, 0xD2, 0x40, 0x00, 0x00,
  0x00, 0x00, 0x00, 0x57, 0xF6, 0xF7, 0xBF, 0xBD, 0xD7, 0x7B, 0xBD, 0x7B, 0x54, 0x08, 0x00, 0x00,
  0x00, 0x00, 0x0A, 0x55, 0x5D, 0xAD, 0x52, 0xD6, 0xB5, 0xAA, 0xD7, 0xAE, 0xEA, 0x40, 0x00, 0x00,
  0x00, 0x00, 0x00, 0x26, 0xEB, 0x7A, 0x52, 0x22, 0x44, 0x8A, 0x3D, 0x77, 0xA4, 0x00, 0x00, 0x00,
  0x00, 0x00, 0x00, 0x55, 0xBE, 0xDD, 0xF7, 0xF7, 0xEF, 0xEF, 0xAB, 0xDA, 0xD2, 0x00, 0x00, 0x00,
  0x00, 0x00, 0x00, 0x16, 0xD5, 0xE8, 0xF3, 0xE7, 0xE7, 0xCF, 0x3D, 0x6F, 0x54, 0x00, 0x00, 0x00,
  0x00, 0x00, 0x00, 0x4B, 0x7B, 0x5D, 0xF7, 0xF7, 0xEF, 0xEF, 0xAB, 0xB5, 0xD2, 0x00, 0x00, 0x00,
  0x00, 0x00, 0x00, 0x25, 0xAE, 0xE9, 0xF3, 0xE7, 0xEF, 0xCF, 0x36, 0xDD, 0x48, 0x00, 0x00, 0x00,
  0x00, 0x00, 0x00, 0x2B, 0x75, 0xB4, 0x0A, 0x28, 0x20, 0x51, 0x5B, 0x6B, 0xEA, 0x00, 0x00, 0x00,
  0x00, 0x00, 0x00, 0x56, 0xDB, 0x5F, 0xF5, 0xD7, 0xDF, 0xAE, 0xDD, 0xBD, 0x48, 0x00, 0x00, 0x00,
  0x00, 0x00, 0x00, 0x09, 0xAD, 0xEA, 0xBE, 0xFD, 0x6A, 0xFB, 0x6B, 0x6B, 0xA4, 0x00, 0x00, 0x00,
  0x00, 0x00, 0x00, 0x2E, 0xDA, 0xB6, 0xCB, 0x26, 0xDB, 0x4D, 0xB5, 0xAC, 0x74, 0x00, 0x00, 0x00,
  0x00, 0x00, 0x00, 0x15, 0x25, 0x09, 0x24, 0x91, 0x24, 0xA2, 0x4A, 0x52, 0xB0, 0x00, 0x00, 0x00,
  0x00, 0x00, 0x00, 0x02, 0x52, 0xAA, 0x92, 0x55, 0x52, 0x55, 0x25, 0x25, 0x00, 0x00, 0x00, 0x00,
  0x00, 0x00, 0x00, 0x00, 0x00, 0x00, 0x00, 0x00, 0x00, 0x00, 0x00, 0x00, 0x00, 0x00, 0x00, 0x00,
  0x00, 0x00, 0x00, 0x00, 0x00, 0x00, 0x00, 0x00, 0x00, 0x00, 0x00, 0x00, 0x00, 0x00, 0x00, 0x00,
  0x00, 0x00, 0x00, 0x00, 0x00, 0x00, 0x00, 0x00, 0x00, 0x00, 0x00, 0x00, 0x00, 0x00, 0x00, 0x00,
  0x00, 0x00, 0x00, 0x00, 0x00, 0x00, 0x00, 0x00, 0x00, 0x00, 0x00, 0x00, 0x00, 0x00, 0x00, 0x00,
  0x00, 0x00, 0x00, 0x00, 0x00, 0x00, 0x00, 0x00, 0x00, 0x00, 0x00, 0x00, 0x00, 0x00, 0x00, 0x00,
  0x00, 0x00, 0x00, 0x00, 0x00, 0x00, 0x00, 0x00, 0x00, 0x00, 0x00, 0x00, 0x00, 0x00, 0x00, 0x00,
  0x00, 0x00, 0x00, 0x00, 0x00, 0x00, 0x00, 0x00, 0x00, 0x00, 0x00, 0x00, 0x00, 0x00, 0x00, 0x00,
  0x00, 0x00, 0x00, 0x00, 0x00, 0x00, 0x00, 0x00, 0x00, 0x00, 0x00, 0x00, 0x00, 0x00, 0x00, 0x00,
  0x00, 0x00, 0x00, 0x00, 0x00, 0x00, 0x00, 0x00, 0x00, 0x00, 0x00, 0x00, 0x00, 0x00, 0x00, 0x00,
  0x00, 0x00, 0x00, 0x00, 0x00, 0x00, 0x00, 0x00, 0x00, 0x00, 0x00, 0x00, 0x00, 0x00, 0x00, 0x00,
  0x00, 0x00, 0x00, 0x00, 0x00, 0x00, 0x00, 0x00, 0x00, 0x00, 0x00, 0x00, 0x00, 0x00, 0x00, 0x00
};

const unsigned char gif_frame_39[] PROGMEM = {
  0x00, 0x00, 0x00, 0x00, 0x00, 0x00, 0x00, 0x00, 0x00, 0x00, 0x00, 0x00, 0x00, 0x00, 0x00, 0x00,
  0x00, 0x00, 0x00, 0x00, 0x00, 0x00, 0x00, 0x00, 0x00, 0x00, 0x00, 0x00, 0x00, 0x00, 0x00, 0x00,
  0x00, 0x00, 0x00, 0x00, 0x00, 0x00, 0x00, 0x00, 0x00, 0x00, 0x00, 0x00, 0x00, 0x00, 0x00, 0x00,
  0x00, 0x00, 0x00, 0x00, 0x00, 0x00, 0x00, 0x00, 0x00, 0x00, 0x00, 0x00, 0x00, 0x00, 0x00, 0x00,
  0x00, 0x00, 0x00, 0x00, 0x00, 0x00, 0x00, 0x00, 0x00, 0x00, 0x00, 0x00, 0x00, 0x00, 0x00, 0x00,
  0x00, 0x00, 0x00, 0x00, 0x00, 0x00, 0x00, 0x00, 0x00, 0x00, 0x00, 0x00, 0x00, 0x00, 0x00, 0x00,
  0x00, 0x00, 0x00, 0x00, 0x00, 0x00, 0x00, 0x00, 0x00, 0x00, 0x00, 0x00, 0x00, 0x00, 0x00, 0x00,
  0x00, 0x00, 0x00, 0x00, 0x00, 0x00, 0x00, 0x00, 0x00, 0x00, 0x00, 0x00, 0x00, 0x00, 0x00, 0x00,
  0x00, 0x00, 0x00, 0x00, 0x00, 0x00, 0x00, 0x00, 0x00, 0x00, 0x00, 0x00, 0x00, 0x00, 0x00, 0x00,
  0x00, 0x00, 0x00, 0x00, 0x00, 0x00, 0x00, 0x00, 0x00, 0x00, 0x00, 0x00, 0x00, 0x00, 0x00, 0x00,
  0x00, 0x00, 0x00, 0x00, 0x00, 0x00, 0x00, 0x00, 0x00, 0x00, 0x00, 0x00, 0x00, 0x00, 0x00, 0x00,
  0x00, 0x00, 0x00, 0x00, 0x00, 0x00, 0x00, 0x05, 0x40, 0x00, 0x00, 0x00, 0x00, 0x00, 0x00, 0x00,
  0x00, 0x00, 0x00, 0x00, 0x00, 0x00, 0x00, 0x3F, 0xBC, 0x00, 0x00, 0x00, 0x00, 0x00, 0x00, 0x00,
  0x00, 0x00, 0x54, 0x00, 0x00, 0x00, 0x00, 0xEA, 0xD6, 0x00, 0x00, 0x00, 0x00, 0x15, 0x00, 0x00,
  0x00, 0x00, 0x40, 0x00, 0x00, 0x00, 0x01, 0x7D, 0x75, 0x80, 0x00, 0x00, 0x00, 0x22, 0x00, 0x00,
  0x00, 0x00, 0x18, 0x00, 0x00, 0x00, 0x01, 0x45, 0x4A, 0x00, 0x00, 0x00, 0x00, 0x08, 0x00, 0x00,
  0x00, 0x00, 0x08, 0x00, 0x00, 0x00, 0x00, 0x00, 0x00, 0x80, 0x00, 0x00, 0x00, 0x10, 0x00, 0x00,
  0x00, 0x00, 0x08, 0x01, 0x55, 0x55, 0x5B, 0x76, 0xDA, 0xBA, 0xAA, 0xAA, 0x80, 0x30, 0x00, 0x00,
  0x00, 0x00, 0x0C, 0x0E, 0xAA, 0xAA, 0xAA, 0x95, 0x55, 0x4A, 0xAA, 0xAA, 0xE8, 0x10, 0x00, 0x00,
  0x00, 0x00, 0x04, 0x3E, 0xDD, 0xDD, 0xDD, 0xEE, 0xEF, 0xFD, 0xDD, 0xDD, 0x74, 0x20, 0x00, 0x00,
  0x00, 0x00, 0x04, 0x45, 0xF7, 0xF7, 0xF7, 0xBF, 0xFD, 0xB7, 0xFF, 0xF7, 0xAA, 0x20, 0x00, 0x00,
  0x00, 0x00, 0x04, 0x37, 0x7E, 0xDE, 0xDE, 0xF6, 0xB7, 0xFE, 0xD6, 0xBF, 0xD4, 0x60, 0x00, 0x00,
  0x00, 0x00, 0x06, 0x57, 0xDB, 0xFF, 0xFB, 0xFF, 0xFE, 0xDB, 0xFF, 0xF6, 0xD4, 0x20, 0x00, 0x00,
  0x00, 0x00, 0x02, 0x2A, 0xFF, 0x6D, 0xBF, 0x5B, 0x6F, 0xBF, 0x76, 0xDF, 0xEA, 0x40, 0x00, 0x00,
  0x00, 0x00, 0x02, 0x57, 0xB7, 0xF5, 0x57, 0xFF, 0xFA, 0xF5, 0x5F, 0xFA, 0xAA, 0x40, 0x00, 0x00,
  0x00, 0x00, 0x03, 0x2B, 0xFD, 0x02, 0x42, 0xD5, 0x5F, 0x81, 0x00, 0xDF, 0xE8, 0xC0, 0x00, 0x00,
  0x00, 0x00, 0x01, 0x2E, 0xAC, 0x7F, 0xFC, 0x7F, 0xF4, 0x3F, 0xFC, 0x36, 0xD6, 0x80, 0x00, 0x00,
  0x00, 0x00, 0x01, 0x53, 0xF1, 0xFF, 0xFF, 0x1B, 0x7A, 0xFF, 0xFF, 0x9F, 0xD0, 0x80, 0x00, 0x00,
  0x00, 0x00, 0x02, 0xAE, 0xD3, 0xFD, 0x7F, 0x9F, 0xD1, 0xFE, 0xBF, 0xC5, 0x6E, 0x90, 0x00, 0x00,
  0x00, 0x00, 0x14, 0x53, 0xC7, 0xE0, 0x1F, 0xC5, 0x67, 0xF0, 0x0F, 0xE7, 0xD1, 0x20, 0x00, 0x00,
  0x00, 0x00, 0x22, 0xAE, 0xCF, 0xE1, 0x07, 0xE7, 0xE7, 0xF1, 0x07, 0xF2, 0xD4, 0x8A, 0x00, 0x00,
  0x00, 0x00, 0x48, 0x47, 0x4F, 0xC8, 0x4F, 0xE6, 0xA7, 0xE4, 0x43, 0xF3, 0xD6, 0x50, 0x00, 0x00,
  0x00, 0x00, 0x12, 0xB5, 0xCF, 0xE2, 0x0F, 0xCF, 0xE7, 0xF0, 0x17, 0xE5, 0x69, 0x0A, 0x00, 0x00,
  0x00, 0x00, 0x44, 0x4B, 0x67, 0xF0, 0x3F, 0xCA, 0xB3, 0xF9, 0x0F, 0xE7, 0xD4, 0x41, 0x00, 0x00,
  0x00, 0x00, 0x21, 0x2B, 0xE3, 0xFF, 0xFF, 0x9F, 0xE9, 0xFF, 0xFF, 0xCD, 0x65, 0x2A, 0x00, 0x00,
  0x00, 0x00, 0x8A, 0x56, 0xB8, 0xFF, 0xFE, 0x35, 0x78, 0x7F, 0xFF, 0x1B, 0xD4, 0x80, 0x00, 0x00,
  0x00, 0x00, 0x20, 0x4B, 0xEE, 0x2F, 0xE8, 0xDF, 0xAF, 0x17, 0xF4, 0x77, 0x6A, 0x2A, 0x00, 0x00,
  0x00, 0x00, 0x0A, 0x56, 0xBB, 0x90, 0x07, 0x75, 0xFB, 0xC8, 0x03, 0xDD, 0xA4, 0x80, 0x00, 0x00,
  0x00, 0x00, 0x40, 0x55, 0xEE, 0xFF, 0x7B, 0xDF, 0xD6, 0xFB, 0xBE, 0xB7, 0x6A, 0x12, 0x00, 0x00,
  0x00, 0x00, 0x12, 0x4B, 0x5B, 0xAA, 0xED, 0x6B, 0x7D, 0xAE, 0xEB, 0xED, 0xD2, 0x40, 0x00, 0x00,
  0x00, 0x00, 0x00, 0x57, 0xF6, 0xF7, 0xBF, 0xBD, 0xD7, 0x7B, 0xBD, 0x7B, 0x54, 0x08, 0x00, 0x00,
  0x00, 0x00, 0x0A, 0x55, 0x5D, 0xAD, 0x52, 0xD6, 0xB5, 0xAA, 0xD7, 0xAE, 0xEA, 0x40, 0x00, 0x00,
  0x00, 0x00, 0x00, 0x26, 0xEB, 0x7A, 0x52, 0x22, 0x44, 0x8A, 0x3D, 0x77, 0xA4, 0x00, 0x00, 0x00,
  0x00, 0x00, 0x00, 0x55, 0xBE, 0xDD, 0xF7, 0xF7, 0xEF, 0xEF, 0xAB, 0xDA, 0xD2, 0x00, 0x00, 0x00,
  0x00, 0x00, 0x00, 0x16, 0xD5, 0xE8, 0xF3, 0xE7, 0xE7, 0xCF, 0x3D, 0x6F, 0x54, 0x00, 0x00, 0x00,
  0x00, 0x00, 0x00, 0x4B, 0x7B, 0x5D, 0xF7, 0xF7, 0xEF, 0xEF, 0xAB, 0xB5, 0xD2, 0x00, 0x00, 0x00,
  0x00, 0x00, 0x00, 0x25, 0xAE, 0xE9, 0xF3, 0xE7, 0xEF, 0xCF, 0x36, 0xDD, 0x48, 0x00, 0x00, 0x00,
  0x00, 0x00, 0x00, 0x2B, 0x75, 0xB4, 0x0A, 0x28, 0x20, 0x51, 0x5B, 0x6B, 0xEA, 0x00, 0x00, 0x00,
  0x00, 0x00, 0x00, 0x56, 0xDB, 0x5F, 0xF5, 0xD7, 0xDF, 0xAE, 0xDD, 0xBD, 0x48, 0x00, 0x00, 0x00,
  0x00, 0x00, 0x00, 0x09, 0xAD, 0xEA, 0xBE, 0xFD, 0x6A, 0xFB, 0x6B, 0x6B, 0xA4, 0x00, 0x00, 0x00,
  0x00, 0x00, 0x00, 0x2E, 0xDA, 0xB6, 0xCB, 0x26, 0xDB, 0x4D, 0xB5, 0xAC, 0x74, 0x00, 0x00, 0x00,
  0x00, 0x00, 0x00, 0x15, 0x25, 0x09, 0x24, 0x91, 0x24, 0xA2, 0x4A, 0x52, 0xB0, 0x00, 0x00, 0x00,
  0x00, 0x00, 0x00, 0x02, 0x52, 0xAA, 0x92, 0x55, 0x52, 0x55, 0x25, 0x25, 0x00, 0x00, 0x00, 0x00,
  0x00, 0x00, 0x00, 0x00, 0x00, 0x00, 0x00, 0x00, 0x00, 0x00, 0x00, 0x00, 0x00, 0x00, 0x00, 0x00,
  0x00, 0x00, 0x00, 0x00, 0x00, 0x00, 0x00, 0x00, 0x00, 0x00, 0x00, 0x00, 0x00, 0x00, 0x00, 0x00,
  0x00, 0x00, 0x00, 0x00, 0x00, 0x00, 0x00, 0x00, 0x00, 0x00, 0x00, 0x00, 0x00, 0x00, 0x00, 0x00,
  0x00, 0x00, 0x00, 0x00, 0x00, 0x00, 0x00, 0x00, 0x00, 0x00, 0x00, 0x00, 0x00, 0x00, 0x00, 0x00,
  0x00, 0x00, 0x00, 0x00, 0x00, 0x00, 0x00, 0x00, 0x00, 0x00, 0x00, 0x00, 0x00, 0x00, 0x00, 0x00,
  0x00, 0x00, 0x00, 0x00, 0x00, 0x00, 0x00, 0x00, 0x00, 0x00, 0x00, 0x00, 0x00, 0x00, 0x00, 0x00,
  0x00, 0x00, 0x00, 0x00, 0x00, 0x00, 0x00, 0x00, 0x00, 0x00, 0x00, 0x00, 0x00, 0x00, 0x00, 0x00,
  0x00, 0x00, 0x00, 0x00, 0x00, 0x00, 0x00, 0x00, 0x00, 0x00, 0x00, 0x00, 0x00, 0x00, 0x00, 0x00,
  0x00, 0x00, 0x00, 0x00, 0x00, 0x00, 0x00, 0x00, 0x00, 0x00, 0x00, 0x00, 0x00, 0x00, 0x00, 0x00,
  0x00, 0x00, 0x00, 0x00, 0x00, 0x00, 0x00, 0x00, 0x00, 0x00, 0x00, 0x00, 0x00, 0x00, 0x00, 0x00,
  0x00, 0x00, 0x00, 0x00, 0x00, 0x00, 0x00, 0x00, 0x00, 0x00, 0x00, 0x00, 0x00, 0x00, 0x00, 0x00
};

const unsigned char gif_frame_40[] PROGMEM = {
  0x00, 0x00, 0x00, 0x00, 0x00, 0x00, 0x00, 0x00, 0x00, 0x00, 0x00, 0x00, 0x00, 0x00, 0x00, 0x00,
  0x00, 0x00, 0x00, 0x00, 0x00, 0x00, 0x00, 0x00, 0x00, 0x00, 0x00, 0x00, 0x00, 0x00, 0x00, 0x00,
  0x00, 0x00, 0x00, 0x00, 0x00, 0x00, 0x00, 0x00, 0x00, 0x00, 0x00, 0x00, 0x00, 0x00, 0x00, 0x00,
  0x00, 0x00, 0x00, 0x00, 0x00, 0x00, 0x00, 0x00, 0x00, 0x00, 0x00, 0x00, 0x00, 0x00, 0x00, 0x00,
  0x00, 0x00, 0x00, 0x00, 0x00, 0x00, 0x00, 0x00, 0x00, 0x00, 0x00, 0x00, 0x00, 0x00, 0x00, 0x00,
  0x00, 0x00, 0x00, 0x00, 0x00, 0x00, 0x00, 0x00, 0x00, 0x00, 0x00, 0x00, 0x00, 0x00, 0x00, 0x00,
  0x00, 0x00, 0x00, 0x00, 0x00, 0x00, 0x00, 0x00, 0x00, 0x00, 0x00, 0x00, 0x00, 0x00, 0x00, 0x00,
  0x00, 0x00, 0x00, 0x00, 0x00, 0x00, 0x00, 0x00, 0x00, 0x00, 0x00, 0x00, 0x00, 0x00, 0x00, 0x00,
  0x00, 0x00, 0x00, 0x00, 0x00, 0x00, 0x00, 0x00, 0x00, 0x00, 0x00, 0x00, 0x00, 0x00, 0x00, 0x00,
  0x00, 0x00, 0x00, 0x00, 0x00, 0x00, 0x00, 0x00, 0x00, 0x00, 0x00, 0x00, 0x00, 0x00, 0x00, 0x00,
  0x00, 0x00, 0x00, 0x00, 0x00, 0x00, 0x00, 0x00, 0x00, 0x00, 0x00, 0x00, 0x00, 0x00, 0x00, 0x00,
  0x00, 0x00, 0x00, 0x00, 0x00, 0x00, 0x00, 0x05, 0x40, 0x00, 0x00, 0x00, 0x00, 0x00, 0x00, 0x00,
  0x00, 0x00, 0x00, 0x00, 0x00, 0x00, 0x00, 0x3F, 0xBC, 0x00, 0x00, 0x00, 0x00, 0x00, 0x00, 0x00,
  0x00, 0x00, 0x54, 0x00, 0x00, 0x00, 0x00, 0xEA, 0xD6, 0x00, 0x00, 0x00, 0x00, 0x15, 0x00, 0x00,
  0x00, 0x00, 0x40, 0x00, 0x00, 0x00, 0x01, 0x7D, 0x75, 0x80, 0x00, 0x00, 0x00, 0x22, 0x00, 0x00,
  0x00, 0x00, 0x18, 0x00, 0x00, 0x00, 0x01, 0x45, 0x4A, 0x00, 0x00, 0x00, 0x00, 0x08, 0x00, 0x00,
  0x00, 0x00, 0x08, 0x00, 0x00, 0x00, 0x00, 0x00, 0x00, 0x80, 0x00, 0x00, 0x00, 0x10, 0x00, 0x00,
  0x00, 0x00, 0x08, 0x01, 0x55, 0x55, 0x5B, 0x76, 0xDA, 0xBA, 0xAA, 0xAA, 0x80, 0x30, 0x00, 0x00,
  0x00, 0x00, 0x0C, 0x0E, 0xAA, 0xAA, 0xAA, 0x95, 0x55, 0x4A, 0xAA, 0xAA, 0xE8, 0x10, 0x00, 0x00,
  0x00, 0x00, 0x04, 0x3E, 0xDD, 0xDD, 0xDD, 0xEE, 0xEF, 0xFD, 0xDD, 0xDD, 0x74, 0x20, 0x00, 0x00,
  0x00, 0x00, 0x04, 0x45, 0xF7, 0xF7, 0xF7, 0xBF, 0xFD, 0xB7, 0xFF, 0xF7, 0xAA, 0x20, 0x00, 0x00,
  0x00, 0x00, 0x04, 0x37, 0x7E, 0xDE, 0xDE, 0xF6, 0xB7, 0xFE, 0xD6, 0xBF, 0xD4, 0x60, 0x00, 0x00,
  0x00, 0x00, 0x06, 0x57, 0xDB, 0xFF, 0xFB, 0xFF, 0xFE, 0xDB, 0xFF, 0xF6, 0xD4, 0x20, 0x00, 0x00,
  0x00, 0x00, 0x02, 0x2A, 0xFF, 0x6D, 0xBF, 0x5B, 0x6F, 0xBF, 0x76, 0xDF, 0xEA, 0x40, 0x00, 0x00,
  0x00, 0x00, 0x02, 0x57, 0xB7, 0xF5, 0x57, 0xFF, 0xFA, 0xF5, 0x5F, 0xFA, 0xAA, 0x40, 0x00, 0x00,
  0x00, 0x00, 0x03, 0x2B, 0xFD, 0x02, 0x42, 0xD5, 0x5F, 0x81, 0x00, 0xDF, 0xE8, 0xC0, 0x00, 0x00,
  0x00, 0x00, 0x01, 0x2E, 0xAC, 0x7F, 0xFC, 0x7F, 0xF4, 0x3F, 0xFC, 0x36, 0xD6, 0x80, 0x00, 0x00,
  0x00, 0x00, 0x01, 0x53, 0xF1, 0xFF, 0xFF, 0x1B, 0x7A, 0xFF, 0xFF, 0x9F, 0xD0, 0x80, 0x00, 0x00,
  0x00, 0x00, 0x02, 0xAE, 0xD3, 0xFD, 0x7F, 0x9F, 0xD1, 0xFE, 0xBF, 0xC5, 0x6E, 0x90, 0x00, 0x00,
  0x00, 0x00, 0x14, 0x53, 0xC7, 0xE0, 0x1F, 0xC5, 0x67, 0xF0, 0x0F, 0xE7, 0xD1, 0x20, 0x00, 0x00,
  0x00, 0x00, 0x22, 0xAE, 0xCF, 0xE1, 0x07, 0xE7, 0xE7, 0xF1, 0x07, 0xF2, 0xD4, 0x8A, 0x00, 0x00,
  0x00, 0x00, 0x48, 0x47, 0x4F, 0xC8, 0x4F, 0xE6, 0xA7, 0xE4, 0x43, 0xF3, 0xD6, 0x50, 0x00, 0x00,
  0x00, 0x00, 0x12, 0xB5, 0xCF, 0xE2, 0x0F, 0xCF, 0xE7, 0xF0, 0x17, 0xE5, 0x69, 0x0A, 0x00, 0x00,
  0x00, 0x00, 0x44, 0x4B, 0x67, 0xF0, 0x3F, 0xCA, 0xB3, 0xF9, 0x0F, 0xE7, 0xD4, 0x41, 0x00, 0x00,
  0x00, 0x00, 0x21, 0x2B, 0xE3, 0xFF, 0xFF, 0x9F, 0xE9, 0xFF, 0xFF, 0xCD, 0x65, 0x2A, 0x00, 0x00,
  0x00, 0x00, 0x8A, 0x56, 0xB8, 0xFF, 0xFE, 0x35, 0x78, 0x7F, 0xFF, 0x1B, 0xD4, 0x80, 0x00, 0x00,
  0x00, 0x00, 0x20, 0x4B, 0xEE, 0x2F, 0xE8, 0xDF, 0xAF, 0x17, 0xF4, 0x77, 0x6A, 0x2A, 0x00, 0x00,
  0x00, 0x00, 0x0A, 0x56, 0xBB, 0x90, 0x07, 0x75, 0xFB, 0xC8, 0x03, 0xDD, 0xA4, 0x80, 0x00, 0x00,
  0x00, 0x00, 0x40, 0x55, 0xEE, 0xFF, 0x7B, 0xDF, 0xD6, 0xFB, 0xBE, 0xB7, 0x6A, 0x12, 0x00, 0x00,
  0x00, 0x00, 0x12, 0x4B, 0x5B, 0xAA, 0xED, 0x6B, 0x7D, 0xAE, 0xEB, 0xED, 0xD2, 0x40, 0x00, 0x00,
  0x00, 0x00, 0x00, 0x57, 0xF6, 0xF7, 0xBF, 0xBD, 0xD7, 0x7B, 0xBD, 0x7B, 0x54, 0x08, 0x00, 0x00,
  0x00, 0x00, 0x0A, 0x55, 0x5D, 0xAD, 0x52, 0xD6, 0xB5, 0xAA, 0xD7, 0xAE, 0xEA, 0x40, 0x00, 0x00,
  0x00, 0x00, 0x00, 0x26, 0xEB, 0x7A, 0x52, 0x22, 0x44, 0x8A, 0x3D, 0x77, 0xA4, 0x00, 0x00, 0x00,
  0x00, 0x00, 0x00, 0x55, 0xBE, 0xDD, 0xF7, 0xF7, 0xEF, 0xEF, 0xAB, 0xDA, 0xD2, 0x00, 0x00, 0x00,
  0x00, 0x00, 0x00, 0x16, 0xD5, 0xE8, 0xF3, 0xE7, 0xE7, 0xCF, 0x3D, 0x6F, 0x54, 0x00, 0x00, 0x00,
  0x00, 0x00, 0x00, 0x4B, 0x7B, 0x5D, 0xF7, 0xF7, 0xEF, 0xEF, 0xAB, 0xB5, 0xD2, 0x00, 0x00, 0x00,
  0x00, 0x00, 0x00, 0x25, 0xAE, 0xE9, 0xF3, 0xE7, 0xEF, 0xCF, 0x36, 0xDD, 0x48, 0x00, 0x00, 0x00,
  0x00, 0x00, 0x00, 0x2B, 0x75, 0xB4, 0x0A, 0x28, 0x20, 0x51, 0x5B, 0x6B, 0xEA, 0x00, 0x00, 0x00,
  0x00, 0x00, 0x00, 0x56, 0xDB, 0x5F, 0xF5, 0xD7, 0xDF, 0xAE, 0xDD, 0xBD, 0x48, 0x00, 0x00, 0x00,
  0x00, 0x00, 0x00, 0x09, 0xAD, 0xEA, 0xBE, 0xFD, 0x6A, 0xFB, 0x6B, 0x6B, 0xA4, 0x00, 0x00, 0x00,
  0x00, 0x00, 0x00, 0x2E, 0xDA, 0xB6, 0xCB, 0x26, 0xDB, 0x4D, 0xB5, 0xAC, 0x74, 0x00, 0x00, 0x00,
  0x00, 0x00, 0x00, 0x15, 0x25, 0x09, 0x24, 0x91, 0x24, 0xA2, 0x4A, 0x52, 0xB0, 0x00, 0x00, 0x00,
  0x00, 0x00, 0x00, 0x02, 0x52, 0xAA, 0x92, 0x55, 0x52, 0x55, 0x25, 0x25, 0x00, 0x00, 0x00, 0x00,
  0x00, 0x00, 0x00, 0x00, 0x00, 0x00, 0x00, 0x00, 0x00, 0x00, 0x00, 0x00, 0x00, 0x00, 0x00, 0x00,
  0x00, 0x00, 0x00, 0x00, 0x00, 0x00, 0x00, 0x00, 0x00, 0x00, 0x00, 0x00, 0x00, 0x00, 0x00, 0x00,
  0x00, 0x00, 0x00, 0x00, 0x00, 0x00, 0x00, 0x00, 0x00, 0x00, 0x00, 0x00, 0x00, 0x00, 0x00, 0x00,
  0x00, 0x00, 0x00, 0x00, 0x00, 0x00, 0x00, 0x00, 0x00, 0x00, 0x00, 0x00, 0x00, 0x00, 0x00, 0x00,
  0x00, 0x00, 0x00, 0x00, 0x00, 0x00, 0x00, 0x00, 0x00, 0x00, 0x00, 0x00, 0x00, 0x00, 0x00, 0x00,
  0x00, 0x00, 0x00, 0x00, 0x00, 0x00, 0x00, 0x00, 0x00, 0x00, 0x00, 0x00, 0x00, 0x00, 0x00, 0x00,
  0x00, 0x00, 0x00, 0x00, 0x00, 0x00, 0x00, 0x00, 0x00, 0x00, 0x00, 0x00, 0x00, 0x00, 0x00, 0x00,
  0x00, 0x00, 0x00, 0x00, 0x00, 0x00, 0x00, 0x00, 0x00, 0x00, 0x00, 0x00, 0x00, 0x00, 0x00, 0x00,
  0x00, 0x00, 0x00, 0x00, 0x00, 0x00, 0x00, 0x00, 0x00, 0x00, 0x00, 0x00, 0x00, 0x00, 0x00, 0x00,
  0x00, 0x00, 0x00, 0x00, 0x00, 0x00, 0x00, 0x00, 0x00, 0x00, 0x00, 0x00, 0x00, 0x00, 0x00, 0x00,
  0x00, 0x00, 0x00, 0x00, 0x00, 0x00, 0x00, 0x00, 0x00, 0x00, 0x00, 0x00, 0x00, 0x00, 0x00, 0x00
};

const unsigned char gif_frame_41[] PROGMEM = {
  0x00, 0x00, 0x00, 0x00, 0x00, 0x00, 0x00, 0x00, 0x00, 0x00, 0x00, 0x00, 0x00, 0x00, 0x00, 0x00,
  0x00, 0x00, 0x00, 0x00, 0x00, 0x00, 0x00, 0x00, 0x00, 0x00, 0x00, 0x00, 0x00, 0x00, 0x00, 0x00,
  0x00, 0x00, 0x00, 0x00, 0x00, 0x00, 0x00, 0x00, 0x00, 0x00, 0x00, 0x00, 0x00, 0x00, 0x00, 0x00,
  0x00, 0x00, 0x00, 0x00, 0x00, 0x00, 0x00, 0x00, 0x00, 0x00, 0x00, 0x00, 0x00, 0x00, 0x00, 0x00,
  0x00, 0x00, 0x00, 0x00, 0x00, 0x00, 0x00, 0x00, 0x00, 0x00, 0x00, 0x00, 0x00, 0x00, 0x00, 0x00,
  0x00, 0x00, 0x00, 0x00, 0x00, 0x00, 0x00, 0x00, 0x00, 0x00, 0x00, 0x00, 0x00, 0x00, 0x00, 0x00,
  0x00, 0x00, 0x00, 0x00, 0x00, 0x00, 0x00, 0x00, 0x00, 0x00, 0x00, 0x00, 0x00, 0x00, 0x00, 0x00,
  0x00, 0x00, 0x00, 0x00, 0x00, 0x00, 0x00, 0x00, 0x00, 0x00, 0x00, 0x00, 0x00, 0x00, 0x00, 0x00,
  0x00, 0x00, 0x00, 0x00, 0x00, 0x00, 0x00, 0x00, 0x00, 0x00, 0x00, 0x00, 0x00, 0x00, 0x00, 0x00,
  0x00, 0x00, 0x00, 0x00, 0x00, 0x00, 0x00, 0x00, 0x00, 0x00, 0x00, 0x00, 0x00, 0x00, 0x00, 0x00,
  0x00, 0x00, 0x00, 0x00, 0x00, 0x00, 0x00, 0x00, 0x00, 0x00, 0x00, 0x00, 0x00, 0x00, 0x00, 0x00,
  0x00, 0x00, 0x00, 0x00, 0x00, 0x00, 0x00, 0x05, 0x40, 0x00, 0x00, 0x00, 0x00, 0x00, 0x00, 0x00,
  0x00, 0x00, 0x00, 0x00, 0x00, 0x00, 0x00, 0x3F, 0xBC, 0x00, 0x00, 0x00, 0x00, 0x00, 0x00, 0x00,
  0x00, 0x00, 0x54, 0x00, 0x00, 0x00, 0x00, 0xEA, 0xD6, 0x00, 0x00, 0x00, 0x00, 0x15, 0x00, 0x00,
  0x00, 0x00, 0x40, 0x00, 0x00, 0x00, 0x01, 0x7D, 0x75, 0x80, 0x00, 0x00, 0x00, 0x22, 0x00, 0x00,
  0x00, 0x00, 0x18, 0x00, 0x00, 0x00, 0x01, 0x45, 0x4A, 0x00, 0x00, 0x00, 0x00, 0x08, 0x00, 0x00,
  0x00, 0x00, 0x08, 0x00, 0x00, 0x00, 0x00, 0x00, 0x00, 0x80, 0x00, 0x00, 0x00, 0x10, 0x00, 0x00,
  0x00, 0x00, 0x08, 0x01, 0x55, 0x55, 0x5B, 0x76, 0xDA, 0xBA, 0xAA, 0xAA, 0x80, 0x30, 0x00, 0x00,
  0x00, 0x00, 0x0C, 0x0E, 0xAA, 0xAA, 0xAA, 0x95, 0x55, 0x4A, 0xAA, 0xAA, 0xE8, 0x10, 0x00, 0x00,
  0x00, 0x00, 0x04, 0x3E, 0xDD, 0xDD, 0xDD, 0xEE, 0xEF, 0xFD, 0xDD, 0xDD, 0x74, 0x20, 0x00, 0x00,
  0x00, 0x00, 0x04, 0x45, 0xF7, 0xF7, 0xF7, 0xBF, 0xFD, 0xB7, 0xFF, 0xF7, 0xAA, 0x20, 0x00, 0x00,
  0x00, 0x00, 0x04, 0x37, 0x7E, 0xDE, 0xDE, 0xF6, 0xB7, 0xFE, 0xD6, 0xBF, 0xD4, 0x60, 0x00, 0x00,
  0x00, 0x00, 0x06, 0x57, 0xDB, 0xFF, 0xFB, 0xFF, 0xFE, 0xDB, 0xFF, 0xF6, 0xD4, 0x20, 0x00, 0x00,
  0x00, 0x00, 0x02, 0x2A, 0xFF, 0x6D, 0xBF, 0x5B, 0x6F, 0xBF, 0x76, 0xDF, 0xEA, 0x40, 0x00, 0x00,
  0x00, 0x00, 0x02, 0x57, 0xB7, 0xF5, 0x57, 0xFF, 0xFA, 0xF5, 0x5F, 0xFA, 0xAA, 0x40, 0x00, 0x00,
  0x00, 0x00, 0x03, 0x2B, 0xFD, 0x02, 0x42, 0xD5, 0x5F, 0x81, 0x00, 0xDF, 0xE8, 0xC0, 0x00, 0x00,
  0x00, 0x00, 0x01, 0x2E, 0xAC, 0x7F, 0xFC, 0x7F, 0xF4, 0x3F, 0xFC, 0x36, 0xD6, 0x80, 0x00, 0x00,
  0x00, 0x00, 0x01, 0x53, 0xF1, 0xFF, 0xFF, 0x1B, 0x7A, 0xFF, 0xFF, 0x9F, 0xD0, 0x80, 0x00, 0x00,
  0x00, 0x00, 0x02, 0xAE, 0xD3, 0xFD, 0x7F, 0x9F, 0xD1, 0xFE, 0xBF, 0xC5, 0x6E, 0x90, 0x00, 0x00,
  0x00, 0x00, 0x14, 0x53, 0xC7, 0xE0, 0x1F, 0xC5, 0x67, 0xF0, 0x0F, 0xE7, 0xD1, 0x20, 0x00, 0x00,
  0x00, 0x00, 0x22, 0xAE, 0xCF, 0xE1, 0x07, 0xE7, 0xE7, 0xF1, 0x07, 0xF2, 0xD4, 0x8A, 0x00, 0x00,
  0x00, 0x00, 0x48, 0x47, 0x4F, 0xC8, 0x4F, 0xE6, 0xA7, 0xE4, 0x43, 0xF3, 0xD6, 0x50, 0x00, 0x00,
  0x00, 0x00, 0x12, 0xB5, 0xCF, 0xE2, 0x0F, 0xCF, 0xE7, 0xF0, 0x17, 0xE5, 0x69, 0x0A, 0x00, 0x00,
  0x00, 0x00, 0x44, 0x4B, 0x67, 0xF0, 0x3F, 0xCA, 0xB3, 0xF9, 0x0F, 0xE7, 0xD4, 0x41, 0x00, 0x00,
  0x00, 0x00, 0x21, 0x2B, 0xE3, 0xFF, 0xFF, 0x9F, 0xE9, 0xFF, 0xFF, 0xCD, 0x65, 0x2A, 0x00, 0x00,
  0x00, 0x00, 0x8A, 0x56, 0xB8, 0xFF, 0xFE, 0x35, 0x78, 0x7F, 0xFF, 0x1B, 0xD4, 0x80, 0x00, 0x00,
  0x00, 0x00, 0x20, 0x4B, 0xEE, 0x2F, 0xE8, 0xDF, 0xAF, 0x17, 0xF4, 0x77, 0x6A, 0x2A, 0x00, 0x00,
  0x00, 0x00, 0x0A, 0x56, 0xBB, 0x90, 0x07, 0x75, 0xFB, 0xC8, 0x03, 0xDD, 0xA4, 0x80, 0x00, 0x00,
  0x00, 0x00, 0x40, 0x55, 0xEE, 0xFF, 0x7B, 0xDF, 0xD6, 0xFB, 0xBE, 0xB7, 0x6A, 0x12, 0x00, 0x00,
  0x00, 0x00, 0x12, 0x4B, 0x5B, 0xAA, 0xED, 0x6B, 0x7D, 0xAE, 0xEB, 0xED, 0xD2, 0x40, 0x00, 0x00,
  0x00, 0x00, 0x00, 0x57, 0xF6, 0xF7, 0xBF, 0xBD, 0xD7, 0x7B, 0xBD, 0x7B, 0x54, 0x08, 0x00, 0x00,
  0x00, 0x00, 0x0A, 0x55, 0x5D, 0xAD, 0x52, 0xD6, 0xB5, 0xAA, 0xD7, 0xAE, 0xEA, 0x40, 0x00, 0x00,
  0x00, 0x00, 0x00, 0x26, 0xEB, 0x7A, 0x52, 0x22, 0x44, 0x8A, 0x3D, 0x77, 0xA4, 0x00, 0x00, 0x00,
  0x00, 0x00, 0x00, 0x55, 0xBE, 0xDD, 0xF7, 0xF7, 0xEF, 0xEF, 0xAB, 0xDA, 0xD2, 0x00, 0x00, 0x00,
  0x00, 0x00, 0x00, 0x16, 0xD5, 0xE8, 0xF3, 0xE7, 0xE7, 0xCF, 0x3D, 0x6F, 0x54, 0x00, 0x00, 0x00,
  0x00, 0x00, 0x00, 0x4B, 0x7B, 0x5D, 0xF7, 0xF7, 0xEF, 0xEF, 0xAB, 0xB5, 0xD2, 0x00, 0x00, 0x00,
  0x00, 0x00, 0x00, 0x25, 0xAE, 0xE9, 0xF3, 0xE7, 0xEF, 0xCF, 0x36, 0xDD, 0x48, 0x00, 0x00, 0x00,
  0x00, 0x00, 0x00, 0x2B, 0x75, 0xB4, 0x0A, 0x28, 0x20, 0x51, 0x5B, 0x6B, 0xEA, 0x00, 0x00, 0x00,
  0x00, 0x00, 0x00, 0x56, 0xDB, 0x5F, 0xF5, 0xD7, 0xDF, 0xAE, 0xDD, 0xBD, 0x48, 0x00, 0x00, 0x00,
  0x00, 0x00, 0x00, 0x09, 0xAD, 0xEA, 0xBE, 0xFD, 0x6A, 0xFB, 0x6B, 0x6B, 0xA4, 0x00, 0x00, 0x00,
  0x00, 0x00, 0x00, 0x2E, 0xDA, 0xB6, 0xCB, 0x26, 0xDB, 0x4D, 0xB5, 0xAC, 0x74, 0x00, 0x00, 0x00,
  0x00, 0x00, 0x00, 0x15, 0x25, 0x09, 0x24, 0x91, 0x24, 0xA2, 0x4A, 0x52, 0xB0, 0x00, 0x00, 0x00,
  0x00, 0x00, 0x00, 0x02, 0x52, 0xAA, 0x92, 0x55, 0x52, 0x55, 0x25, 0x25, 0x00, 0x00, 0x00, 0x00,
  0x00, 0x00, 0x00, 0x00, 0x00, 0x00, 0x00, 0x00, 0x00, 0x00, 0x00, 0x00, 0x00, 0x00, 0x00, 0x00,
  0x00, 0x00, 0x00, 0x00, 0x00, 0x00, 0x00, 0x00, 0x00, 0x00, 0x00, 0x00, 0x00, 0x00, 0x00, 0x00,
  0x00, 0x00, 0x00, 0x00, 0x00, 0x00, 0x00, 0x00, 0x00, 0x00, 0x00, 0x00, 0x00, 0x00, 0x00, 0x00,
  0x00, 0x00, 0x00, 0x00, 0x00, 0x00, 0x00, 0x00, 0x00, 0x00, 0x00, 0x00, 0x00, 0x00, 0x00, 0x00,
  0x00, 0x00, 0x00, 0x00, 0x00, 0x00, 0x00, 0x00, 0x00, 0x00, 0x00, 0x00, 0x00, 0x00, 0x00, 0x00,
  0x00, 0x00, 0x00, 0x00, 0x00, 0x00, 0x00, 0x00, 0x00, 0x00, 0x00, 0x00, 0x00, 0x00, 0x00, 0x00,
  0x00, 0x00, 0x00, 0x00, 0x00, 0x00, 0x00, 0x00, 0x00, 0x00, 0x00, 0x00, 0x00, 0x00, 0x00, 0x00,
  0x00, 0x00, 0x00, 0x00, 0x00, 0x00, 0x00, 0x00, 0x00, 0x00, 0x00, 0x00, 0x00, 0x00, 0x00, 0x00,
  0x00, 0x00, 0x00, 0x00, 0x00, 0x00, 0x00, 0x00, 0x00, 0x00, 0x00, 0x00, 0x00, 0x00, 0x00, 0x00,
  0x00, 0x00, 0x00, 0x00, 0x00, 0x00, 0x00, 0x00, 0x00, 0x00, 0x00, 0x00, 0x00, 0x00, 0x00, 0x00,
  0x00, 0x00, 0x00, 0x00, 0x00, 0x00, 0x00, 0x00, 0x00, 0x00, 0x00, 0x00, 0x00, 0x00, 0x00, 0x00
};

const unsigned char gif_frame_42[] PROGMEM = {
  0x00, 0x00, 0x00, 0x00, 0x00, 0x00, 0x00, 0x00, 0x00, 0x00, 0x00, 0x00, 0x00, 0x00, 0x00, 0x00,
  0x00, 0x00, 0x00, 0x00, 0x00, 0x00, 0x00, 0x00, 0x00, 0x00, 0x00, 0x00, 0x00, 0x00, 0x00, 0x00,
  0x00, 0x00, 0x00, 0x00, 0x00, 0x00, 0x00, 0x00, 0x00, 0x00, 0x00, 0x00, 0x00, 0x00, 0x00, 0x00,
  0x00, 0x00, 0x00, 0x00, 0x00, 0x00, 0x00, 0x00, 0x00, 0x00, 0x00, 0x00, 0x00, 0x00, 0x00, 0x00,
  0x00, 0x00, 0x00, 0x00, 0x00, 0x00, 0x00, 0x00, 0x00, 0x00, 0x00, 0x00, 0x00, 0x00, 0x00, 0x00,
  0x00, 0x00, 0x00, 0x00, 0x00, 0x00, 0x00, 0x00, 0x00, 0x00, 0x00, 0x00, 0x00, 0x00, 0x00, 0x00,
  0x00, 0x00, 0x00, 0x00, 0x00, 0x00, 0x00, 0x00, 0x00, 0x00, 0x00, 0x00, 0x00, 0x00, 0x00, 0x00,
  0x00, 0x00, 0x00, 0x00, 0x00, 0x00, 0x00, 0x00, 0x00, 0x00, 0x00, 0x00, 0x00, 0x00, 0x00, 0x00,
  0x00, 0x00, 0x00, 0x00, 0x00, 0x00, 0x00, 0x00, 0x00, 0x00, 0x00, 0x00, 0x00, 0x00, 0x00, 0x00,
  0x00, 0x00, 0x00, 0x00, 0x00, 0x00, 0x00, 0x00, 0x00, 0x00, 0x00, 0x00, 0x00, 0x00, 0x00, 0x00,
  0x00, 0x00, 0x00, 0x00, 0x00, 0x00, 0x00, 0x00, 0x00, 0x00, 0x00, 0x00, 0x00, 0x00, 0x00, 0x00,
  0x00, 0x00, 0x00, 0x00, 0x00, 0x00, 0x00, 0x05, 0x40, 0x00, 0x00, 0x00, 0x00, 0x00, 0x00, 0x00,
  0x00, 0x00, 0x00, 0x00, 0x00, 0x00, 0x00, 0x3F, 0xBC, 0x00, 0x00, 0x00, 0x00, 0x00, 0x00, 0x00,
  0x00, 0x00, 0x54, 0x00, 0x00, 0x00, 0x00, 0xEA, 0xD6, 0x00, 0x00, 0x00, 0x00, 0x15, 0x00, 0x00,
  0x00, 0x00, 0x40, 0x00, 0x00, 0x00, 0x01, 0x7D, 0x75, 0x80, 0x00, 0x00, 0x00, 0x22, 0x00, 0x00,
  0x00, 0x00, 0x18, 0x00, 0x00, 0x00, 0x01, 0x45, 0x4A, 0x00, 0x00, 0x00, 0x00, 0x08, 0x00, 0x00,
  0x00, 0x00, 0x08, 0x00, 0x00, 0x00, 0x00, 0x00, 0x00, 0x80, 0x00, 0x00, 0x00, 0x10, 0x00, 0x00,
  0x00, 0x00, 0x08, 0x01, 0x55, 0x55, 0x5B, 0x76, 0xDA, 0xBA, 0xAA, 0xAA, 0x80, 0x30, 0x00, 0x00,
  0x00, 0x00, 0x0C, 0x0E, 0xAA, 0xAA, 0xAA, 0x95, 0x55, 0x4A, 0xAA, 0xAA, 0xE8, 0x10, 0x00, 0x00,
  0x00, 0x00, 0x04, 0x3E, 0xDD, 0xDD, 0xDD, 0xEE, 0xEF, 0xFD, 0xDD, 0xDD, 0x74, 0x20, 0x00, 0x00,
  0x00, 0x00, 0x04, 0x45, 0xF7, 0xF7, 0xF7, 0xBF, 0xFD, 0xB7, 0xFF, 0xF7, 0xAA, 0x20, 0x00, 0x00,
  0x00, 0x00, 0x04, 0x37, 0x7E, 0xDE, 0xDE, 0xF6, 0xB7, 0xFE, 0xD6, 0xBF, 0xD4, 0x60, 0x00, 0x00,
  0x00, 0x00, 0x06, 0x57, 0xDB, 0xFF, 0xFB, 0xFF, 0xFE, 0xDB, 0xFF, 0xF6, 0xD4, 0x20, 0x00, 0x00,
  0x00, 0x00, 0x02, 0x2A, 0xFF, 0x6D, 0xBF, 0x5B, 0x6F, 0xBF, 0x76, 0xDF, 0xEA, 0x40, 0x00, 0x00,
  0x00, 0x00, 0x02, 0x57, 0xB7, 0xF5, 0x57, 0xFF, 0xFA, 0xF5, 0x5F, 0xFA, 0xAA, 0x40, 0x00, 0x00,
  0x00, 0x00, 0x03, 0x2B, 0xFD, 0x02, 0x42, 0xD5, 0x5F, 0x81, 0x00, 0xDF, 0xE8, 0xC0, 0x00, 0x00,
  0x00, 0x00, 0x01, 0x2E, 0xAC, 0x7F, 0xFC, 0x7F, 0xF4, 0x3F, 0xFC, 0x36, 0xD6, 0x80, 0x00, 0x00,
  0x00, 0x00, 0x01, 0x53, 0xF1, 0xFF, 0xFF, 0x1B, 0x7A, 0xFF, 0xFF, 0x9F, 0xD0, 0x80, 0x00, 0x00,
  0x00, 0x00, 0x02, 0xAE, 0xD3, 0xFD, 0x7F, 0x9F, 0xD1, 0xFE, 0xBF, 0xC5, 0x6E, 0x90, 0x00, 0x00,
  0x00, 0x00, 0x14, 0x53, 0xC7, 0xE0, 0x1F, 0xC5, 0x67, 0xF0, 0x0F, 0xE7, 0xD1, 0x20, 0x00, 0x00,
  0x00, 0x00, 0x22, 0xAE, 0xCF, 0xE1, 0x07, 0xE7, 0xE7, 0xF1, 0x07, 0xF2, 0xD4, 0x8A, 0x00, 0x00,
  0x00, 0x00, 0x48, 0x47, 0x4F, 0xC8, 0x4F, 0xE6, 0xA7, 0xE4, 0x43, 0xF3, 0xD6, 0x50, 0x00, 0x00,
  0x00, 0x00, 0x12, 0xB5, 0xCF, 0xE2, 0x0F, 0xCF, 0xE7, 0xF0, 0x17, 0xE5, 0x69, 0x0A, 0x00, 0x00,
  0x00, 0x00, 0x44, 0x4B, 0x67, 0xF0, 0x3F, 0xCA, 0xB3, 0xF9, 0x0F, 0xE7, 0xD4, 0x41, 0x00, 0x00,
  0x00, 0x00, 0x21, 0x2B, 0xE3, 0xFF, 0xFF, 0x9F, 0xE9, 0xFF, 0xFF, 0xCD, 0x65, 0x2A, 0x00, 0x00,
  0x00, 0x00, 0x8A, 0x56, 0xB8, 0xFF, 0xFE, 0x35, 0x78, 0x7F, 0xFF, 0x1B, 0xD4, 0x80, 0x00, 0x00,
  0x00, 0x00, 0x20, 0x4B, 0xEE, 0x2F, 0xE8, 0xDF, 0xAF, 0x17, 0xF4, 0x77, 0x6A, 0x2A, 0x00, 0x00,
  0x00, 0x00, 0x0A, 0x56, 0xBB, 0x90, 0x07, 0x75, 0xFB, 0xC8, 0x03, 0xDD, 0xA4, 0x80, 0x00, 0x00,
  0x00, 0x00, 0x40, 0x55, 0xEE, 0xFF, 0x7B, 0xDF, 0xD6, 0xFB, 0xBE, 0xB7, 0x6A, 0x12, 0x00, 0x00,
  0x00, 0x00, 0x12, 0x4B, 0x5B, 0xAA, 0xED, 0x6B, 0x7D, 0xAE, 0xEB, 0xED, 0xD2, 0x40, 0x00, 0x00,
  0x00, 0x00, 0x00, 0x57, 0xF6, 0xF7, 0xBF, 0xBD, 0xD7, 0x7B, 0xBD, 0x7B, 0x54, 0x08, 0x00, 0x00,
  0x00, 0x00, 0x0A, 0x55, 0x5D, 0xAD, 0x52, 0xD6, 0xB5, 0xAA, 0xD7, 0xAE, 0xEA, 0x40, 0x00, 0x00,
  0x00, 0x00, 0x00, 0x26, 0xEB, 0x7A, 0x52, 0x22, 0x44, 0x8A, 0x3D, 0x77, 0xA4, 0x00, 0x00, 0x00,
  0x00, 0x00, 0x00, 0x55, 0xBE, 0xDD, 0xF7, 0xF7, 0xEF, 0xEF, 0xAB, 0xDA, 0xD2, 0x00, 0x00, 0x00,
  0x00, 0x00, 0x00, 0x16, 0xD5, 0xE8, 0xF3, 0xE7, 0xE7, 0xCF, 0x3D, 0x6F, 0x54, 0x00, 0x00, 0x00,
  0x00, 0x00, 0x00, 0x4B, 0x7B, 0x5D, 0xF7, 0xF7, 0xEF, 0xEF, 0xAB, 0xB5, 0xD2, 0x00, 0x00, 0x00,
  0x00, 0x00, 0x00, 0x25, 0xAE, 0xE9, 0xF3, 0xE7, 0xEF, 0xCF, 0x36, 0xDD, 0x48, 0x00, 0x00, 0x00,
  0x00, 0x00, 0x00, 0x2B, 0x75, 0xB4, 0x0A, 0x28, 0x20, 0x51, 0x5B, 0x6B, 0xEA, 0x00, 0x00, 0x00,
  0x00, 0x00, 0x00, 0x56, 0xDB, 0x5F, 0xF5, 0xD7, 0xDF, 0xAE, 0xDD, 0xBD, 0x48, 0x00, 0x00, 0x00,
  0x00, 0x00, 0x00, 0x09, 0xAD, 0xEA, 0xBE, 0xFD, 0x6A, 0xFB, 0x6B, 0x6B, 0xA4, 0x00, 0x00, 0x00,
  0x00, 0x00, 0x00, 0x2E, 0xDA, 0xB6, 0xCB, 0x26, 0xDB, 0x4D, 0xB5, 0xAC, 0x74, 0x00, 0x00, 0x00,
  0x00, 0x00, 0x00, 0x15, 0x25, 0x09, 0x24, 0x91, 0x24, 0xA2, 0x4A, 0x52, 0xB0, 0x00, 0x00, 0x00,
  0x00, 0x00, 0x00, 0x02, 0x52, 0xAA, 0x92, 0x55, 0x52, 0x55, 0x25, 0x25, 0x00, 0x00, 0x00, 0x00,
  0x00, 0x00, 0x00, 0x00, 0x00, 0x00, 0x00, 0x00, 0x00, 0x00, 0x00, 0x00, 0x00, 0x00, 0x00, 0x00,
  0x00, 0x00, 0x00, 0x00, 0x00, 0x00, 0x00, 0x00, 0x00, 0x00, 0x00, 0x00, 0x00, 0x00, 0x00, 0x00,
  0x00, 0x00, 0x00, 0x00, 0x00, 0x00, 0x00, 0x00, 0x00, 0x00, 0x00, 0x00, 0x00, 0x00, 0x00, 0x00,
  0x00, 0x00, 0x00, 0x00, 0x00, 0x00, 0x00, 0x00, 0x00, 0x00, 0x00, 0x00, 0x00, 0x00, 0x00, 0x00,
  0x00, 0x00, 0x00, 0x00, 0x00, 0x00, 0x00, 0x00, 0x00, 0x00, 0x00, 0x00, 0x00, 0x00, 0x00, 0x00,
  0x00, 0x00, 0x00, 0x00, 0x00, 0x00, 0x00, 0x00, 0x00, 0x00, 0x00, 0x00, 0x00, 0x00, 0x00, 0x00,
  0x00, 0x00, 0x00, 0x00, 0x00, 0x00, 0x00, 0x00, 0x00, 0x00, 0x00, 0x00, 0x00, 0x00, 0x00, 0x00,
  0x00, 0x00, 0x00, 0x00, 0x00, 0x00, 0x00, 0x00, 0x00, 0x00, 0x00, 0x00, 0x00, 0x00, 0x00, 0x00,
  0x00, 0x00, 0x00, 0x00, 0x00, 0x00, 0x00, 0x00, 0x00, 0x00, 0x00, 0x00, 0x00, 0x00, 0x00, 0x00,
  0x00, 0x00, 0x00, 0x00, 0x00, 0x00, 0x00, 0x00, 0x00, 0x00, 0x00, 0x00, 0x00, 0x00, 0x00, 0x00,
  0x00, 0x00, 0x00, 0x00, 0x00, 0x00, 0x00, 0x00, 0x00, 0x00, 0x00, 0x00, 0x00, 0x00, 0x00, 0x00
};

const unsigned char gif_frame_43[] PROGMEM = {
  0x00, 0x00, 0x00, 0x00, 0x00, 0x00, 0x00, 0x00, 0x00, 0x00, 0x00, 0x00, 0x00, 0x00, 0x00, 0x00,
  0x00, 0x00, 0x00, 0x00, 0x00, 0x00, 0x00, 0x00, 0x00, 0x00, 0x00, 0x00, 0x00, 0x00, 0x00, 0x00,
  0x00, 0x00, 0x00, 0x00, 0x00, 0x00, 0x00, 0x00, 0x00, 0x00, 0x00, 0x00, 0x00, 0x00, 0x00, 0x00,
  0x00, 0x00, 0x00, 0x00, 0x00, 0x00, 0x00, 0x00, 0x00, 0x00, 0x00, 0x00, 0x00, 0x00, 0x00, 0x00,
  0x00, 0x00, 0x00, 0x00, 0x00, 0x00, 0x00, 0x00, 0x00, 0x00, 0x00, 0x00, 0x00, 0x00, 0x00, 0x00,
  0x00, 0x00, 0x00, 0x00, 0x00, 0x00, 0x00, 0x00, 0x00, 0x00, 0x00, 0x00, 0x00, 0x00, 0x00, 0x00,
  0x00, 0x00, 0x00, 0x00, 0x00, 0x00, 0x00, 0x00, 0x00, 0x00, 0x00, 0x00, 0x00, 0x00, 0x00, 0x00,
  0x00, 0x00, 0x00, 0x00, 0x00, 0x00, 0x00, 0x00, 0x00, 0x00, 0x00, 0x00, 0x00, 0x00, 0x00, 0x00,
  0x00, 0x00, 0x00, 0x00, 0x00, 0x00, 0x00, 0x00, 0x00, 0x00, 0x00, 0x00, 0x00, 0x00, 0x00, 0x00,
  0x00, 0x00, 0x00, 0x00, 0x00, 0x00, 0x00, 0x00, 0x00, 0x00, 0x00, 0x00, 0x00, 0x00, 0x00, 0x00,
  0x00, 0x00, 0x00, 0x00, 0x00, 0x00, 0x00, 0x00, 0x00, 0x00, 0x00, 0x00, 0x00, 0x00, 0x00, 0x00,
  0x00, 0x00, 0x00, 0x00, 0x00, 0x00, 0x00, 0x05, 0x40, 0x00, 0x00, 0x00, 0x00, 0x00, 0x00, 0x00,
  0x00, 0x00, 0x00, 0x00, 0x00, 0x00, 0x00, 0x3F, 0xBC, 0x00, 0x00, 0x00, 0x00, 0x00, 0x00, 0x00,
  0x00, 0x00, 0x54, 0x00, 0x00, 0x00, 0x00, 0xEA, 0xD6, 0x00, 0x00, 0x00, 0x00, 0x15, 0x00, 0x00,
  0x00, 0x00, 0x40, 0x00, 0x00, 0x00, 0x01, 0x7D, 0x75, 0x80, 0x00, 0x00, 0x00, 0x22, 0x00, 0x00,
  0x00, 0x00, 0x18, 0x00, 0x00, 0x00, 0x01, 0x45, 0x4A, 0x00, 0x00, 0x00, 0x00, 0x08, 0x00, 0x00,
  0x00, 0x00, 0x08, 0x00, 0x00, 0x00, 0x00, 0x00, 0x00, 0x80, 0x00, 0x00, 0x00, 0x10, 0x00, 0x00,
  0x00, 0x00, 0x08, 0x01, 0x55, 0x55, 0x5B, 0x76, 0xDA, 0xBA, 0xAA, 0xAA, 0x80, 0x30, 0x00, 0x00,
  0x00, 0x00, 0x0C, 0x0E, 0xAA, 0xAA, 0xAA, 0x95, 0x55, 0x4A, 0xAA, 0xAA, 0xE8, 0x10, 0x00, 0x00,
  0x00, 0x00, 0x04, 0x3E, 0xDD, 0xDD, 0xDD, 0xEE, 0xEF, 0xFD, 0xDD, 0xDD, 0x74, 0x20, 0x00, 0x00,
  0x00, 0x00, 0x04, 0x45, 0xF7, 0xF7, 0xF7, 0xBF, 0xFD, 0xB7, 0xFF, 0xF7, 0xAA, 0x20, 0x00, 0x00,
  0x00, 0x00, 0x04, 0x37, 0x7E, 0xDE, 0xDE, 0xF6, 0xB7, 0xFE, 0xD6, 0xBF, 0xD4, 0x60, 0x00, 0x00,
  0x00, 0x00, 0x06, 0x57, 0xDB, 0xFF, 0xFB, 0xFF, 0xFE, 0xDB, 0xFF, 0xF6, 0xD4, 0x20, 0x00, 0x00,
  0x00, 0x00, 0x02, 0x2A, 0xFF, 0x6D, 0xBF, 0x5B, 0x6F, 0xBF, 0x76, 0xDF, 0xEA, 0x40, 0x00, 0x00,
  0x00, 0x00, 0x02, 0x57, 0xB7, 0xF5, 0x57, 0xFF, 0xFA, 0xF5, 0x5F, 0xFA, 0xAA, 0x40, 0x00, 0x00,
  0x00, 0x00, 0x03, 0x2B, 0xFD, 0x02, 0x42, 0xD5, 0x5F, 0x81, 0x00, 0xDF, 0xE8, 0xC0, 0x00, 0x00,
  0x00, 0x00, 0x01, 0x2E, 0xAC, 0x7F, 0xFC, 0x7F, 0xF4, 0x3F, 0xFC, 0x36, 0xD6, 0x80, 0x00, 0x00,
  0x00, 0x00, 0x01, 0x53, 0xF1, 0xFF, 0xFF, 0x1B, 0x7A, 0xFF, 0xFF, 0x9F, 0xD0, 0x80, 0x00, 0x00,
  0x00, 0x00, 0x02, 0xAE, 0xD3, 0xFD, 0x7F, 0x9F, 0xD1, 0xFE, 0xBF, 0xC5, 0x6E, 0x90, 0x00, 0x00,
  0x00, 0x00, 0x14, 0x53, 0xC7, 0xE0, 0x1F, 0xC5, 0x67, 0xF0, 0x0F, 0xE7, 0xD1, 0x20, 0x00, 0x00,
  0x00, 0x00, 0x22, 0xAE, 0xCF, 0xE1, 0x07, 0xE7, 0xE7, 0xF1, 0x07, 0xF2, 0xD4, 0x8A, 0x00, 0x00,
  0x00, 0x00, 0x48, 0x47, 0x4F, 0xC8, 0x4F, 0xE6, 0xA7, 0xE4, 0x43, 0xF3, 0xD6, 0x50, 0x00, 0x00,
  0x00, 0x00, 0x12, 0xB5, 0xCF, 0xE2, 0x0F, 0xCF, 0xE7, 0xF0, 0x17, 0xE5, 0x69, 0x0A, 0x00, 0x00,
  0x00, 0x00, 0x44, 0x4B, 0x67, 0xF0, 0x3F, 0xCA, 0xB3, 0xF9, 0x0F, 0xE7, 0xD4, 0x41, 0x00, 0x00,
  0x00, 0x00, 0x21, 0x2B, 0xE3, 0xFF, 0xFF, 0x9F, 0xE9, 0xFF, 0xFF, 0xCD, 0x65, 0x2A, 0x00, 0x00,
  0x00, 0x00, 0x8A, 0x56, 0xB8, 0xFF, 0xFE, 0x35, 0x78, 0x7F, 0xFF, 0x1B, 0xD4, 0x80, 0x00, 0x00,
  0x00, 0x00, 0x20, 0x4B, 0xEE, 0x2F, 0xE8, 0xDF, 0xAF, 0x17, 0xF4, 0x77, 0x6A, 0x2A, 0x00, 0x00,
  0x00, 0x00, 0x0A, 0x56, 0xBB, 0x90, 0x07, 0x75, 0xFB, 0xC8, 0x03, 0xDD, 0xA4, 0x80, 0x00, 0x00,
  0x00, 0x00, 0x40, 0x55, 0xEE, 0xFF, 0x7B, 0xDF, 0xD6, 0xFB, 0xBE, 0xB7, 0x6A, 0x12, 0x00, 0x00,
  0x00, 0x00, 0x12, 0x4B, 0x5B, 0xAA, 0xED, 0x6B, 0x7D, 0xAE, 0xEB, 0xED, 0xD2, 0x40, 0x00, 0x00,
  0x00, 0x00, 0x00, 0x57, 0xF6, 0xF7, 0xBF, 0xBD, 0xD7, 0x7B, 0xBD, 0x7B, 0x54, 0x08, 0x00, 0x00,
  0x00, 0x00, 0x0A, 0x55, 0x5D, 0xAD, 0x52, 0xD6, 0xB5, 0xAA, 0xD7, 0xAE, 0xEA, 0x40, 0x00, 0x00,
  0x00, 0x00, 0x00, 0x26, 0xEB, 0x7A, 0x52, 0x22, 0x44, 0x8A, 0x3D, 0x77, 0xA4, 0x00, 0x00, 0x00,
  0x00, 0x00, 0x00, 0x55, 0xBE, 0xDD, 0xF7, 0xF7, 0xEF, 0xEF, 0xAB, 0xDA, 0xD2, 0x00, 0x00, 0x00,
  0x00, 0x00, 0x00, 0x16, 0xD5, 0xE8, 0xF3, 0xE7, 0xE7, 0xCF, 0x3D, 0x6F, 0x54, 0x00, 0x00, 0x00,
  0x00, 0x00, 0x00, 0x4B, 0x7B, 0x5D, 0xF7, 0xF7, 0xEF, 0xEF, 0xAB, 0xB5, 0xD2, 0x00, 0x00, 0x00,
  0x00, 0x00, 0x00, 0x25, 0xAE, 0xE9, 0xF3, 0xE7, 0xEF, 0xCF, 0x36, 0xDD, 0x48, 0x00, 0x00, 0x00,
  0x00, 0x00, 0x00, 0x2B, 0x75, 0xB4, 0x0A, 0x28, 0x20, 0x51, 0x5B, 0x6B, 0xEA, 0x00, 0x00, 0x00,
  0x00, 0x00, 0x00, 0x56, 0xDB, 0x5F, 0xF5, 0xD7, 0xDF, 0xAE, 0xDD, 0xBD, 0x48, 0x00, 0x00, 0x00,
  0x00, 0x00, 0x00, 0x09, 0xAD, 0xEA, 0xBE, 0xFD, 0x6A, 0xFB, 0x6B, 0x6B, 0xA4, 0x00, 0x00, 0x00,
  0x00, 0x00, 0x00, 0x2E, 0xDA, 0xB6, 0xCB, 0x26, 0xDB, 0x4D, 0xB5, 0xAC, 0x74, 0x00, 0x00, 0x00,
  0x00, 0x00, 0x00, 0x15, 0x25, 0x09, 0x24, 0x91, 0x24, 0xA2, 0x4A, 0x52, 0xB0, 0x00, 0x00, 0x00,
  0x00, 0x00, 0x00, 0x02, 0x52, 0xAA, 0x92, 0x55, 0x52, 0x55, 0x25, 0x25, 0x00, 0x00, 0x00, 0x00,
  0x00, 0x00, 0x00, 0x00, 0x00, 0x00, 0x00, 0x00, 0x00, 0x00, 0x00, 0x00, 0x00, 0x00, 0x00, 0x00,
  0x00, 0x00, 0x00, 0x00, 0x00, 0x00, 0x00, 0x00, 0x00, 0x00, 0x00, 0x00, 0x00, 0x00, 0x00, 0x00,
  0x00, 0x00, 0x00, 0x00, 0x00, 0x00, 0x00, 0x00, 0x00, 0x00, 0x00, 0x00, 0x00, 0x00, 0x00, 0x00,
  0x00, 0x00, 0x00, 0x00, 0x00, 0x00, 0x00, 0x00, 0x00, 0x00, 0x00, 0x00, 0x00, 0x00, 0x00, 0x00,
  0x00, 0x00, 0x00, 0x00, 0x00, 0x00, 0x00, 0x00, 0x00, 0x00, 0x00, 0x00, 0x00, 0x00, 0x00, 0x00,
  0x00, 0x00, 0x00, 0x00, 0x00, 0x00, 0x00, 0x00, 0x00, 0x00, 0x00, 0x00, 0x00, 0x00, 0x00, 0x00,
  0x00, 0x00, 0x00, 0x00, 0x00, 0x00, 0x00, 0x00, 0x00, 0x00, 0x00, 0x00, 0x00, 0x00, 0x00, 0x00,
  0x00, 0x00, 0x00, 0x00, 0x00, 0x00, 0x00, 0x00, 0x00, 0x00, 0x00, 0x00, 0x00, 0x00, 0x00, 0x00,
  0x00, 0x00, 0x00, 0x00, 0x00, 0x00, 0x00, 0x00, 0x00, 0x00, 0x00, 0x00, 0x00, 0x00, 0x00, 0x00,
  0x00, 0x00, 0x00, 0x00, 0x00, 0x00, 0x00, 0x00, 0x00, 0x00, 0x00, 0x00, 0x00, 0x00, 0x00, 0x00,
  0x00, 0x00, 0x00, 0x00, 0x00, 0x00, 0x00, 0x00, 0x00, 0x00, 0x00, 0x00, 0x00, 0x00, 0x00, 0x00
};

const unsigned char gif_frame_44[] PROGMEM = {
  0x00, 0x00, 0x00, 0x00, 0x00, 0x00, 0x00, 0x00, 0x00, 0x00, 0x00, 0x00, 0x00, 0x00, 0x00, 0x00,
  0x00, 0x00, 0x00, 0x00, 0x00, 0x00, 0x00, 0x00, 0x00, 0x00, 0x00, 0x00, 0x00, 0x00, 0x00, 0x00,
  0x00, 0x00, 0x00, 0x00, 0x00, 0x00, 0x00, 0x00, 0x00, 0x00, 0x00, 0x00, 0x00, 0x00, 0x00, 0x00,
  0x00, 0x00, 0x00, 0x00, 0x00, 0x00, 0x00, 0x00, 0x00, 0x00, 0x00, 0x00, 0x00, 0x00, 0x00, 0x00,
  0x00, 0x00, 0x00, 0x00, 0x00, 0x00, 0x00, 0x00, 0x00, 0x00, 0x00, 0x00, 0x00, 0x00, 0x00, 0x00,
  0x00, 0x00, 0x00, 0x00, 0x00, 0x00, 0x00, 0x00, 0x00, 0x00, 0x00, 0x00, 0x00, 0x00, 0x00, 0x00,
  0x00, 0x00, 0x00, 0x00, 0x00, 0x00, 0x00, 0x00, 0x00, 0x00, 0x00, 0x00, 0x00, 0x00, 0x00, 0x00,
  0x00, 0x00, 0x00, 0x00, 0x00, 0x00, 0x00, 0x00, 0x00, 0x00, 0x00, 0x00, 0x00, 0x00, 0x00, 0x00,
  0x00, 0x00, 0x00, 0x00, 0x00, 0x00, 0x00, 0x00, 0x00, 0x00, 0x00, 0x00, 0x00, 0x00, 0x00, 0x00,
  0x00, 0x00, 0x00, 0x00, 0x00, 0x00, 0x00, 0x00, 0x00, 0x00, 0x00, 0x00, 0x00, 0x00, 0x00, 0x00,
  0x00, 0x00, 0x00, 0x00, 0x00, 0x00, 0x00, 0x00, 0x00, 0x00, 0x00, 0x00, 0x00, 0x00, 0x00, 0x00,
  0x00, 0x00, 0x00, 0x00, 0x00, 0x00, 0x00, 0x05, 0x40, 0x00, 0x00, 0x00, 0x00, 0x00, 0x00, 0x00,
  0x00, 0x00, 0x00, 0x00, 0x00, 0x00, 0x00, 0x3F, 0xBC, 0x00, 0x00, 0x00, 0x00, 0x00, 0x00, 0x00,
  0x00, 0x00, 0x54, 0x00, 0x00, 0x00, 0x00, 0xEA, 0xD6, 0x00, 0x00, 0x00, 0x00, 0x15, 0x00, 0x00,
  0x00, 0x00, 0x40, 0x00, 0x00, 0x00, 0x01, 0x7D, 0x75, 0x80, 0x00, 0x00, 0x00, 0x22, 0x00, 0x00,
  0x00, 0x00, 0x18, 0x00, 0x00, 0x00, 0x01, 0x45, 0x4A, 0x00, 0x00, 0x00, 0x00, 0x08, 0x00, 0x00,
  0x00, 0x00, 0x08, 0x00, 0x00, 0x00, 0x00, 0x00, 0x00, 0x80, 0x00, 0x00, 0x00, 0x10, 0x00, 0x00,
  0x00, 0x00, 0x08, 0x01, 0x55, 0x55, 0x5B, 0x76, 0xDA, 0xBA, 0xAA, 0xAA, 0x80, 0x30, 0x00, 0x00,
  0x00, 0x00, 0x0C, 0x0E, 0xAA, 0xAA, 0xAA, 0x95, 0x55, 0x4A, 0xAA, 0xAA, 0xE8, 0x10, 0x00, 0x00,
  0x00, 0x00, 0x04, 0x3E, 0xDD, 0xDD, 0xDD, 0xEE, 0xEF, 0xFD, 0xDD, 0xDD, 0x74, 0x20, 0x00, 0x00,
  0x00, 0x00, 0x04, 0x45, 0xF7, 0xF7, 0xF7, 0xBF, 0xFD, 0xB7, 0xFF, 0xF7, 0xAA, 0x20, 0x00, 0x00,
  0x00, 0x00, 0x04, 0x37, 0x7E, 0xDE, 0xDE, 0xF6, 0xB7, 0xFE, 0xD6, 0xBF, 0xD4, 0x60, 0x00, 0x00,
  0x00, 0x00, 0x06, 0x57, 0xDB, 0xFF, 0xFB, 0xFF, 0xFE, 0xDB, 0xFF, 0xF6, 0xD4, 0x20, 0x00, 0x00,
  0x00, 0x00, 0x02, 0x2A, 0xFF, 0x6D, 0xBF, 0x5B, 0x6F, 0xBF, 0x76, 0xDF, 0xEA, 0x40, 0x00, 0x00,
  0x00, 0x00, 0x02, 0x57, 0xB7, 0xF5, 0x57, 0xFF, 0xFA, 0xF5, 0x5F, 0xFA, 0xAA, 0x40, 0x00, 0x00,
  0x00, 0x00, 0x03, 0x2B, 0xFD, 0x02, 0x42, 0xD5, 0x5F, 0x81, 0x00, 0xDF, 0xE8, 0xC0, 0x00, 0x00,
  0x00, 0x00, 0x01, 0x2E, 0xAC, 0x7F, 0xFC, 0x7F, 0xF4, 0x3F, 0xFC, 0x36, 0xD6, 0x80, 0x00, 0x00,
  0x00, 0x00, 0x01, 0x53, 0xF1, 0xFF, 0xFF, 0x1B, 0x7A, 0xFF, 0xFF, 0x9F, 0xD0, 0x80, 0x00, 0x00,
  0x00, 0x00, 0x02, 0xAE, 0xD3, 0xFD, 0x7F, 0x9F, 0xD1, 0xFE, 0xBF, 0xC5, 0x6E, 0x90, 0x00, 0x00,
  0x00, 0x00, 0x14, 0x53, 0xC7, 0xE0, 0x1F, 0xC5, 0x67, 0xF0, 0x0F, 0xE7, 0xD1, 0x20, 0x00, 0x00,
  0x00, 0x00, 0x22, 0xAE, 0xCF, 0xE1, 0x07, 0xE7, 0xE7, 0xF1, 0x07, 0xF2, 0xD4, 0x8A, 0x00, 0x00,
  0x00, 0x00, 0x48, 0x47, 0x4F, 0xC8, 0x4F, 0xE6, 0xA7, 0xE4, 0x43, 0xF3, 0xD6, 0x50, 0x00, 0x00,
  0x00, 0x00, 0x12, 0xB5, 0xCF, 0xE2, 0x0F, 0xCF, 0xE7, 0xF0, 0x17, 0xE5, 0x69, 0x0A, 0x00, 0x00,
  0x00, 0x00, 0x44, 0x4B, 0x67, 0xF0, 0x3F, 0xCA, 0xB3, 0xF9, 0x0F, 0xE7, 0xD4, 0x41, 0x00, 0x00,
  0x00, 0x00, 0x21, 0x2B, 0xE3, 0xFF, 0xFF, 0x9F, 0xE9, 0xFF, 0xFF, 0xCD, 0x65, 0x2A, 0x00, 0x00,
  0x00, 0x00, 0x8A, 0x56, 0xB8, 0xFF, 0xFE, 0x35, 0x78, 0x7F, 0xFF, 0x1B, 0xD4, 0x80, 0x00, 0x00,
  0x00, 0x00, 0x20, 0x4B, 0xEE, 0x2F, 0xE8, 0xDF, 0xAF, 0x17, 0xF4, 0x77, 0x6A, 0x2A, 0x00, 0x00,
  0x00, 0x00, 0x0A, 0x56, 0xBB, 0x90, 0x07, 0x75, 0xFB, 0xC8, 0x03, 0xDD, 0xA4, 0x80, 0x00, 0x00,
  0x00, 0x00, 0x40, 0x55, 0xEE, 0xFF, 0x7B, 0xDF, 0xD6, 0xFB, 0xBE, 0xB7, 0x6A, 0x12, 0x00, 0x00,
  0x00, 0x00, 0x12, 0x4B, 0x5B, 0xAA, 0xED, 0x6B, 0x7D, 0xAE, 0xEB, 0xED, 0xD2, 0x40, 0x00, 0x00,
  0x00, 0x00, 0x00, 0x57, 0xF6, 0xF7, 0xBF, 0xBD, 0xD7, 0x7B, 0xBD, 0x7B, 0x54, 0x08, 0x00, 0x00,
  0x00, 0x00, 0x0A, 0x55, 0x5D, 0xAD, 0x52, 0xD6, 0xB5, 0xAA, 0xD7, 0xAE, 0xEA, 0x40, 0x00, 0x00,
  0x00, 0x00, 0x00, 0x26, 0xEB, 0x7A, 0x52, 0x22, 0x44, 0x8A, 0x3D, 0x77, 0xA4, 0x00, 0x00, 0x00,
  0x00, 0x00, 0x00, 0x55, 0xBE, 0xDD, 0xF7, 0xF7, 0xEF, 0xEF, 0xAB, 0xDA, 0xD2, 0x00, 0x00, 0x00,
  0x00, 0x00, 0x00, 0x16, 0xD5, 0xE8, 0xF3, 0xE7, 0xE7, 0xCF, 0x3D, 0x6F, 0x54, 0x00, 0x00, 0x00,
  0x00, 0x00, 0x00, 0x4B, 0x7B, 0x5D, 0xF7, 0xF7, 0xEF, 0xEF, 0xAB, 0xB5, 0xD2, 0x00, 0x00, 0x00,
  0x00, 0x00, 0x00, 0x25, 0xAE, 0xE9, 0xF3, 0xE7, 0xEF, 0xCF, 0x36, 0xDD, 0x48, 0x00, 0x00, 0x00,
  0x00, 0x00, 0x00, 0x2B, 0x75, 0xB4, 0x0A, 0x28, 0x20, 0x51, 0x5B, 0x6B, 0xEA, 0x00, 0x00, 0x00,
  0x00, 0x00, 0x00, 0x56, 0xDB, 0x5F, 0xF5, 0xD7, 0xDF, 0xAE, 0xDD, 0xBD, 0x48, 0x00, 0x00, 0x00,
  0x00, 0x00, 0x00, 0x09, 0xAD, 0xEA, 0xBE, 0xFD, 0x6A, 0xFB, 0x6B, 0x6B, 0xA4, 0x00, 0x00, 0x00,
  0x00, 0x00, 0x00, 0x2E, 0xDA, 0xB6, 0xCB, 0x26, 0xDB, 0x4D, 0xB5, 0xAC, 0x74, 0x00, 0x00, 0x00,
  0x00, 0x00, 0x00, 0x15, 0x25, 0x09, 0x24, 0x91, 0x24, 0xA2, 0x4A, 0x52, 0xB0, 0x00, 0x00, 0x00,
  0x00, 0x00, 0x00, 0x02, 0x52, 0xAA, 0x92, 0x55, 0x52, 0x55, 0x25, 0x25, 0x00, 0x00, 0x00, 0x00,
  0x00, 0x00, 0x00, 0x00, 0x00, 0x00, 0x00, 0x00, 0x00, 0x00, 0x00, 0x00, 0x00, 0x00, 0x00, 0x00,
  0x00, 0x00, 0x00, 0x00, 0x00, 0x00, 0x00, 0x00, 0x00, 0x00, 0x00, 0x00, 0x00, 0x00, 0x00, 0x00,
  0x00, 0x00, 0x00, 0x00, 0x00, 0x00, 0x00, 0x00, 0x00, 0x00, 0x00, 0x00, 0x00, 0x00, 0x00, 0x00,
  0x00, 0x00, 0x00, 0x00, 0x00, 0x00, 0x00, 0x00, 0x00, 0x00, 0x00, 0x00, 0x00, 0x00, 0x00, 0x00,
  0x00, 0x00, 0x00, 0x00, 0x00, 0x00, 0x00, 0x00, 0x00, 0x00, 0x00, 0x00, 0x00, 0x00, 0x00, 0x00,
  0x00, 0x00, 0x00, 0x00, 0x00, 0x00, 0x00, 0x00, 0x00, 0x00, 0x00, 0x00, 0x00, 0x00, 0x00, 0x00,
  0x00, 0x00, 0x00, 0x00, 0x00, 0x00, 0x00, 0x00, 0x00, 0x00, 0x00, 0x00, 0x00, 0x00, 0x00, 0x00,
  0x00, 0x00, 0x00, 0x00, 0x00, 0x00, 0x00, 0x00, 0x00, 0x00, 0x00, 0x00, 0x00, 0x00, 0x00, 0x00,
  0x00, 0x00, 0x00, 0x00, 0x00, 0x00, 0x00, 0x00, 0x00, 0x00, 0x00, 0x00, 0x00, 0x00, 0x00, 0x00,
  0x00, 0x00, 0x00, 0x00, 0x00, 0x00, 0x00, 0x00, 0x00, 0x00, 0x00, 0x00, 0x00, 0x00, 0x00, 0x00,
  0x00, 0x00, 0x00, 0x00, 0x00, 0x00, 0x00, 0x00, 0x00, 0x00, 0x00, 0x00, 0x00, 0x00, 0x00, 0x00
};

const unsigned char gif_frame_45[] PROGMEM = {
  0x00, 0x00, 0x00, 0x00, 0x00, 0x00, 0x00, 0x00, 0x00, 0x00, 0x00, 0x00, 0x00, 0x00, 0x00, 0x00,
  0x00, 0x00, 0x00, 0x00, 0x00, 0x00, 0x00, 0x00, 0x00, 0x00, 0x00, 0x00, 0x00, 0x00, 0x00, 0x00,
  0x00, 0x00, 0x00, 0x00, 0x00, 0x00, 0x00, 0x00, 0x00, 0x00, 0x00, 0x00, 0x00, 0x00, 0x00, 0x00,
  0x00, 0x00, 0x00, 0x00, 0x00, 0x00, 0x00, 0x00, 0x00, 0x00, 0x00, 0x00, 0x00, 0x00, 0x00, 0x00,
  0x00, 0x00, 0x00, 0x00, 0x00, 0x00, 0x00, 0x00, 0x00, 0x00, 0x00, 0x00, 0x00, 0x00, 0x00, 0x00,
  0x00, 0x00, 0x00, 0x00, 0x00, 0x00, 0x00, 0x00, 0x00, 0x00, 0x00, 0x00, 0x00, 0x00, 0x00, 0x00,
  0x00, 0x00, 0x00, 0x00, 0x00, 0x00, 0x00, 0x00, 0x00, 0x00, 0x00, 0x00, 0x00, 0x00, 0x00, 0x00,
  0x00, 0x00, 0x00, 0x00, 0x00, 0x00, 0x00, 0x00, 0x00, 0x00, 0x00, 0x00, 0x00, 0x00, 0x00, 0x00,
  0x00, 0x00, 0x00, 0x00, 0x00, 0x00, 0x00, 0x00, 0x00, 0x00, 0x00, 0x00, 0x00, 0x00, 0x00, 0x00,
  0x00, 0x00, 0x00, 0x00, 0x00, 0x00, 0x00, 0x00, 0x00, 0x00, 0x00, 0x00, 0x00, 0x00, 0x00, 0x00,
  0x00, 0x00, 0x00, 0x00, 0x00, 0x00, 0x00, 0x00, 0x00, 0x00, 0x00, 0x00, 0x00, 0x00, 0x00, 0x00,
  0x00, 0x00, 0x00, 0x00, 0x00, 0x00, 0x00, 0x05, 0x40, 0x00, 0x00, 0x00, 0x00, 0x00, 0x00, 0x00,
  0x00, 0x00, 0x00, 0x00, 0x00, 0x00, 0x00, 0x3F, 0xBC, 0x00, 0x00, 0x00, 0x00, 0x00, 0x00, 0x00,
  0x00, 0x00, 0x54, 0x00, 0x00, 0x00, 0x00, 0xEA, 0xD6, 0x00, 0x00, 0x00, 0x00, 0x15, 0x00, 0x00,
  0x00, 0x00, 0x40, 0x00, 0x00, 0x00, 0x01, 0x7D, 0x75, 0x80, 0x00, 0x00, 0x00, 0x22, 0x00, 0x00,
  0x00, 0x00, 0x18, 0x00, 0x00, 0x00, 0x01, 0x45, 0x4A, 0x00, 0x00, 0x00, 0x00, 0x08, 0x00, 0x00,
  0x00, 0x00, 0x08, 0x00, 0x00, 0x00, 0x00, 0x00, 0x00, 0x80, 0x00, 0x00, 0x00, 0x10, 0x00, 0x00,
  0x00, 0x00, 0x08, 0x01, 0x55, 0x55, 0x5B, 0x76, 0xDA, 0xBA, 0xAA, 0xAA, 0x80, 0x30, 0x00, 0x00,
  0x00, 0x00, 0x0C, 0x0E, 0xAA, 0xAA, 0xAA, 0x95, 0x55, 0x4A, 0xAA, 0xAA, 0xE8, 0x10, 0x00, 0x00,
  0x00, 0x00, 0x04, 0x3E, 0xDD, 0xDD, 0xDD, 0xEE, 0xEF, 0xFD, 0xDD, 0xDD, 0x74, 0x20, 0x00, 0x00,
  0x00, 0x00, 0x04, 0x45, 0xF7, 0xF7, 0xF7, 0xBF, 0xFD, 0xB7, 0xFF, 0xF7, 0xAA, 0x20, 0x00, 0x00,
  0x00, 0x00, 0x04, 0x37, 0x7E, 0xDE, 0xDE, 0xF6, 0xB7, 0xFE, 0xD6, 0xBF, 0xD4, 0x60, 0x00, 0x00,
  0x00, 0x00, 0x06, 0x57, 0xDB, 0xFF, 0xFB, 0xFF, 0xFE, 0xDB, 0xFF, 0xF6, 0xD4, 0x20, 0x00, 0x00,
  0x00, 0x00, 0x02, 0x2A, 0xFF, 0x6D, 0xBF, 0x5B, 0x6F, 0xBF, 0x76, 0xDF, 0xEA, 0x40, 0x00, 0x00,
  0x00, 0x00, 0x02, 0x57, 0xB7, 0xF5, 0x57, 0xFF, 0xFA, 0xF5, 0x5F, 0xFA, 0xAA, 0x40, 0x00, 0x00,
  0x00, 0x00, 0x03, 0x2B, 0xFD, 0x02, 0x42, 0xD5, 0x5F, 0x81, 0x00, 0xDF, 0xE8, 0xC0, 0x00, 0x00,
  0x00, 0x00, 0x01, 0x2E, 0xAC, 0x7F, 0xFC, 0x7F, 0xF4, 0x3F, 0xFC, 0x36, 0xD6, 0x80, 0x00, 0x00,
  0x00, 0x00, 0x01, 0x53, 0xF1, 0xFF, 0xFF, 0x1B, 0x7A, 0xFF, 0xFF, 0x9F, 0xD0, 0x80, 0x00, 0x00,
  0x00, 0x00, 0x02, 0xAE, 0xD3, 0xFD, 0x7F, 0x9F, 0xD1, 0xFE, 0xBF, 0xC5, 0x6E, 0x90, 0x00, 0x00,
  0x00, 0x00, 0x14, 0x53, 0xC7, 0xE0, 0x1F, 0xC5, 0x67, 0xF0, 0x0F, 0xE7, 0xD1, 0x20, 0x00, 0x00,
  0x00, 0x00, 0x22, 0xAE, 0xCF, 0xE1, 0x07, 0xE7, 0xE7, 0xF1, 0x07, 0xF2, 0xD4, 0x8A, 0x00, 0x00,
  0x00, 0x00, 0x48, 0x47, 0x4F, 0xC8, 0x4F, 0xE6, 0xA7, 0xE4, 0x43, 0xF3, 0xD6, 0x50, 0x00, 0x00,
  0x00, 0x00, 0x12, 0xB5, 0xCF, 0xE2, 0x0F, 0xCF, 0xE7, 0xF0, 0x17, 0xE5, 0x69, 0x0A, 0x00, 0x00,
  0x00, 0x00, 0x44, 0x4B, 0x67, 0xF0, 0x3F, 0xCA, 0xB3, 0xF9, 0x0F, 0xE7, 0xD4, 0x41, 0x00, 0x00,
  0x00, 0x00, 0x21, 0x2B, 0xE3, 0xFF, 0xFF, 0x9F, 0xE9, 0xFF, 0xFF, 0xCD, 0x65, 0x2A, 0x00, 0x00,
  0x00, 0x00, 0x8A, 0x56, 0xB8, 0xFF, 0xFE, 0x35, 0x78, 0x7F, 0xFF, 0x1B, 0xD4, 0x80, 0x00, 0x00,
  0x00, 0x00, 0x20, 0x4B, 0xEE, 0x2F, 0xE8, 0xDF, 0xAF, 0x17, 0xF4, 0x77, 0x6A, 0x2A, 0x00, 0x00,
  0x00, 0x00, 0x0A, 0x56, 0xBB, 0x90, 0x07, 0x75, 0xFB, 0xC8, 0x03, 0xDD, 0xA4, 0x80, 0x00, 0x00,
  0x00, 0x00, 0x40, 0x55, 0xEE, 0xFF, 0x7B, 0xDF, 0xD6, 0xFB, 0xBE, 0xB7, 0x6A, 0x12, 0x00, 0x00,
  0x00, 0x00, 0x12, 0x4B, 0x5B, 0xAA, 0xED, 0x6B, 0x7D, 0xAE, 0xEB, 0xED, 0xD2, 0x40, 0x00, 0x00,
  0x00, 0x00, 0x00, 0x57, 0xF6, 0xF7, 0xBF, 0xBD, 0xD7, 0x7B, 0xBD, 0x7B, 0x54, 0x08, 0x00, 0x00,
  0x00, 0x00, 0x0A, 0x55, 0x5D, 0xAD, 0x52, 0xD6, 0xB5, 0xAA, 0xD7, 0xAE, 0xEA, 0x40, 0x00, 0x00,
  0x00, 0x00, 0x00, 0x26, 0xEB, 0x7A, 0x52, 0x22, 0x44, 0x8A, 0x3D, 0x77, 0xA4, 0x00, 0x00, 0x00,
  0x00, 0x00, 0x00, 0x55, 0xBE, 0xDD, 0xF7, 0xF7, 0xEF, 0xEF, 0xAB, 0xDA, 0xD2, 0x00, 0x00, 0x00,
  0x00, 0x00, 0x00, 0x16, 0xD5, 0xE8, 0xF3, 0xE7, 0xE7, 0xCF, 0x3D, 0x6F, 0x54, 0x00, 0x00, 0x00,
  0x00, 0x00, 0x00, 0x4B, 0x7B, 0x5D, 0xF7, 0xF7, 0xEF, 0xEF, 0xAB, 0xB5, 0xD2, 0x00, 0x00, 0x00,
  0x00, 0x00, 0x00, 0x25, 0xAE, 0xE9, 0xF3, 0xE7, 0xEF, 0xCF, 0x36, 0xDD, 0x48, 0x00, 0x00, 0x00,
  0x00, 0x00, 0x00, 0x2B, 0x75, 0xB4, 0x0A, 0x28, 0x20, 0x51, 0x5B, 0x6B, 0xEA, 0x00, 0x00, 0x00,
  0x00, 0x00, 0x00, 0x56, 0xDB, 0x5F, 0xF5, 0xD7, 0xDF, 0xAE, 0xDD, 0xBD, 0x48, 0x00, 0x00, 0x00,
  0x00, 0x00, 0x00, 0x09, 0xAD, 0xEA, 0xBE, 0xFD, 0x6A, 0xFB, 0x6B, 0x6B, 0xA4, 0x00, 0x00, 0x00,
  0x00, 0x00, 0x00, 0x2E, 0xDA, 0xB6, 0xCB, 0x26, 0xDB, 0x4D, 0xB5, 0xAC, 0x74, 0x00, 0x00, 0x00,
  0x00, 0x00, 0x00, 0x15, 0x25, 0x09, 0x24, 0x91, 0x24, 0xA2, 0x4A, 0x52, 0xB0, 0x00, 0x00, 0x00,
  0x00, 0x00, 0x00, 0x02, 0x52, 0xAA, 0x92, 0x55, 0x52, 0x55, 0x25, 0x25, 0x00, 0x00, 0x00, 0x00,
  0x00, 0x00, 0x00, 0x00, 0x00, 0x00, 0x00, 0x00, 0x00, 0x00, 0x00, 0x00, 0x00, 0x00, 0x00, 0x00,
  0x00, 0x00, 0x00, 0x00, 0x00, 0x00, 0x00, 0x00, 0x00, 0x00, 0x00, 0x00, 0x00, 0x00, 0x00, 0x00,
  0x00, 0x00, 0x00, 0x00, 0x00, 0x00, 0x00, 0x00, 0x00, 0x00, 0x00, 0x00, 0x00, 0x00, 0x00, 0x00,
  0x00, 0x00, 0x00, 0x00, 0x00, 0x00, 0x00, 0x00, 0x00, 0x00, 0x00, 0x00, 0x00, 0x00, 0x00, 0x00,
  0x00, 0x00, 0x00, 0x00, 0x00, 0x00, 0x00, 0x00, 0x00, 0x00, 0x00, 0x00, 0x00, 0x00, 0x00, 0x00,
  0x00, 0x00, 0x00, 0x00, 0x00, 0x00, 0x00, 0x00, 0x00, 0x00, 0x00, 0x00, 0x00, 0x00, 0x00, 0x00,
  0x00, 0x00, 0x00, 0x00, 0x00, 0x00, 0x00, 0x00, 0x00, 0x00, 0x00, 0x00, 0x00, 0x00, 0x00, 0x00,
  0x00, 0x00, 0x00, 0x00, 0x00, 0x00, 0x00, 0x00, 0x00, 0x00, 0x00, 0x00, 0x00, 0x00, 0x00, 0x00,
  0x00, 0x00, 0x00, 0x00, 0x00, 0x00, 0x00, 0x00, 0x00, 0x00, 0x00, 0x00, 0x00, 0x00, 0x00, 0x00,
  0x00, 0x00, 0x00, 0x00, 0x00, 0x00, 0x00, 0x00, 0x00, 0x00, 0x00, 0x00, 0x00, 0x00, 0x00, 0x00,
  0x00, 0x00, 0x00, 0x00, 0x00, 0x00, 0x00, 0x00, 0x00, 0x00, 0x00, 0x00, 0x00, 0x00, 0x00, 0x00
};

const unsigned char gif_frame_46[] PROGMEM = {
  0x00, 0x00, 0x00, 0x00, 0x00, 0x00, 0x00, 0x00, 0x00, 0x00, 0x00, 0x00, 0x00, 0x00, 0x00, 0x00,
  0x00, 0x00, 0x00, 0x00, 0x00, 0x00, 0x00, 0x00, 0x00, 0x00, 0x00, 0x00, 0x00, 0x00, 0x00, 0x00,
  0x00, 0x00, 0x00, 0x00, 0x00, 0x00, 0x00, 0x00, 0x00, 0x00, 0x00, 0x00, 0x00, 0x00, 0x00, 0x00,
  0x00, 0x00, 0x00, 0x00, 0x00, 0x00, 0x00, 0x00, 0x00, 0x00, 0x00, 0x00, 0x00, 0x00, 0x00, 0x00,
  0x00, 0x00, 0x00, 0x00, 0x00, 0x00, 0x00, 0x00, 0x00, 0x00, 0x00, 0x00, 0x00, 0x00, 0x00, 0x00,
  0x00, 0x00, 0x00, 0x00, 0x00, 0x00, 0x00, 0x00, 0x00, 0x00, 0x00, 0x00, 0x00, 0x00, 0x00, 0x00,
  0x00, 0x00, 0x00, 0x00, 0x00, 0x00, 0x00, 0x00, 0x00, 0x00, 0x00, 0x00, 0x00, 0x00, 0x00, 0x00,
  0x00, 0x00, 0x00, 0x00, 0x00, 0x00, 0x00, 0x00, 0x00, 0x00, 0x00, 0x00, 0x00, 0x00, 0x00, 0x00,
  0x00, 0x00, 0x00, 0x00, 0x00, 0x00, 0x00, 0x00, 0x00, 0x00, 0x00, 0x00, 0x00, 0x00, 0x00, 0x00,
  0x00, 0x00, 0x00, 0x00, 0x00, 0x00, 0x00, 0x00, 0x00, 0x00, 0x00, 0x00, 0x00, 0x00, 0x00, 0x00,
  0x00, 0x00, 0x00, 0x00, 0x00, 0x00, 0x00, 0x00, 0x00, 0x00, 0x00, 0x00, 0x00, 0x00, 0x00, 0x00,
  0x00, 0x00, 0x00, 0x00, 0x00, 0x00, 0x00, 0x05, 0x40, 0x00, 0x00, 0x00, 0x00, 0x00, 0x00, 0x00,
  0x00, 0x00, 0x00, 0x00, 0x00, 0x00, 0x00, 0x3F, 0xBC, 0x00, 0x00, 0x00, 0x00, 0x00, 0x00, 0x00,
  0x00, 0x00, 0x54, 0x00, 0x00, 0x00, 0x00, 0xEA, 0xD6, 0x00, 0x00, 0x00, 0x00, 0x15, 0x00, 0x00,
  0x00, 0x00, 0x40, 0x00, 0x00, 0x00, 0x01, 0x7D, 0x75, 0x80, 0x00, 0x00, 0x00, 0x22, 0x00, 0x00,
  0x00, 0x00, 0x18, 0x00, 0x00, 0x00, 0x01, 0x45, 0x4A, 0x00, 0x00, 0x00, 0x00, 0x08, 0x00, 0x00,
  0x00, 0x00, 0x08, 0x00, 0x00, 0x00, 0x00, 0x00, 0x00, 0x80, 0x00, 0x00, 0x00, 0x10, 0x00, 0x00,
  0x00, 0x00, 0x08, 0x01, 0x55, 0x55, 0x5B, 0x76, 0xDA, 0xBA, 0xAA, 0xAA, 0x80, 0x30, 0x00, 0x00,
  0x00, 0x00, 0x0C, 0x0E, 0xAA, 0xAA, 0xAA, 0x95, 0x55, 0x4A, 0xAA, 0xAA, 0xE8, 0x10, 0x00, 0x00,
  0x00, 0x00, 0x04, 0x3E, 0xDD, 0xDD, 0xDD, 0xEE, 0xEF, 0xFD, 0xDD, 0xDD, 0x74, 0x20, 0x00, 0x00,
  0x00, 0x00, 0x04, 0x45, 0xF7, 0xF7, 0xF7, 0xBF, 0xFD, 0xB7, 0xFF, 0xF7, 0xAA, 0x20, 0x00, 0x00,
  0x00, 0x00, 0x04, 0x37, 0x7E, 0xDE, 0xDE, 0xF6, 0xB7, 0xFE, 0xD6, 0xBF, 0xD4, 0x60, 0x00, 0x00,
  0x00, 0x00, 0x06, 0x57, 0xDB, 0xFF, 0xFB, 0xFF, 0xFE, 0xDB, 0xFF, 0xF6, 0xD4, 0x20, 0x00, 0x00,
  0x00, 0x00, 0x02, 0x2A, 0xFF, 0x6D, 0xBF, 0x5B, 0x6F, 0xBF, 0x76, 0xDF, 0xEA, 0x40, 0x00, 0x00,
  0x00, 0x00, 0x02, 0x57, 0xB7, 0xF5, 0x57, 0xFF, 0xFA, 0xF5, 0x5F, 0xFA, 0xAA, 0x40, 0x00, 0x00,
  0x00, 0x00, 0x03, 0x2B, 0xFD, 0x02, 0x42, 0xD5, 0x5F, 0x81, 0x00, 0xDF, 0xE8, 0xC0, 0x00, 0x00,
  0x00, 0x00, 0x01, 0x2E, 0xAC, 0x7F, 0xFC, 0x7F, 0xF4, 0x3F, 0xFC, 0x36, 0xD6, 0x80, 0x00, 0x00,
  0x00, 0x00, 0x01, 0x53, 0xF1, 0xFF, 0xFF, 0x1B, 0x7A, 0xFF, 0xFF, 0x9F, 0xD0, 0x80, 0x00, 0x00,
  0x00, 0x00, 0x02, 0xAE, 0xD3, 0xFD, 0x7F, 0x9F, 0xD1, 0xFE, 0xBF, 0xC5, 0x6E, 0x90, 0x00, 0x00,
  0x00, 0x00, 0x14, 0x53, 0xC7, 0xE0, 0x1F, 0xC5, 0x67, 0xF0, 0x0F, 0xE7, 0xD1, 0x20, 0x00, 0x00,
  0x00, 0x00, 0x22, 0xAE, 0xCF, 0xE1, 0x07, 0xE7, 0xE7, 0xF1, 0x07, 0xF2, 0xD4, 0x8A, 0x00, 0x00,
  0x00, 0x00, 0x48, 0x47, 0x4F, 0xC8, 0x4F, 0xE6, 0xA7, 0xE4, 0x43, 0xF3, 0xD6, 0x50, 0x00, 0x00,
  0x00, 0x00, 0x12, 0xB5, 0xCF, 0xE2, 0x0F, 0xCF, 0xE7, 0xF0, 0x17, 0xE5, 0x69, 0x0A, 0x00, 0x00,
  0x00, 0x00, 0x44, 0x4B, 0x67, 0xF0, 0x3F, 0xCA, 0xB3, 0xF9, 0x0F, 0xE7, 0xD4, 0x41, 0x00, 0x00,
  0x00, 0x00, 0x21, 0x2B, 0xE3, 0xFF, 0xFF, 0x9F, 0xE9, 0xFF, 0xFF, 0xCD, 0x65, 0x2A, 0x00, 0x00,
  0x00, 0x00, 0x8A, 0x56, 0xB8, 0xFF, 0xFE, 0x35, 0x78, 0x7F, 0xFF, 0x1B, 0xD4, 0x80, 0x00, 0x00,
  0x00, 0x00, 0x20, 0x4B, 0xEE, 0x2F, 0xE8, 0xDF, 0xAF, 0x17, 0xF4, 0x77, 0x6A, 0x2A, 0x00, 0x00,
  0x00, 0x00, 0x0A, 0x56, 0xBB, 0x90, 0x07, 0x75, 0xFB, 0xC8, 0x03, 0xDD, 0xA4, 0x80, 0x00, 0x00,
  0x00, 0x00, 0x40, 0x55, 0xEE, 0xFF, 0x7B, 0xDF, 0xD6, 0xFB, 0xBE, 0xB7, 0x6A, 0x12, 0x00, 0x00,
  0x00, 0x00, 0x12, 0x4B, 0x5B, 0xAA, 0xED, 0x6B, 0x7D, 0xAE, 0xEB, 0xED, 0xD2, 0x40, 0x00, 0x00,
  0x00, 0x00, 0x00, 0x57, 0xF6, 0xF7, 0xBF, 0xBD, 0xD7, 0x7B, 0xBD, 0x7B, 0x54, 0x08, 0x00, 0x00,
  0x00, 0x00, 0x0A, 0x55, 0x5D, 0xAD, 0x52, 0xD6, 0xB5, 0xAA, 0xD7, 0xAE, 0xEA, 0x40, 0x00, 0x00,
  0x00, 0x00, 0x00, 0x26, 0xEB, 0x7A, 0x52, 0x22, 0x44, 0x8A, 0x3D, 0x77, 0xA4, 0x00, 0x00, 0x00,
  0x00, 0x00, 0x00, 0x55, 0xBE, 0xDD, 0xF7, 0xF7, 0xEF, 0xEF, 0xAB, 0xDA, 0xD2, 0x00, 0x00, 0x00,
  0x00, 0x00, 0x00, 0x16, 0xD5, 0xE8, 0xF3, 0xE7, 0xE7, 0xCF, 0x3D, 0x6F, 0x54, 0x00, 0x00, 0x00,
  0x00, 0x00, 0x00, 0x4B, 0x7B, 0x5D, 0xF7, 0xF7, 0xEF, 0xEF, 0xAB, 0xB5, 0xD2, 0x00, 0x00, 0x00,
  0x00, 0x00, 0x00, 0x25, 0xAE, 0xE9, 0xF3, 0xE7, 0xEF, 0xCF, 0x36, 0xDD, 0x48, 0x00, 0x00, 0x00,
  0x00, 0x00, 0x00, 0x2B, 0x75, 0xB4, 0x0A, 0x28, 0x20, 0x51, 0x5B, 0x6B, 0xEA, 0x00, 0x00, 0x00,
  0x00, 0x00, 0x00, 0x56, 0xDB, 0x5F, 0xF5, 0xD7, 0xDF, 0xAE, 0xDD, 0xBD, 0x48, 0x00, 0x00, 0x00,
  0x00, 0x00, 0x00, 0x09, 0xAD, 0xEA, 0xBE, 0xFD, 0x6A, 0xFB, 0x6B, 0x6B, 0xA4, 0x00, 0x00, 0x00,
  0x00, 0x00, 0x00, 0x2E, 0xDA, 0xB6, 0xCB, 0x26, 0xDB, 0x4D, 0xB5, 0xAC, 0x74, 0x00, 0x00, 0x00,
  0x00, 0x00, 0x00, 0x15, 0x25, 0x09, 0x24, 0x91, 0x24, 0xA2, 0x4A, 0x52, 0xB0, 0x00, 0x00, 0x00,
  0x00, 0x00, 0x00, 0x02, 0x52, 0xAA, 0x92, 0x55, 0x52, 0x55, 0x25, 0x25, 0x00, 0x00, 0x00, 0x00,
  0x00, 0x00, 0x00, 0x00, 0x00, 0x00, 0x00, 0x00, 0x00, 0x00, 0x00, 0x00, 0x00, 0x00, 0x00, 0x00,
  0x00, 0x00, 0x00, 0x00, 0x00, 0x00, 0x00, 0x00, 0x00, 0x00, 0x00, 0x00, 0x00, 0x00, 0x00, 0x00,
  0x00, 0x00, 0x00, 0x00, 0x00, 0x00, 0x00, 0x00, 0x00, 0x00, 0x00, 0x00, 0x00, 0x00, 0x00, 0x00,
  0x00, 0x00, 0x00, 0x00, 0x00, 0x00, 0x00, 0x00, 0x00, 0x00, 0x00, 0x00, 0x00, 0x00, 0x00, 0x00,
  0x00, 0x00, 0x00, 0x00, 0x00, 0x00, 0x00, 0x00, 0x00, 0x00, 0x00, 0x00, 0x00, 0x00, 0x00, 0x00,
  0x00, 0x00, 0x00, 0x00, 0x00, 0x00, 0x00, 0x00, 0x00, 0x00, 0x00, 0x00, 0x00, 0x00, 0x00, 0x00,
  0x00, 0x00, 0x00, 0x00, 0x00, 0x00, 0x00, 0x00, 0x00, 0x00, 0x00, 0x00, 0x00, 0x00, 0x00, 0x00,
  0x00, 0x00, 0x00, 0x00, 0x00, 0x00, 0x00, 0x00, 0x00, 0x00, 0x00, 0x00, 0x00, 0x00, 0x00, 0x00,
  0x00, 0x00, 0x00, 0x00, 0x00, 0x00, 0x00, 0x00, 0x00, 0x00, 0x00, 0x00, 0x00, 0x00, 0x00, 0x00,
  0x00, 0x00, 0x00, 0x00, 0x00, 0x00, 0x00, 0x00, 0x00, 0x00, 0x00, 0x00, 0x00, 0x00, 0x00, 0x00,
  0x00, 0x00, 0x00, 0x00, 0x00, 0x00, 0x00, 0x00, 0x00, 0x00, 0x00, 0x00, 0x00, 0x00, 0x00, 0x00
};

const unsigned char gif_frame_47[] PROGMEM = {
  0x00, 0x00, 0x00, 0x00, 0x00, 0x00, 0x00, 0x00, 0x00, 0x00, 0x00, 0x00, 0x00, 0x00, 0x00, 0x00,
  0x00, 0x00, 0x00, 0x00, 0x00, 0x00, 0x00, 0x00, 0x00, 0x00, 0x00, 0x00, 0x00, 0x00, 0x00, 0x00,
  0x00, 0x00, 0x00, 0x00, 0x00, 0x00, 0x00, 0x00, 0x00, 0x00, 0x00, 0x00, 0x00, 0x00, 0x00, 0x00,
  0x00, 0x00, 0x00, 0x00, 0x00, 0x00, 0x00, 0x00, 0x00, 0x00, 0x00, 0x00, 0x00, 0x00, 0x00, 0x00,
  0x00, 0x00, 0x00, 0x00, 0x00, 0x00, 0x00, 0x00, 0x00, 0x00, 0x00, 0x00, 0x00, 0x00, 0x00, 0x00,
  0x00, 0x00, 0x00, 0x00, 0x00, 0x00, 0x00, 0x00, 0x00, 0x00, 0x00, 0x00, 0x00, 0x00, 0x00, 0x00,
  0x00, 0x00, 0x00, 0x00, 0x00, 0x00, 0x00, 0x00, 0x00, 0x00, 0x00, 0x00, 0x00, 0x00, 0x00, 0x00,
  0x00, 0x00, 0x00, 0x00, 0x00, 0x00, 0x00, 0x00, 0x00, 0x00, 0x00, 0x00, 0x00, 0x00, 0x00, 0x00,
  0x00, 0x00, 0x00, 0x00, 0x00, 0x00, 0x00, 0x00, 0x00, 0x00, 0x00, 0x00, 0x00, 0x00, 0x00, 0x00,
  0x00, 0x00, 0x00, 0x00, 0x00, 0x00, 0x00, 0x00, 0x00, 0x00, 0x00, 0x00, 0x00, 0x00, 0x00, 0x00,
  0x00, 0x00, 0x00, 0x00, 0x00, 0x00, 0x00, 0x00, 0x00, 0x00, 0x00, 0x00, 0x00, 0x00, 0x00, 0x00,
  0x00, 0x00, 0x00, 0x00, 0x00, 0x00, 0x00, 0x05, 0x40, 0x00, 0x00, 0x00, 0x00, 0x00, 0x00, 0x00,
  0x00, 0x00, 0x00, 0x00, 0x00, 0x00, 0x00, 0x3F, 0xBC, 0x00, 0x00, 0x00, 0x00, 0x00, 0x00, 0x00,
  0x00, 0x00, 0x54, 0x00, 0x00, 0x00, 0x00, 0xEA, 0xD6, 0x00, 0x00, 0x00, 0x00, 0x15, 0x00, 0x00,
  0x00, 0x00, 0x40, 0x00, 0x00, 0x00, 0x01, 0x7D, 0x75, 0x80, 0x00, 0x00, 0x00, 0x22, 0x00, 0x00,
  0x00, 0x00, 0x18, 0x00, 0x00, 0x00, 0x01, 0x45, 0x4A, 0x00, 0x00, 0x00, 0x00, 0x08, 0x00, 0x00,
  0x00, 0x00, 0x08, 0x00, 0x00, 0x00, 0x00, 0x00, 0x00, 0x80, 0x00, 0x00, 0x00, 0x10, 0x00, 0x00,
  0x00, 0x00, 0x08, 0x01, 0x55, 0x55, 0x5B, 0x76, 0xDA, 0xBA, 0xAA, 0xAA, 0x80, 0x30, 0x00, 0x00,
  0x00, 0x00, 0x0C, 0x0E, 0xAA, 0xAA, 0xAA, 0x95, 0x55, 0x4A, 0xAA, 0xAA, 0xE8, 0x10, 0x00, 0x00,
  0x00, 0x00, 0x04, 0x3E, 0xDD, 0xDD, 0xDD, 0xEE, 0xEF, 0xFD, 0xDD, 0xDD, 0x74, 0x20, 0x00, 0x00,
  0x00, 0x00, 0x04, 0x45, 0xF7, 0xF7, 0xF7, 0xBF, 0xFD, 0xB7, 0xFF, 0xF7, 0xAA, 0x20, 0x00, 0x00,
  0x00, 0x00, 0x04, 0x37, 0x7E, 0xDE, 0xDE, 0xF6, 0xB7, 0xFE, 0xD6, 0xBF, 0xD4, 0x60, 0x00, 0x00,
  0x00, 0x00, 0x06, 0x57, 0xDB, 0xFF, 0xFB, 0xFF, 0xFE, 0xDB, 0xFF, 0xF6, 0xD4, 0x20, 0x00, 0x00,
  0x00, 0x00, 0x02, 0x2A, 0xFF, 0x6D, 0xBF, 0x5B, 0x6F, 0xBF, 0x76, 0xDF, 0xEA, 0x40, 0x00, 0x00,
  0x00, 0x00, 0x02, 0x57, 0xB7, 0xF5, 0x57, 0xFF, 0xFA, 0xF5, 0x5F, 0xFA, 0xAA, 0x40, 0x00, 0x00,
  0x00, 0x00, 0x03, 0x2B, 0xFD, 0x02, 0x42, 0xD5, 0x5F, 0x81, 0x00, 0xDF, 0xE8, 0xC0, 0x00, 0x00,
  0x00, 0x00, 0x01, 0x2E, 0xAC, 0x7F, 0xFC, 0x7F, 0xF4, 0x3F, 0xFC, 0x36, 0xD6, 0x80, 0x00, 0x00,
  0x00, 0x00, 0x01, 0x53, 0xF1, 0xFF, 0xFF, 0x1B, 0x7A, 0xFF, 0xFF, 0x9F, 0xD0, 0x80, 0x00, 0x00,
  0x00, 0x00, 0x02, 0xAE, 0xD3, 0xFD, 0x7F, 0x9F, 0xD1, 0xFE, 0xBF, 0xC5, 0x6E, 0x90, 0x00, 0x00,
  0x00, 0x00, 0x14, 0x53, 0xC7, 0xE0, 0x1F, 0xC5, 0x67, 0xF0, 0x0F, 0xE7, 0xD1, 0x20, 0x00, 0x00,
  0x00, 0x00, 0x22, 0xAE, 0xCF, 0xE1, 0x07, 0xE7, 0xE7, 0xF1, 0x07, 0xF2, 0xD4, 0x8A, 0x00, 0x00,
  0x00, 0x00, 0x48, 0x47, 0x4F, 0xC8, 0x4F, 0xE6, 0xA7, 0xE4, 0x43, 0xF3, 0xD6, 0x50, 0x00, 0x00,
  0x00, 0x00, 0x12, 0xB5, 0xCF, 0xE2, 0x0F, 0xCF, 0xE7, 0xF0, 0x17, 0xE5, 0x69, 0x0A, 0x00, 0x00,
  0x00, 0x00, 0x44, 0x4B, 0x67, 0xF0, 0x3F, 0xCA, 0xB3, 0xF9, 0x0F, 0xE7, 0xD4, 0x41, 0x00, 0x00,
  0x00, 0x00, 0x21, 0x2B, 0xE3, 0xFF, 0xFF, 0x9F, 0xE9, 0xFF, 0xFF, 0xCD, 0x65, 0x2A, 0x00, 0x00,
  0x00, 0x00, 0x8A, 0x56, 0xB8, 0xFF, 0xFE, 0x35, 0x78, 0x7F, 0xFF, 0x1B, 0xD4, 0x80, 0x00, 0x00,
  0x00, 0x00, 0x20, 0x4B, 0xEE, 0x2F, 0xE8, 0xDF, 0xAF, 0x17, 0xF4, 0x77, 0x6A, 0x2A, 0x00, 0x00,
  0x00, 0x00, 0x0A, 0x56, 0xBB, 0x90, 0x07, 0x75, 0xFB, 0xC8, 0x03, 0xDD, 0xA4, 0x80, 0x00, 0x00,
  0x00, 0x00, 0x40, 0x55, 0xEE, 0xFF, 0x7B, 0xDF, 0xD6, 0xFB, 0xBE, 0xB7, 0x6A, 0x12, 0x00, 0x00,
  0x00, 0x00, 0x12, 0x4B, 0x5B, 0xAA, 0xED, 0x6B, 0x7D, 0xAE, 0xEB, 0xED, 0xD2, 0x40, 0x00, 0x00,
  0x00, 0x00, 0x00, 0x57, 0xF6, 0xF7, 0xBF, 0xBD, 0xD7, 0x7B, 0xBD, 0x7B, 0x54, 0x08, 0x00, 0x00,
  0x00, 0x00, 0x0A, 0x55, 0x5D, 0xAD, 0x52, 0xD6, 0xB5, 0xAA, 0xD7, 0xAE, 0xEA, 0x40, 0x00, 0x00,
  0x00, 0x00, 0x00, 0x26, 0xEB, 0x7A, 0x52, 0x22, 0x44, 0x8A, 0x3D, 0x77, 0xA4, 0x00, 0x00, 0x00,
  0x00, 0x00, 0x00, 0x55, 0xBE, 0xDD, 0xF7, 0xF7, 0xEF, 0xEF, 0xAB, 0xDA, 0xD2, 0x00, 0x00, 0x00,
  0x00, 0x00, 0x00, 0x16, 0xD5, 0xE8, 0xF3, 0xE7, 0xE7, 0xCF, 0x3D, 0x6F, 0x54, 0x00, 0x00, 0x00,
  0x00, 0x00, 0x00, 0x4B, 0x7B, 0x5D, 0xF7, 0xF7, 0xEF, 0xEF, 0xAB, 0xB5, 0xD2, 0x00, 0x00, 0x00,
  0x00, 0x00, 0x00, 0x25, 0xAE, 0xE9, 0xF3, 0xE7, 0xEF, 0xCF, 0x36, 0xDD, 0x48, 0x00, 0x00, 0x00,
  0x00, 0x00, 0x00, 0x2B, 0x75, 0xB4, 0x0A, 0x28, 0x20, 0x51, 0x5B, 0x6B, 0xEA, 0x00, 0x00, 0x00,
  0x00, 0x00, 0x00, 0x56, 0xDB, 0x5F, 0xF5, 0xD7, 0xDF, 0xAE, 0xDD, 0xBD, 0x48, 0x00, 0x00, 0x00,
  0x00, 0x00, 0x00, 0x09, 0xAD, 0xEA, 0xBE, 0xFD, 0x6A, 0xFB, 0x6B, 0x6B, 0xA4, 0x00, 0x00, 0x00,
  0x00, 0x00, 0x00, 0x2E, 0xDA, 0xB6, 0xCB, 0x26, 0xDB, 0x4D, 0xB5, 0xAC, 0x74, 0x00, 0x00, 0x00,
  0x00, 0x00, 0x00, 0x15, 0x25, 0x09, 0x24, 0x91, 0x24, 0xA2, 0x4A, 0x52, 0xB0, 0x00, 0x00, 0x00,
  0x00, 0x00, 0x00, 0x02, 0x52, 0xAA, 0x92, 0x55, 0x52, 0x55, 0x25, 0x25, 0x00, 0x00, 0x00, 0x00,
  0x00, 0x00, 0x00, 0x00, 0x00, 0x00, 0x00, 0x00, 0x00, 0x00, 0x00, 0x00, 0x00, 0x00, 0x00, 0x00,
  0x00, 0x00, 0x00, 0x00, 0x00, 0x00, 0x00, 0x00, 0x00, 0x00, 0x00, 0x00, 0x00, 0x00, 0x00, 0x00,
  0x00, 0x00, 0x00, 0x00, 0x00, 0x00, 0x00, 0x00, 0x00, 0x00, 0x00, 0x00, 0x00, 0x00, 0x00, 0x00,
  0x00, 0x00, 0x00, 0x00, 0x00, 0x00, 0x00, 0x00, 0x00, 0x00, 0x00, 0x00, 0x00, 0x00, 0x00, 0x00,
  0x00, 0x00, 0x00, 0x00, 0x00, 0x00, 0x00, 0x00, 0x00, 0x00, 0x00, 0x00, 0x00, 0x00, 0x00, 0x00,
  0x00, 0x00, 0x00, 0x00, 0x00, 0x00, 0x00, 0x00, 0x00, 0x00, 0x00, 0x00, 0x00, 0x00, 0x00, 0x00,
  0x00, 0x00, 0x00, 0x00, 0x00, 0x00, 0x00, 0x00, 0x00, 0x00, 0x00, 0x00, 0x00, 0x00, 0x00, 0x00,
  0x00, 0x00, 0x00, 0x00, 0x00, 0x00, 0x00, 0x00, 0x00, 0x00, 0x00, 0x00, 0x00, 0x00, 0x00, 0x00,
  0x00, 0x00, 0x00, 0x00, 0x00, 0x00, 0x00, 0x00, 0x00, 0x00, 0x00, 0x00, 0x00, 0x00, 0x00, 0x00,
  0x00, 0x00, 0x00, 0x00, 0x00, 0x00, 0x00, 0x00, 0x00, 0x00, 0x00, 0x00, 0x00, 0x00, 0x00, 0x00,
  0x00, 0x00, 0x00, 0x00, 0x00, 0x00, 0x00, 0x00, 0x00, 0x00, 0x00, 0x00, 0x00, 0x00, 0x00, 0x00
};

const unsigned char* const gif_frames[] PROGMEM = {
  gif_frame_0, gif_frame_1, gif_frame_2, gif_frame_3, gif_frame_4, gif_frame_5, gif_frame_6, gif_frame_7, gif_frame_8, gif_frame_9, gif_frame_10, gif_frame_11, gif_frame_12, gif_frame_13, gif_frame_14, gif_frame_15, gif_frame_16, gif_frame_17, gif_frame_18, gif_frame_19, gif_frame_20, gif_frame_21, gif_frame_22, gif_frame_23, gif_frame_24, gif_frame_25, gif_frame_26, gif_frame_27, gif_frame_28, gif_frame_29, gif_frame_30, gif_frame_31, gif_frame_32, gif_frame_33, gif_frame_34, gif_frame_35, gif_frame_36, gif_frame_37, gif_frame_38, gif_frame_39, gif_frame_40, gif_frame_41, gif_frame_42, gif_frame_43, gif_frame_44, gif_frame_45, gif_frame_46, gif_frame_47
};

#endif
